split,lesion_id,image,n_lesions_on_image,status,k3_rank,k3_detected,k3_pred_y0,k3_pred_y1,k3_pred_x0,k3_pred_x1,box_iou_k3,cand1_y0,cand1_y1,cand1_x0,cand1_x1,cand1_sum,cand1_area,cand2_y0,cand2_y1,cand2_x0,cand2_x1,cand2_sum,cand2_area,cand3_y0,cand3_y1,cand3_x0,cand3_x1,cand3_sum,cand3_area
train,Mass-Training_P_00001_LEFT_CC_1,Mass-Training_P_00001_LEFT_CC,1,ok,1,True,2399.0,2835.0,247.0,646.0,0.7932627003531649,2399,2835,247,646,3515.3659683465958,4022,,,,,,,,,,,,
train,Mass-Training_P_00001_LEFT_MLO_1,Mass-Training_P_00001_LEFT_MLO,1,ok,1,True,2953.0,3211.0,230.0,492.0,0.6906906906906907,2953,3211,230,492,1613.9772433042526,1855,1036.0,1148.0,314.0,436.0,358.5174483060837,487.0,,,,,,
train,Mass-Training_P_00004_LEFT_CC_1,Mass-Training_P_00004_LEFT_CC,1,ok,1,True,3502.0,3904.0,1416.0,1786.0,0.9354263289332858,3502,3904,1416,1786,2292.7306737303734,3830,,,,,,,,,,,,
train,Mass-Training_P_00004_LEFT_MLO_1,Mass-Training_P_00004_LEFT_MLO,1,ok,1,True,3078.0,3459.0,1662.0,2011.0,0.8461538461538461,3078,3459,1662,2011,2592.035098642111,3208,,,,,,,,,,,,
train,Mass-Training_P_00004_RIGHT_MLO_1,Mass-Training_P_00004_RIGHT_MLO,1,ok,1,True,3813.0,4161.0,708.0,1142.0,0.8790035587188612,3813,4161,708,1142,3128.629919797182,3657,,,,,,,,,,,,
train,Mass-Training_P_00018_RIGHT_CC_1,Mass-Training_P_00018_RIGHT_CC,1,ok,1,True,1397.0,1650.0,1908.0,2194.0,0.9358090185676392,1397,1650,1908,2194,2294.714119940996,2442,,,,,,,,,,,,
train,Mass-Training_P_00018_RIGHT_MLO_1,Mass-Training_P_00018_RIGHT_MLO,1,ok,1,True,2136.0,2405.0,1503.0,1749.0,0.78125,2136,2405,1503,1749,1855.0862292945385,2130,,,,,,,,,,,,
train,Mass-Training_P_00021_LEFT_CC_1,Mass-Training_P_00021_LEFT_CC,1,ok,1,True,1190.0,1403.0,900.0,1123.0,0.823404255319149,1190,1403,900,1123,1050.2556530833244,1200,,,,,,,,,,,,
train,Mass-Training_P_00021_LEFT_MLO_1,Mass-Training_P_00021_LEFT_MLO,1,ok,1,True,2128.0,2334.0,1462.0,1684.0,0.9361702127659575,2128,2334,1462,1684,1095.8127257227898,1261,,,,,,,,,,,,
train,Mass-Training_P_00021_RIGHT_CC_1,Mass-Training_P_00021_RIGHT_CC,1,ok,1,True,2184.0,2314.0,1650.0,1795.0,0.8142548596112311,2184,2314,1650,1795,613.525826305151,643,,,,,,,,,,,,
train,Mass-Training_P_00021_RIGHT_MLO_1,Mass-Training_P_00021_RIGHT_MLO,1,ok,1,True,1924.0,2199.0,1088.0,1305.0,0.9621348719798053,1924,2199,1088,1305,1546.7088021934032,1937,,,,,,,,,,,,
train,Mass-Training_P_00026_LEFT_CC_1,Mass-Training_P_00026_LEFT_CC,1,ok,1,True,3746.0,3955.0,2155.0,2338.0,0.8544642857142857,3746,3955,2155,2338,534.0355099141598,630,,,,,,,,,,,,
train,Mass-Training_P_00026_LEFT_MLO_1,Mass-Training_P_00026_LEFT_MLO,1,ok,1,True,4188.0,4374.0,1964.0,2203.0,0.8129803586678053,4188,4374,1964,2203,733.6046706140041,801,,,,,,,,,,,,
train,Mass-Training_P_00034_RIGHT_CC_1,Mass-Training_P_00034_RIGHT_CC,1,ok,1,True,1247.0,1739.0,769.0,1216.0,0.7224347826086956,1247,1739,769,1216,2961.628755480051,3700,,,,,,,,,,,,
train,Mass-Training_P_00034_RIGHT_MLO_1,Mass-Training_P_00034_RIGHT_MLO,1,ok,1,True,2040.0,2382.0,1818.0,2114.0,0.7776669990029911,2040,2382,1818,2114,593.034679621458,1410,,,,,,,,,,,,
train,Mass-Training_P_00039_RIGHT_CC_1,Mass-Training_P_00039_RIGHT_CC,1,ok,1,True,3122.0,3615.0,1103.0,1554.0,0.9019120458891013,3122,3615,1103,1554,6450.690414488316,7045,930.0,1080.0,1882.0,2066.0,354.4901875257492,814.0,,,,,,
train,Mass-Training_P_00039_RIGHT_MLO_1,Mass-Training_P_00039_RIGHT_MLO,1,ok,1,True,3560.0,3996.0,1538.0,2041.0,0.832063395306309,3560,3996,1538,2041,5705.292104512453,6509,839.0,978.0,2664.0,2755.0,246.87791422009468,435.0,,,,,,
train,Mass-Training_P_00044_RIGHT_CC_1,Mass-Training_P_00044_RIGHT_CC,4,ok,3,True,1589.0,1830.0,1018.0,1233.0,0.8571428571428571,3289,3715,2111,2552,5210.125740647316,5635,2131.0,2472.0,1078.0,1489.0,2285.3752615451813,3588.0,1589.0,1830.0,1018.0,1233.0,1181.3920693993568,1538.0
train,Mass-Training_P_00044_RIGHT_CC_2,Mass-Training_P_00044_RIGHT_CC,4,ok,2,True,2131.0,2472.0,1078.0,1489.0,0.6143657666836475,3289,3715,2111,2552,5210.125740647316,5635,2131.0,2472.0,1078.0,1489.0,2285.3752615451813,3588.0,1589.0,1830.0,1018.0,1233.0,1181.3920693993568,1538.0
train,Mass-Training_P_00044_RIGHT_CC_3,Mass-Training_P_00044_RIGHT_CC,4,ok,0,False,,,,,0.0,3289,3715,2111,2552,5210.125740647316,5635,2131.0,2472.0,1078.0,1489.0,2285.3752615451813,3588.0,1589.0,1830.0,1018.0,1233.0,1181.3920693993568,1538.0
train,Mass-Training_P_00044_RIGHT_CC_4,Mass-Training_P_00044_RIGHT_CC,4,ok,1,True,3289.0,3715.0,2111.0,2552.0,0.9225798112963681,3289,3715,2111,2552,5210.125740647316,5635,2131.0,2472.0,1078.0,1489.0,2285.3752615451813,3588.0,1589.0,1830.0,1018.0,1233.0,1181.3920693993568,1538.0
train,Mass-Training_P_00044_RIGHT_MLO_1,Mass-Training_P_00044_RIGHT_MLO,2,ok,1,True,2333.0,2816.0,2061.0,2611.0,0.9144070249927627,2333,2816,2061,2611,6936.134365230799,7706,2760.0,3351.0,802.0,1172.0,4503.835962444544,6044.0,,,,,,
train,Mass-Training_P_00044_RIGHT_MLO_2,Mass-Training_P_00044_RIGHT_MLO,2,ok,2,True,2760.0,3351.0,802.0,1172.0,0.9123033828916182,2333,2816,2061,2611,6936.134365230799,7706,2760.0,3351.0,802.0,1172.0,4503.835962444544,6044.0,,,,,,
train,Mass-Training_P_00045_LEFT_CC_1,Mass-Training_P_00045_LEFT_CC,1,ok,1,True,2853.0,3122.0,2374.0,2682.0,0.865265760197775,2853,3122,2374,2682,1676.2735464572906,1819,,,,,,,,,,,,
train,Mass-Training_P_00045_LEFT_MLO_1,Mass-Training_P_00045_LEFT_MLO,1,ok,1,True,2337.0,2608.0,2280.0,2504.0,0.8383233532934131,2337,2608,2280,2504,1229.1675409078598,1388,,,,,,,,,,,,
train,Mass-Training_P_00046_RIGHT_MLO_1,Mass-Training_P_00046_RIGHT_MLO,1,ok,1,True,2346.0,2734.0,2034.0,2469.0,0.7656297191180912,2346,2734,2034,2469,3728.2932462394238,4453,,,,,,,,,,,,
train,Mass-Training_P_00051_LEFT_CC_1,Mass-Training_P_00051_LEFT_CC,1,ok,1,True,1971.0,2683.0,974.0,1525.0,0.98547062539482,1971,2683,974,1525,9697.010742902756,12007,,,,,,,,,,,,
train,Mass-Training_P_00051_LEFT_MLO_1,Mass-Training_P_00051_LEFT_MLO,1,ok,1,True,3004.0,3703.0,1144.0,1640.0,0.8613309256997185,3004,3703,1144,1640,8831.162715703249,11223,,,,,,,,,,,,
train,Mass-Training_P_00054_RIGHT_MLO_1,Mass-Training_P_00054_RIGHT_MLO,1,ok,1,True,2879.0,3103.0,2514.0,2717.0,0.8735795454545454,2879,3103,2514,2717,1081.3945510983467,1270,,,,,,,,,,,,
train,Mass-Training_P_00055_LEFT_CC_1,Mass-Training_P_00055_LEFT_CC,1,ok,1,True,2559.0,2967.0,920.0,1343.0,0.8726201269265639,2559,2967,920,1343,3080.9985857009888,4286,,,,,,,,,,,,
train,Mass-Training_P_00059_LEFT_CC_1,Mass-Training_P_00059_LEFT_CC,1,ok,1,True,2538.0,2776.0,1125.0,1363.0,0.9069767441860465,2538,2776,1125,1363,941.7795008122921,1007,,,,,,,,,,,,
train,Mass-Training_P_00059_LEFT_MLO_1,Mass-Training_P_00059_LEFT_MLO,1,ok,1,True,3418.0,3628.0,1023.0,1324.0,0.9039256198347108,3418,3628,1023,1324,1039.424386560917,1181,,,,,,,,,,,,
train,Mass-Training_P_00074_LEFT_MLO_1,Mass-Training_P_00074_LEFT_MLO,1,ok,1,True,4469.0,4779.0,2652.0,3026.0,0.912,4469,4779,2652,3026,1975.7886978387833,2253,,,,,,,,,,,,
train,Mass-Training_P_00074_RIGHT_CC_1,Mass-Training_P_00074_RIGHT_CC,1,ok,1,True,5019.0,5190.0,962.0,1114.0,0.7558790593505039,5019,5190,962,1114,402.0032089948654,472,,,,,,,,,,,,
train,Mass-Training_P_00074_RIGHT_MLO_1,Mass-Training_P_00074_RIGHT_MLO,1,ok,1,True,4543.0,4684.0,436.0,604.0,0.8171428571428572,4543,4684,436,604,363.1377855837345,400,,,,,,,,,,,,
train,Mass-Training_P_00079_RIGHT_CC_1,Mass-Training_P_00079_RIGHT_CC,1,ok,1,True,1613.0,2179.0,1899.0,2464.0,0.961997226074896,1613,2179,1899,2464,5568.001439869404,7013,,,,,,,,,,,,
train,Mass-Training_P_00079_RIGHT_MLO_1,Mass-Training_P_00079_RIGHT_MLO,1,ok,1,True,2923.0,3354.0,2065.0,2524.0,0.9545080844066868,2923,3354,2065,2524,3059.247207403183,4402,,,,,,,,,,,,
train,Mass-Training_P_00086_RIGHT_CC_1,Mass-Training_P_00086_RIGHT_CC,1,ok,1,True,3058.0,3243.0,1865.0,2086.0,0.8681564245810056,3058,3243,1865,2086,1122.8208858668804,1220,,,,,,,,,,,,
train,Mass-Training_P_00086_RIGHT_MLO_1,Mass-Training_P_00086_RIGHT_MLO,1,ok,1,True,2656.0,2870.0,2059.0,2268.0,0.8898888300688195,2656,2870,2059,2268,1056.6853688657284,1161,,,,,,,,,,,,
train,Mass-Training_P_00090_LEFT_CC_1,Mass-Training_P_00090_LEFT_CC,1,ok,1,True,1236.0,1502.0,675.0,1043.0,0.8732654949121184,1236,1502,675,1043,2785.3724941313267,3449,,,,,,,,,,,,
train,Mass-Training_P_00090_LEFT_MLO_1,Mass-Training_P_00090_LEFT_MLO,1,ok,1,True,1834.0,2183.0,1028.0,1303.0,0.7771996215704825,1834,2183,1028,1303,1661.4058164060116,2169,,,,,,,,,,,,
train,Mass-Training_P_00092_LEFT_CC_1,Mass-Training_P_00092_LEFT_CC,1,ok,1,True,1561.0,1913.0,56.0,403.0,0.9002961500493584,1561,1913,56,403,4147.619157880545,4401,,,,,,,,,,,,
train,Mass-Training_P_00092_LEFT_MLO_1,Mass-Training_P_00092_LEFT_MLO,2,ok,2,True,576.0,908.0,267.0,558.0,0.972972972972973,2457,2812,207,567,4285.82069966197,4427,576.0,908.0,267.0,558.0,2789.7942898869514,2991.0,,,,,,
train,Mass-Training_P_00092_LEFT_MLO_2,Mass-Training_P_00092_LEFT_MLO,2,ok,1,True,2457.0,2812.0,207.0,567.0,0.9375,2457,2812,207,567,4285.82069966197,4427,576.0,908.0,267.0,558.0,2789.7942898869514,2991.0,,,,,,
train,Mass-Training_P_00092_RIGHT_CC_1,Mass-Training_P_00092_RIGHT_CC,1,ok,2,True,2836.0,2947.0,2482.0,2547.0,0.704,1418,1543,1873,2031,325.00402224063873,714,2836.0,2947.0,2482.0,2547.0,215.84107813239098,315.0,,,,,,
train,Mass-Training_P_00092_RIGHT_MLO_1,Mass-Training_P_00092_RIGHT_MLO,2,ok,2,True,574.0,694.0,1897.0,2017.0,0.50801393728223,2072,2256,1860,2053,1051.0340857207775,1166,574.0,694.0,1897.0,2017.0,353.76780608296394,554.0,,,,,,
train,Mass-Training_P_00092_RIGHT_MLO_2,Mass-Training_P_00092_RIGHT_MLO,2,ok,1,True,2072.0,2256.0,1860.0,2053.0,0.8904040404040404,2072,2256,1860,2053,1051.0340857207775,1166,574.0,694.0,1897.0,2017.0,353.76780608296394,554.0,,,,,,
train,Mass-Training_P_00095_LEFT_CC_1,Mass-Training_P_00095_LEFT_CC,1,ok,1,True,2781.0,3077.0,127.0,415.0,0.7227346717308736,2781,3077,127,415,1091.252268910408,1219,,,,,,,,,,,,
train,Mass-Training_P_00095_LEFT_MLO_1,Mass-Training_P_00095_LEFT_MLO,1,ok,1,True,2841.0,3149.0,596.0,912.0,0.5649072753209701,2841,3149,596,912,1178.1766220331192,1479,,,,,,,,,,,,
train,Mass-Training_P_00096_RIGHT_CC_1,Mass-Training_P_00096_RIGHT_CC,1,ok,1,True,1953.0,2217.0,920.0,1282.0,0.7554945054945055,1953,2217,920,1282,2667.647054851055,2866,3171.0,3303.0,5.0,108.0,212.75242429971695,412.0,,,,,,
train,Mass-Training_P_00096_RIGHT_MLO_1,Mass-Training_P_00096_RIGHT_MLO,1,ok,1,True,4449.0,4729.0,1008.0,1288.0,0.7921440261865794,4449,4729,1008,1288,1184.8028122782707,1317,,,,,,,,,,,,
train,Mass-Training_P_00107_RIGHT_MLO_1,Mass-Training_P_00107_RIGHT_MLO,1,ok,1,True,1814.0,2122.0,1594.0,1824.0,0.9375,1814,2122,1594,1824,1556.9985834360123,1842,497.0,733.0,2798.0,2947.0,880.2091963291168,1077.0,,,,,,
train,Mass-Training_P_00108_LEFT_CC_1,Mass-Training_P_00108_LEFT_CC,1,ok,1,True,1937.0,2131.0,1083.0,1278.0,0.8388157894736842,1937,2131,1083,1278,709.4008466899395,755,,,,,,,,,,,,
train,Mass-Training_P_00108_LEFT_MLO_1,Mass-Training_P_00108_LEFT_MLO,1,ok,1,True,3830.0,3997.0,948.0,1157.0,0.8923076923076924,3830,3997,948,1157,682.3794896006584,717,,,,,,,,,,,,
train,Mass-Training_P_00110_LEFT_CC_1,Mass-Training_P_00110_LEFT_CC,1,ok,1,True,1436.0,2115.0,2225.0,2789.0,0.7374631268436578,1436,2115,2225,2789,7289.908675163984,8574,,,,,,,,,,,,
train,Mass-Training_P_00110_LEFT_MLO_1,Mass-Training_P_00110_LEFT_MLO,1,ok,1,True,2731.0,3576.0,1785.0,2536.0,0.8210350783157644,2731,3576,1785,2536,8486.260917961597,9934,,,,,,,,,,,,
train,Mass-Training_P_00110_RIGHT_CC_1,Mass-Training_P_00110_RIGHT_CC,1,ok,1,True,3605.0,3868.0,753.0,1033.0,0.728225806451613,3605,3868,753,1033,1552.0892151296139,1814,2459.0,2733.0,1318.0,1575.0,915.9428606033325,1673.0,,,,,,
train,Mass-Training_P_00117_LEFT_MLO_1,Mass-Training_P_00117_LEFT_MLO,1,ok,1,True,4096.0,4316.0,1813.0,2076.0,0.790296052631579,4096,4316,1813,2076,769.944087266922,834,,,,,,,,,,,,
train,Mass-Training_P_00119_LEFT_CC_1,Mass-Training_P_00119_LEFT_CC,1,ok,1,True,1992.0,2221.0,1113.0,1348.0,0.9523809523809523,1992,2221,1113,1348,916.8798946142197,1109,,,,,,,,,,,,
train,Mass-Training_P_00119_LEFT_MLO_1,Mass-Training_P_00119_LEFT_MLO,1,ok,1,True,3980.0,4132.0,1482.0,1628.0,0.7207977207977208,3980,4132,1482,1628,429.6193127632141,495,,,,,,,,,,,,
train,Mass-Training_P_00128_LEFT_CC_1,Mass-Training_P_00128_LEFT_CC,1,ok,1,True,2731.0,3280.0,611.0,1297.0,0.8846434433704177,2731,3280,611,1297,5523.047940731049,6988,,,,,,,,,,,,
train,Mass-Training_P_00133_LEFT_CC_1,Mass-Training_P_00133_LEFT_CC,1,ok,1,True,1382.0,1674.0,803.0,1081.0,0.8141414141414142,1382,1674,803,1081,2427.450141131878,2599,,,,,,,,,,,,
train,Mass-Training_P_00133_LEFT_MLO_1,Mass-Training_P_00133_LEFT_MLO,1,ok,1,True,2094.0,2377.0,922.0,1259.0,0.8512162926645295,2094,2377,922,1259,3031.969770759344,3306,,,,,,,,,,,,
train,Mass-Training_P_00134_LEFT_CC_1,Mass-Training_P_00134_LEFT_CC,1,ok,1,True,3700.0,3997.0,1945.0,2261.0,0.6320158102766799,3700,3997,1945,2261,1419.212640285492,1806,,,,,,,,,,,,
train,Mass-Training_P_00134_LEFT_MLO_1,Mass-Training_P_00134_LEFT_MLO,1,ok,1,True,5114.0,5505.0,2496.0,2847.0,0.7732710825795156,5114,5505,2496,2847,1690.198180168867,1894,1815.0,1930.0,2732.0,2840.0,94.41671958565712,228.0,,,,,,
train,Mass-Training_P_00137_LEFT_CC_1,Mass-Training_P_00137_LEFT_CC,1,ok,1,True,2645.0,2854.0,541.0,793.0,0.7628205128205128,2645,2854,541,793,1498.967920333147,1742,,,,,,,,,,,,
train,Mass-Training_P_00137_LEFT_MLO_1,Mass-Training_P_00137_LEFT_MLO,1,ok,1,True,2559.0,2689.0,810.0,945.0,0.8448275862068966,2559,2689,810,945,584.8597566783428,692,,,,,,,,,,,,
train,Mass-Training_P_00146_RIGHT_CC_1,Mass-Training_P_00146_RIGHT_CC,1,ok,1,True,1274.0,1879.0,3390.0,3777.0,0.8766079085278704,1274,1879,3390,3777,3523.3789326548576,3926,,,,,,,,,,,,
train,Mass-Training_P_00146_RIGHT_MLO_1,Mass-Training_P_00146_RIGHT_MLO,1,ok,1,True,1538.0,1919.0,2656.0,3119.0,0.8787588584562345,1538,1919,2656,3119,3063.108674734831,3208,,,,,,,,,,,,
train,Mass-Training_P_00148_RIGHT_CC_1,Mass-Training_P_00148_RIGHT_CC,1,ok,1,True,1516.0,1765.0,1887.0,2132.0,0.9437453737971873,1516,1765,1887,2132,1865.367976486683,2041,,,,,,,,,,,,
train,Mass-Training_P_00148_RIGHT_MLO_1,Mass-Training_P_00148_RIGHT_MLO,1,ok,1,True,2534.0,2865.0,1061.0,1331.0,0.8452323909918543,2534,2865,1061,1331,2566.192042142153,2735,,,,,,,,,,,,
train,Mass-Training_P_00160_LEFT_CC_1,Mass-Training_P_00160_LEFT_CC,1,ok,1,True,1472.0,1657.0,1208.0,1432.0,0.8109072375127421,1472,1657,1208,1432,1250.1230603456497,1379,3975.0,4048.0,147.0,220.0,61.475335001945496,149.0,,,,,,
train,Mass-Training_P_00160_LEFT_MLO_1,Mass-Training_P_00160_LEFT_MLO,1,ok,1,True,2755.0,3026.0,1422.0,1703.0,0.9301267468313292,2755,3026,1422,1703,1790.5309280753136,1912,,,,,,,,,,,,
train,Mass-Training_P_00160_RIGHT_CC_1,Mass-Training_P_00160_RIGHT_CC,1,ok,1,True,322.0,538.0,2609.0,2780.0,0.7608695652173914,322,538,2609,2780,951.6683539450169,1024,3253.0,3328.0,1267.0,1347.0,79.17069214582443,191.0,,,,,,
train,Mass-Training_P_00160_RIGHT_MLO_1,Mass-Training_P_00160_RIGHT_MLO,1,ok,1,True,1945.0,2105.0,2565.0,2770.0,0.6285714285714286,1945,2105,2565,2770,848.6019931733608,960,3865.0,3960.0,1135.0,1220.0,98.84293097257614,236.0,,,,,,
train,Mass-Training_P_00166_RIGHT_CC_1,Mass-Training_P_00166_RIGHT_CC,1,ok,1,True,2532.0,2766.0,728.0,968.0,0.8522427440633246,2532,2766,728,968,938.1199466884136,1017,,,,,,,,,,,,
train,Mass-Training_P_00166_RIGHT_MLO_1,Mass-Training_P_00166_RIGHT_MLO,1,ok,1,True,3924.0,4212.0,1122.0,1322.0,0.8937142857142857,3924,4212,1122,1322,1208.9361473619938,1404,,,,,,,,,,,,
train,Mass-Training_P_00169_RIGHT_MLO_1,Mass-Training_P_00169_RIGHT_MLO,1,ok,1,True,2338.0,2727.0,2568.0,2867.0,0.7903887157618501,2338,2727,2568,2867,2825.3168782293797,3196,,,,,,,,,,,,
train,Mass-Training_P_00172_LEFT_CC_1,Mass-Training_P_00172_LEFT_CC,1,ok,1,True,2695.0,3171.0,1191.0,1707.0,0.7907012906235422,2695,3171,1191,1707,6244.411033123732,8079,847.0,931.0,2082.0,2201.0,169.49411684274673,341.0,,,,,,
train,Mass-Training_P_00172_LEFT_MLO_1,Mass-Training_P_00172_LEFT_MLO,1,ok,1,True,3365.0,3820.0,1248.0,1764.0,0.9405728943993159,3365,3820,1248,1764,6292.478249579668,6916,,,,,,,,,,,,
train,Mass-Training_P_00175_RIGHT_CC_1,Mass-Training_P_00175_RIGHT_CC,1,ok,1,True,1369.0,1658.0,2588.0,2873.0,0.745945945945946,1369,1658,2588,2873,1929.362898260355,2142,,,,,,,,,,,,
train,Mass-Training_P_00175_RIGHT_MLO_1,Mass-Training_P_00175_RIGHT_MLO,1,ok,1,True,1526.0,1819.0,2076.0,2338.0,0.8545343883140597,1526,1819,2076,2338,1904.60964807868,2200,,,,,,,,,,,,
train,Mass-Training_P_00187_LEFT_CC_1,Mass-Training_P_00187_LEFT_CC,1,ok,1,True,3444.0,3725.0,0.0,281.0,0.852728631946175,3444,3725,0,281,2257.1807313263416,2873,,,,,,,,,,,,
train,Mass-Training_P_00187_LEFT_MLO_1,Mass-Training_P_00187_LEFT_MLO,1,ok,1,True,2584.0,2779.0,124.0,347.0,0.8949416342412452,2584,2779,124,347,1075.8381966352463,1412,,,,,,,,,,,,
train,Mass-Training_P_00190_LEFT_MLO_1,Mass-Training_P_00190_LEFT_MLO,1,ok,1,True,4633.0,5153.0,2262.0,2869.0,0.9163636363636364,4633,5153,2262,2869,3781.9931164085865,4021,,,,,,,,,,,,
train,Mass-Training_P_00199_LEFT_CC_1,Mass-Training_P_00199_LEFT_CC,1,ok,1,True,3193.0,3643.0,1805.0,2182.0,0.7676672181517372,3193,3643,1805,2182,2520.9508770108223,2901,,,,,,,,,,,,
train,Mass-Training_P_00199_LEFT_MLO_1,Mass-Training_P_00199_LEFT_MLO,1,ok,1,True,4478.0,4886.0,1695.0,2103.0,0.8366776733553467,4478,4886,1695,2103,2716.1669416725636,2813,,,,,,,,,,,,
train,Mass-Training_P_00206_RIGHT_MLO_1,Mass-Training_P_00206_RIGHT_MLO,1,ok,1,True,2270.0,2893.0,3379.0,3730.0,0.8629759058304212,2270,2893,3379,3730,3802.377774387598,4413,,,,,,,,,,,,
train,Mass-Training_P_00207_LEFT_CC_1,Mass-Training_P_00207_LEFT_CC,3,ok,1,True,2184.0,2387.0,563.0,743.0,0.9096844396082698,2184,2387,563,743,1087.8194281458855,1226,2539.0,2692.0,559.0,711.0,460.35449054837227,883.0,2770.0,2918.0,614.0,762.0,425.1680101454258,727.0
train,Mass-Training_P_00207_LEFT_CC_2,Mass-Training_P_00207_LEFT_CC,3,ok,2,True,2539.0,2692.0,559.0,711.0,0.4693333333333333,2184,2387,563,743,1087.8194281458855,1226,2539.0,2692.0,559.0,711.0,460.35449054837227,883.0,2770.0,2918.0,614.0,762.0,425.1680101454258,727.0
train,Mass-Training_P_00207_LEFT_CC_3,Mass-Training_P_00207_LEFT_CC,3,ok,3,True,2770.0,2918.0,614.0,762.0,0.7833078101071975,2184,2387,563,743,1087.8194281458855,1226,2539.0,2692.0,559.0,711.0,460.35449054837227,883.0,2770.0,2918.0,614.0,762.0,425.1680101454258,727.0
train,Mass-Training_P_00207_LEFT_MLO_1,Mass-Training_P_00207_LEFT_MLO,3,ok,2,True,3384.0,3528.0,716.0,896.0,0.79296875,2438,2655,937,1131,1091.597234904766,1485,3384.0,3528.0,716.0,896.0,725.4661594629288,914.0,3033.0,3154.0,688.0,831.0,292.0190945863724,605.0
train,Mass-Training_P_00207_LEFT_MLO_2,Mass-Training_P_00207_LEFT_MLO,3,ok,3,True,3033.0,3154.0,688.0,831.0,0.5684210526315789,2438,2655,937,1131,1091.597234904766,1485,3384.0,3528.0,716.0,896.0,725.4661594629288,914.0,3033.0,3154.0,688.0,831.0,292.0190945863724,605.0
train,Mass-Training_P_00207_LEFT_MLO_3,Mass-Training_P_00207_LEFT_MLO,3,ok,1,True,2438.0,2655.0,937.0,1131.0,0.813953488372093,2438,2655,937,1131,1091.597234904766,1485,3384.0,3528.0,716.0,896.0,725.4661594629288,914.0,3033.0,3154.0,688.0,831.0,292.0190945863724,605.0
train,Mass-Training_P_00208_RIGHT_MLO_3,Mass-Training_P_00208_RIGHT_MLO,1,ok,1,True,3080.0,3389.0,3605.0,4000.0,0.6785714285714286,3080,3389,3605,4000,1418.7251154780388,1784,,,,,,,,,,,,
train,Mass-Training_P_00215_RIGHT_CC_1,Mass-Training_P_00215_RIGHT_CC,1,ok,1,True,2128.0,2326.0,1496.0,1663.0,0.9523809523809523,2128,2326,1496,1663,773.2632761895657,926,,,,,,,,,,,,
train,Mass-Training_P_00217_LEFT_CC_1,Mass-Training_P_00217_LEFT_CC,1,ok,2,True,3659.0,3869.0,819.0,1072.0,0.7161290322580646,1611,1967,0,291,1436.4783208668232,2797,3659.0,3869.0,819.0,1072.0,970.1596604287624,1345.0,,,,,,
train,Mass-Training_P_00219_RIGHT_CC_1,Mass-Training_P_00219_RIGHT_CC,1,ok,1,True,1206.0,1529.0,2736.0,3043.0,0.6511270491803278,1206,1529,2736,3043,2238.802011460066,2644,,,,,,,,,,,,
train,Mass-Training_P_00221_RIGHT_MLO_1,Mass-Training_P_00221_RIGHT_MLO,1,ok,1,True,3896.0,4046.0,1159.0,1379.0,0.8571428571428571,3896,4046,1159,1379,664.0882503390312,801,,,,,,,,,,,,
train,Mass-Training_P_00224_LEFT_CC_1,Mass-Training_P_00224_LEFT_CC,1,ok,1,True,1566.0,1737.0,709.0,917.0,0.8541448058761805,1566,1737,709,917,919.4728905260563,1244,,,,,,,,,,,,
train,Mass-Training_P_00224_LEFT_MLO_1,Mass-Training_P_00224_LEFT_MLO,1,ok,1,True,1720.0,1934.0,1246.0,1436.0,0.9181395348837209,1720,1934,1246,1436,1231.1524545252323,1382,,,,,,,,,,,,
train,Mass-Training_P_00224_RIGHT_CC_1,Mass-Training_P_00224_RIGHT_CC,1,ok,1,True,1357.0,1740.0,1395.0,1796.0,0.882051282051282,1357,1740,1395,1796,4704.421888560057,5364,,,,,,,,,,,,
train,Mass-Training_P_00224_RIGHT_MLO_1,Mass-Training_P_00224_RIGHT_MLO,1,ok,1,True,2017.0,2540.0,1519.0,1941.0,0.9153810191678354,2017,2540,1519,1941,6141.366496860981,6941,,,,,,,,,,,,
train,Mass-Training_P_00225_RIGHT_CC_1,Mass-Training_P_00225_RIGHT_CC,1,ok,1,True,1711.0,1899.0,846.0,1145.0,0.8074534161490683,1711,1899,846,1145,948.1655569672585,1083,,,,,,,,,,,,
train,Mass-Training_P_00225_RIGHT_MLO_1,Mass-Training_P_00225_RIGHT_MLO,1,ok,1,True,2880.0,3100.0,1842.0,2127.0,0.8266666666666667,2880,3100,1842,2127,998.7407945394516,1154,,,,,,,,,,,,
train,Mass-Training_P_00226_LEFT_CC_1,Mass-Training_P_00226_LEFT_CC,1,ok,1,True,2634.0,3148.0,810.0,1373.0,0.8322475570032574,2634,3148,810,1373,3424.564655035734,4279,,,,,,,,,,,,
train,Mass-Training_P_00226_LEFT_MLO_1,Mass-Training_P_00226_LEFT_MLO,1,ok,1,True,2715.0,3188.0,1223.0,1661.0,0.9005376344086021,2715,3188,1223,1661,2793.1206137239933,2962,,,,,,,,,,,,
train,Mass-Training_P_00229_LEFT_CC_1,Mass-Training_P_00229_LEFT_CC,1,ok,1,True,1005.0,1371.0,0.0,232.0,0.875,1005,1371,0,232,2434.376916497946,2760,,,,,,,,,,,,
train,Mass-Training_P_00229_LEFT_MLO_1,Mass-Training_P_00229_LEFT_MLO,1,ok,1,True,1420.0,1814.0,364.0,712.0,0.8711340206185567,1420,1814,364,712,2665.7549345493317,3607,,,,,,,,,,,,
train,Mass-Training_P_00231_LEFT_CC_1,Mass-Training_P_00231_LEFT_CC,1,ok,1,True,1416.0,1719.0,324.0,607.0,0.9203612479474549,1416,1719,324,607,2252.6333915889263,2461,,,,,,,,,,,,
train,Mass-Training_P_00231_LEFT_MLO_1,Mass-Training_P_00231_LEFT_MLO,1,ok,1,True,1957.0,2261.0,269.0,512.0,0.9005069708491762,1957,2261,269,512,1957.2573362886906,2125,,,,,,,,,,,,
train,Mass-Training_P_00234_LEFT_CC_1,Mass-Training_P_00234_LEFT_CC,1,ok,1,True,2050.0,2674.0,1106.0,1764.0,0.8776495993635278,2050,2674,1106,1764,8786.179174691439,12059,,,,,,,,,,,,
train,Mass-Training_P_00239_RIGHT_CC_1,Mass-Training_P_00239_RIGHT_CC,1,ok,1,True,1339.0,1590.0,1176.0,1408.0,0.9285004965243296,1339,1590,1176,1408,1756.5142857432365,2059,,,,,,,,,,,,
train,Mass-Training_P_00239_RIGHT_MLO_1,Mass-Training_P_00239_RIGHT_MLO,1,ok,1,True,2422.0,2669.0,998.0,1204.0,0.9062385990514411,2422,2669,998,1204,1507.2913533747196,1745,,,,,,,,,,,,
train,Mass-Training_P_00240_RIGHT_CC_1,Mass-Training_P_00240_RIGHT_CC,1,ok,1,True,1432.0,1754.0,2062.0,2369.0,0.9025906735751296,1432,1754,2062,2369,2500.2658963501453,2822,,,,,,,,,,,,
train,Mass-Training_P_00240_RIGHT_MLO_1,Mass-Training_P_00240_RIGHT_MLO,1,ok,1,True,2569.0,2795.0,2133.0,2378.0,0.8498993963782696,2569,2795,2133,2378,1410.8237745761871,1600,,,,,,,,,,,,
train,Mass-Training_P_00241_RIGHT_CC_1,Mass-Training_P_00241_RIGHT_CC,1,ok,1,True,4537.0,4763.0,3572.0,3923.0,0.7710459183673469,4537,4763,3572,3923,939.9193321764469,1048,1439.0,1658.0,4091.0,4201.0,209.02445903420448,318.0,,,,,,
train,Mass-Training_P_00241_RIGHT_MLO_1,Mass-Training_P_00241_RIGHT_MLO,1,ok,1,True,2979.0,3286.0,3433.0,3740.0,0.7009194159004868,2979,3286,3433,3740,1043.3803286254406,1200,,,,,,,,,,,,
train,Mass-Training_P_00242_RIGHT_CC_1,Mass-Training_P_00242_RIGHT_CC,1,ok,1,True,2238.0,2530.0,1164.0,1476.0,0.9132336018411967,2238,2530,1164,1476,2799.2690404057503,2962,,,,,,,,,,,,
train,Mass-Training_P_00242_RIGHT_MLO_1,Mass-Training_P_00242_RIGHT_MLO,1,ok,1,True,1874.0,2141.0,1197.0,1493.0,0.9107142857142857,1874,2141,1197,1493,1972.1808429658413,2246,,,,,,,,,,,,
train,Mass-Training_P_00247_RIGHT_CC_1,Mass-Training_P_00247_RIGHT_CC,1,ok,1,True,2367.0,2665.0,2223.0,2600.0,0.8888888888888888,2367,2665,2223,2600,2971.2516623437405,3360,,,,,,,,,,,,
train,Mass-Training_P_00247_RIGHT_MLO_1,Mass-Training_P_00247_RIGHT_MLO,1,ok,1,True,2214.0,2568.0,1898.0,2271.0,0.9375,2214,2568,1898,2271,3946.9927476644516,4496,,,,,,,,,,,,
train,Mass-Training_P_00248_LEFT_MLO_1,Mass-Training_P_00248_LEFT_MLO,1,ok,1,True,2192.0,2509.0,2467.0,2801.0,0.9743589743589743,2192,2509,2467,2801,1125.4113978743553,1214,,,,,,,,,,,,
train,Mass-Training_P_00259_RIGHT_CC_1,Mass-Training_P_00259_RIGHT_CC,1,ok,1,True,2342.0,2642.0,2055.0,2323.0,0.967741935483871,2342,2642,2055,2323,2422.526382148266,2686,,,,,,,,,,,,
train,Mass-Training_P_00259_RIGHT_MLO_1,Mass-Training_P_00259_RIGHT_MLO,1,ok,1,True,3383.0,3626.0,2260.0,2523.0,0.8065693430656934,3383,3626,2260,2523,1531.774769872427,1769,,,,,,,,,,,,
train,Mass-Training_P_00264_LEFT_CC_1,Mass-Training_P_00264_LEFT_CC,1,ok,1,True,2651.0,2882.0,988.0,1243.0,0.9277899343544858,2651,2882,988,1243,1744.7913109362125,1820,,,,,,,,,,,,
train,Mass-Training_P_00264_LEFT_MLO_1,Mass-Training_P_00264_LEFT_MLO,1,ok,1,True,2156.0,2477.0,892.0,1173.0,0.8435792349726776,2156,2477,892,1173,2218.7878971397877,2424,,,,,,,,,,,,
train,Mass-Training_P_00273_LEFT_CC_1,Mass-Training_P_00273_LEFT_CC,1,ok,1,True,4536.0,4932.0,2959.0,3348.0,0.8014031300593631,4536,4932,2959,3348,2420.9110182523727,2648,,,,,,,,,,,,
train,Mass-Training_P_00279_LEFT_CC_1,Mass-Training_P_00279_LEFT_CC,1,ok,1,True,1160.0,1519.0,1282.0,1653.0,0.832589949449896,1160,1519,1282,1653,2153.7036728560925,2491,4242.0,4300.0,807.0,904.0,35.514241099357605,79.0,4306.0,4338.0,833.0,865.0,11.395975172519684,28.0
train,Mass-Training_P_00283_RIGHT_CC_1,Mass-Training_P_00283_RIGHT_CC,1,ok,1,True,1595.0,2115.0,85.0,469.0,0.9372054128021895,1595,2115,85,469,4259.999088346958,4610,,,,,,,,,,,,
train,Mass-Training_P_00283_RIGHT_MLO_1,Mass-Training_P_00283_RIGHT_MLO,1,ok,1,True,2313.0,2689.0,1678.0,2048.0,0.8498862774829417,2313,2689,1678,2048,2501.3384851515293,2859,4990.0,5187.0,1752.0,2005.0,405.47698575258255,870.0,,,,,,
train,Mass-Training_P_00287_RIGHT_CC_1,Mass-Training_P_00287_RIGHT_CC,1,ok,1,True,991.0,1344.0,1837.0,2223.0,0.9389946315275745,991,1344,1837,2223,3301.0963600873947,3975,,,,,,,,,,,,
train,Mass-Training_P_00287_RIGHT_MLO_1,Mass-Training_P_00287_RIGHT_MLO,1,ok,1,True,2584.0,2865.0,1314.0,1629.0,0.8962734393543793,2584,2865,1314,1629,2303.4341268241405,2805,,,,,,,,,,,,
train,Mass-Training_P_00289_LEFT_CC_1,Mass-Training_P_00289_LEFT_CC,1,ok,1,True,2014.0,2212.0,2631.0,2783.0,0.7559224694903087,2014,2212,2631,2783,686.336754411459,829,,,,,,,,,,,,
train,Mass-Training_P_00289_LEFT_MLO_1,Mass-Training_P_00289_LEFT_MLO,1,ok,1,True,2123.0,2311.0,2075.0,2274.0,0.8769230769230769,2123,2311,2075,2274,1026.7908582091331,1054,,,,,,,,,,,,
train,Mass-Training_P_00294_LEFT_CC_1,Mass-Training_P_00294_LEFT_CC,1,ok,1,True,2909.0,3118.0,666.0,880.0,0.7728758169934641,2909,3118,666,880,1193.3317345380783,1254,,,,,,,,,,,,
train,Mass-Training_P_00294_LEFT_MLO_1,Mass-Training_P_00294_LEFT_MLO,1,ok,1,True,2305.0,2457.0,1274.0,1481.0,0.9459459459459459,2305,2457,1274,1481,885.7404802143574,941,,,,,,,,,,,,
train,Mass-Training_P_00298_LEFT_CC_1,Mass-Training_P_00298_LEFT_CC,1,ok,1,True,2272.0,2486.0,86.0,285.0,0.9534619750283768,2272,2486,86,285,1101.2625785768032,1185,,,,,,,,,,,,
train,Mass-Training_P_00298_LEFT_MLO_1,Mass-Training_P_00298_LEFT_MLO,1,ok,1,True,3868.0,4172.0,294.0,588.0,0.7924819773429455,3868,4172,294,588,1770.8353402018547,2299,1551.0,1719.0,836.0,1060.0,528.7321927249432,978.0,,,,,,
train,Mass-Training_P_00303_LEFT_CC_1,Mass-Training_P_00303_LEFT_CC,1,ok,1,True,3003.0,3159.0,436.0,637.0,0.8269817073170732,3003,3159,436,637,840.4898199439049,936,,,,,,,,,,,,
train,Mass-Training_P_00303_LEFT_MLO_1,Mass-Training_P_00303_LEFT_MLO,1,ok,1,True,2868.0,3069.0,248.0,548.0,0.8005041411595246,2868,3069,248,548,1311.7024202942848,1510,,,,,,,,,,,,
train,Mass-Training_P_00303_RIGHT_CC_1,Mass-Training_P_00303_RIGHT_CC,1,ok,1,True,2274.0,2535.0,2663.0,2898.0,0.6819196428571429,2274,2535,2663,2898,1673.19120195508,1746,,,,,,,,,,,,
train,Mass-Training_P_00303_RIGHT_MLO_1,Mass-Training_P_00303_RIGHT_MLO,1,ok,1,True,2462.0,2769.0,2279.0,2517.0,0.9313304721030042,2462,2769,2279,2517,1976.2035586833954,2137,,,,,,,,,,,,
train,Mass-Training_P_00304_LEFT_MLO_1,Mass-Training_P_00304_LEFT_MLO,1,ok,1,True,1643.0,1925.0,6.0,288.0,0.5522698875468555,1643,1925,6,288,1362.756786942482,1653,,,,,,,,,,,,
train,Mass-Training_P_00309_LEFT_CC_1,Mass-Training_P_00309_LEFT_CC,2,ok,1,True,1237.0,1494.0,165.0,412.0,0.9423076923076923,1237,1494,165,412,1636.464561343193,1715,1948.0,2133.0,93.0,268.0,741.8957858383656,915.0,,,,,,
train,Mass-Training_P_00309_LEFT_CC_2,Mass-Training_P_00309_LEFT_CC,2,ok,2,True,1948.0,2133.0,93.0,268.0,1.0,1237,1494,165,412,1636.464561343193,1715,1948.0,2133.0,93.0,268.0,741.8957858383656,915.0,,,,,,
train,Mass-Training_P_00309_LEFT_MLO_1,Mass-Training_P_00309_LEFT_MLO,2,ok,1,True,2363.0,2773.0,148.0,514.0,0.40511322132943756,2363,2773,148,514,2872.1316738426685,3463,,,,,,,,,,,,
train,Mass-Training_P_00309_LEFT_MLO_2,Mass-Training_P_00309_LEFT_MLO,2,ok,0,False,,,,,0.0,2363,2773,148,514,2872.1316738426685,3463,,,,,,,,,,,,
train,Mass-Training_P_00317_RIGHT_MLO_1,Mass-Training_P_00317_RIGHT_MLO,1,ok,1,True,3482.0,3668.0,1789.0,1992.0,0.7726550079491256,3482,3668,1789,1992,800.3534890413284,886,,,,,,,,,,,,
train,Mass-Training_P_00319_LEFT_CC_1,Mass-Training_P_00319_LEFT_CC,1,ok,1,True,2935.0,3435.0,1545.0,2050.0,0.6439376834499887,2935,3435,1545,2050,3771.045943439007,4909,,,,,,,,,,,,
train,Mass-Training_P_00319_LEFT_MLO_1,Mass-Training_P_00319_LEFT_MLO,1,ok,1,True,3691.0,4172.0,1724.0,2205.0,0.9037145650048876,3691,4172,1724,2205,3583.9452028274536,4629,1142.0,1334.0,2499.0,2753.0,859.6091823279858,1175.0,,,,,,
train,Mass-Training_P_00320_LEFT_CC_1,Mass-Training_P_00320_LEFT_CC,1,ok,1,True,3107.0,3349.0,296.0,591.0,0.9347826086956522,3107,3349,296,591,1764.2476192116737,1875,,,,,,,,,,,,
train,Mass-Training_P_00320_LEFT_MLO_1,Mass-Training_P_00320_LEFT_MLO,1,ok,1,True,2460.0,2802.0,406.0,754.0,0.829102447869447,2460,2802,406,754,2635.551237732172,3001,,,,,,,,,,,,
train,Mass-Training_P_00328_LEFT_MLO_1,Mass-Training_P_00328_LEFT_MLO,1,ok,1,True,1493.0,1880.0,268.0,739.0,0.9010238907849829,1493,1880,268,739,1919.44988322258,2398,,,,,,,,,,,,
train,Mass-Training_P_00328_RIGHT_CC_1,Mass-Training_P_00328_RIGHT_CC,2,ok,1,True,1239.0,1507.0,3450.0,3760.0,0.8267130089374379,1239,1507,3450,3760,1023.925615221262,1233,2443.0,2725.0,3626.0,3852.0,847.3521402478218,910.0,,,,,,
train,Mass-Training_P_00328_RIGHT_CC_2,Mass-Training_P_00328_RIGHT_CC,2,ok,2,True,2443.0,2725.0,3626.0,3852.0,0.8780487804878049,1239,1507,3450,3760,1023.925615221262,1233,2443.0,2725.0,3626.0,3852.0,847.3521402478218,910.0,,,,,,
train,Mass-Training_P_00328_RIGHT_MLO_1,Mass-Training_P_00328_RIGHT_MLO,2,ok,1,True,1521.0,1732.0,2303.0,2549.0,0.7746478873239436,1521,1732,2303,2549,702.990729779005,787,1782.0,2014.0,3021.0,3239.0,484.6442784368992,721.0,,,,,,
train,Mass-Training_P_00328_RIGHT_MLO_2,Mass-Training_P_00328_RIGHT_MLO,2,ok,2,True,1782.0,2014.0,3021.0,3239.0,0.7506726457399103,1521,1732,2303,2549,702.990729779005,787,1782.0,2014.0,3021.0,3239.0,484.6442784368992,721.0,,,,,,
train,Mass-Training_P_00333_RIGHT_CC_1,Mass-Training_P_00333_RIGHT_CC,1,ok,1,True,2333.0,2661.0,1661.0,1923.0,0.7556449809970937,2333,2661,1661,1923,2243.1140071749687,2397,,,,,,,,,,,,
train,Mass-Training_P_00333_RIGHT_MLO_1,Mass-Training_P_00333_RIGHT_MLO,1,ok,1,True,2516.0,2834.0,1445.0,1768.0,0.8487784330244313,2516,2834,1445,1768,2249.3426231741905,3094,991.0,1081.0,1489.0,1594.0,164.38224950432777,306.0,,,,,,
train,Mass-Training_P_00334_LEFT_MLO_1,Mass-Training_P_00334_LEFT_MLO,1,ok,1,True,2696.0,3242.0,574.0,1092.0,0.9194529914529914,2696,3242,574,1092,8966.08597394824,10159,,,,,,,,,,,,
train,Mass-Training_P_00335_LEFT_MLO_1,Mass-Training_P_00335_LEFT_MLO,1,ok,1,True,3665.0,4238.0,1865.0,2408.0,0.8426797516523132,3665,4238,1865,2408,5437.277902901173,6418,,,,,,,,,,,,
train,Mass-Training_P_00342_RIGHT_CC_1,Mass-Training_P_00342_RIGHT_CC,1,ok,1,True,1670.0,1855.0,3519.0,3666.0,0.6722222222222223,1670,1855,3519,3666,357.5438583791256,457,,,,,,,,,,,,
train,Mass-Training_P_00342_RIGHT_MLO_1,Mass-Training_P_00342_RIGHT_MLO,3,ok,0,False,,,,,0.0,1914,2062,2874,3068,492.52220118045807,530,1676.0,1798.0,2642.0,2771.0,163.59505024552345,274.0,,,,,,
train,Mass-Training_P_00342_RIGHT_MLO_2,Mass-Training_P_00342_RIGHT_MLO,3,ok,2,True,1676.0,1798.0,2642.0,2771.0,0.56,1914,2062,2874,3068,492.52220118045807,530,1676.0,1798.0,2642.0,2771.0,163.59505024552345,274.0,,,,,,
train,Mass-Training_P_00342_RIGHT_MLO_3,Mass-Training_P_00342_RIGHT_MLO,3,ok,1,True,1914.0,2062.0,2874.0,3068.0,0.9393939393939394,1914,2062,2874,3068,492.52220118045807,530,1676.0,1798.0,2642.0,2771.0,163.59505024552345,274.0,,,,,,
train,Mass-Training_P_00348_LEFT_CC_1,Mass-Training_P_00348_LEFT_CC,1,ok,1,True,3124.0,3296.0,1267.0,1440.0,0.9166666666666666,3124,3296,1267,1440,733.0757819712162,765,,,,,,,,,,,,
train,Mass-Training_P_00348_LEFT_MLO_1,Mass-Training_P_00348_LEFT_MLO,1,ok,1,True,2719.0,2944.0,1775.0,1979.0,0.9555555555555556,2719,2944,1775,1979,1132.0331655740738,1206,,,,,,,,,,,,
train,Mass-Training_P_00351_LEFT_CC_1,Mass-Training_P_00351_LEFT_CC,1,ok,1,True,2305.0,2660.0,1589.0,1957.0,0.9457729875378915,2305,2660,1589,1957,2021.341142475605,2149,,,,,,,,,,,,
train,Mass-Training_P_00351_LEFT_MLO_1,Mass-Training_P_00351_LEFT_MLO,1,ok,1,True,4134.0,4514.0,1525.0,1938.0,0.9493491794001132,4134,4514,1525,1938,2302.854971587658,2501,,,,,,,,,,,,
train,Mass-Training_P_00356_LEFT_CC_1,Mass-Training_P_00356_LEFT_CC,1,ok,1,True,3824.0,4265.0,2192.0,2747.0,0.8024210981409425,3824,4265,2192,2747,3059.340813577175,3787,,,,,,,,,,,,
train,Mass-Training_P_00363_LEFT_CC_1,Mass-Training_P_00363_LEFT_CC,1,ok,1,True,2165.0,2553.0,199.0,619.0,0.8595995288574794,2165,2553,199,619,4588.730375051498,5202,,,,,,,,,,,,
train,Mass-Training_P_00363_LEFT_MLO_1,Mass-Training_P_00363_LEFT_MLO,1,ok,1,True,2128.0,2594.0,527.0,1083.0,0.8444555945810336,2128,2594,527,1083,6528.798829972744,7890,,,,,,,,,,,,
train,Mass-Training_P_00366_RIGHT_CC_1,Mass-Training_P_00366_RIGHT_CC,1,ok,1,True,3690.0,3891.0,1190.0,1420.0,0.8984700973574409,3690,3891,1190,1420,902.3232572376728,971,,,,,,,,,,,,
train,Mass-Training_P_00366_RIGHT_MLO_1,Mass-Training_P_00366_RIGHT_MLO,1,ok,1,True,4159.0,4342.0,1061.0,1290.0,0.9459459459459459,4159,4342,1061,1290,641.3812426924706,691,,,,,,,,,,,,
train,Mass-Training_P_00370_RIGHT_CC_1,Mass-Training_P_00370_RIGHT_CC,1,ok,1,True,1783.0,1946.0,1206.0,1343.0,0.6515837104072398,1783,1946,1206,1343,283.7436446547508,552,2764.0,2880.0,378.0,519.0,211.6549041569233,457.0,,,,,,
train,Mass-Training_P_00370_RIGHT_MLO_1,Mass-Training_P_00370_RIGHT_MLO,1,ok,1,True,2438.0,2623.0,1517.0,1701.0,0.89546783625731,2438,2623,1517,1701,608.7819565236568,675,,,,,,,,,,,,
train,Mass-Training_P_00376_RIGHT_CC_1,Mass-Training_P_00376_RIGHT_CC,1,ok,1,True,1406.0,1607.0,2356.0,2544.0,0.908080808080808,1406,1607,2356,2544,493.34809947013855,581,,,,,,,,,,,,
train,Mass-Training_P_00376_RIGHT_MLO_1,Mass-Training_P_00376_RIGHT_MLO,4,ok,0,False,,,,,0.0,3355,3538,1868,2071,467.2002118229866,594,496.0,638.0,3613.0,3756.0,167.45769292116165,377.0,,,,,,
train,Mass-Training_P_00376_RIGHT_MLO_2,Mass-Training_P_00376_RIGHT_MLO,4,ok,2,True,496.0,638.0,3613.0,3756.0,0.6205128205128205,3355,3538,1868,2071,467.2002118229866,594,496.0,638.0,3613.0,3756.0,167.45769292116165,377.0,,,,,,
train,Mass-Training_P_00376_RIGHT_MLO_3,Mass-Training_P_00376_RIGHT_MLO,4,ok,0,False,,,,,0.0,3355,3538,1868,2071,467.2002118229866,594,496.0,638.0,3613.0,3756.0,167.45769292116165,377.0,,,,,,
train,Mass-Training_P_00376_RIGHT_MLO_4,Mass-Training_P_00376_RIGHT_MLO,4,ok,1,True,3355.0,3538.0,1868.0,2071.0,1.0,3355,3538,1868,2071,467.2002118229866,594,496.0,638.0,3613.0,3756.0,167.45769292116165,377.0,,,,,,
train,Mass-Training_P_00383_LEFT_MLO_1,Mass-Training_P_00383_LEFT_MLO,1,ok,1,True,3487.0,3911.0,1167.0,1660.0,0.836340206185567,3487,3911,1167,1660,2049.4133460223675,2464,,,,,,,,,,,,
train,Mass-Training_P_00389_LEFT_MLO_1,Mass-Training_P_00389_LEFT_MLO,1,ok,1,True,2439.0,2792.0,1600.0,1964.0,0.958904109589041,2439,2792,1600,1964,3586.0755588412285,3798,,,,,,,,,,,,
train,Mass-Training_P_00396_LEFT_CC_1,Mass-Training_P_00396_LEFT_CC,1,ok,1,True,4761.0,4935.0,3241.0,3448.0,0.8455284552845529,4761,4935,3241,3448,542.946358114481,567,,,,,,,,,,,,
train,Mass-Training_P_00396_LEFT_MLO_1,Mass-Training_P_00396_LEFT_MLO,1,ok,1,True,4270.0,4487.0,3474.0,3664.0,0.8529411764705882,4270,4487,3474,3664,629.1001128852367,742,,,,,,,,,,,,
train,Mass-Training_P_00399_RIGHT_CC_1,Mass-Training_P_00399_RIGHT_CC,1,ok,1,True,3147.0,3442.0,2339.0,2608.0,0.8963878326996197,3147,3442,2339,2608,1186.4842500686646,1266,,,,,,,,,,,,
train,Mass-Training_P_00399_RIGHT_MLO_1,Mass-Training_P_00399_RIGHT_MLO,1,ok,1,True,4366.0,4694.0,2234.0,2504.0,0.8668695321414986,4366,4694,2234,2504,1328.9676513075829,1418,,,,,,,,,,,,
train,Mass-Training_P_00401_LEFT_CC_1,Mass-Training_P_00401_LEFT_CC,1,ok,1,True,3677.0,3820.0,1768.0,1947.0,0.9333333333333333,3677,3820,1768,1947,450.0262274444103,468,,,,,,,,,,,,
train,Mass-Training_P_00401_LEFT_MLO_1,Mass-Training_P_00401_LEFT_MLO,1,ok,1,True,4079.0,4221.0,1582.0,1761.0,0.8298969072164949,4079,4221,1582,1761,485.4964071214199,508,,,,,,,,,,,,
train,Mass-Training_P_00406_RIGHT_CC_1,Mass-Training_P_00406_RIGHT_CC,1,ok,1,True,1836.0,2303.0,616.0,1057.0,0.8806615297876339,1836,2303,616,1057,2869.987471550703,3323,,,,,,,,,,,,
train,Mass-Training_P_00406_RIGHT_MLO_1,Mass-Training_P_00406_RIGHT_MLO,1,ok,1,True,3337.0,3769.0,992.0,1417.0,0.8819625503673857,3337,3769,992,1417,2187.677994519472,2458,,,,,,,,,,,,
train,Mass-Training_P_00408_RIGHT_CC_1,Mass-Training_P_00408_RIGHT_CC,1,ok,1,True,1581.0,2111.0,1765.0,2314.0,0.9034686743748319,1581,2111,1765,2314,8309.866001993418,9348,,,,,,,,,,,,
train,Mass-Training_P_00408_RIGHT_MLO_1,Mass-Training_P_00408_RIGHT_MLO,1,ok,1,True,1994.0,2467.0,1911.0,2370.0,0.8705557473248188,1994,2467,1911,2370,6639.549458384514,7559,,,,,,,,,,,,
train,Mass-Training_P_00411_RIGHT_CC_1,Mass-Training_P_00411_RIGHT_CC,1,ok,1,True,2174.0,2527.0,2058.0,2366.0,0.9628070175438597,2174,2527,2058,2366,1553.3170559108257,2006,,,,,,,,,,,,
train,Mass-Training_P_00411_RIGHT_MLO_1,Mass-Training_P_00411_RIGHT_MLO,1,ok,1,True,3442.0,3668.0,1918.0,2176.0,0.8487636572742956,3442,3668,1918,2176,735.1023911237717,1026,,,,,,,,,,,,
train,Mass-Training_P_00412_RIGHT_CC_1,Mass-Training_P_00412_RIGHT_CC,1,ok,1,True,1297.0,1681.0,2150.0,2667.0,0.8492900608519269,1297,1681,2150,2667,5353.412533968687,5786,,,,,,,,,,,,
train,Mass-Training_P_00412_RIGHT_MLO_1,Mass-Training_P_00412_RIGHT_MLO,1,ok,1,True,2724.0,3063.0,2149.0,2508.0,0.8932146829810901,2724,3063,2149,2508,3250.0633822381496,3446,,,,,,,,,,,,
train,Mass-Training_P_00413_LEFT_CC_1,Mass-Training_P_00413_LEFT_CC,1,ok,1,True,1151.0,1784.0,285.0,955.0,0.9462922057431367,1151,1784,285,955,8300.241041272879,9881,,,,,,,,,,,,
train,Mass-Training_P_00413_LEFT_MLO_1,Mass-Training_P_00413_LEFT_MLO,1,ok,1,True,1755.0,2275.0,1018.0,1544.0,0.8885353389258509,1755,2275,1018,1544,5496.1911081671715,6521,,,,,,,,,,,,
train,Mass-Training_P_00417_RIGHT_CC_1,Mass-Training_P_00417_RIGHT_CC,1,ok,1,True,1545.0,1773.0,2308.0,2503.0,0.851063829787234,1545,1773,2308,2503,1488.9664856493473,1697,,,,,,,,,,,,
train,Mass-Training_P_00417_RIGHT_MLO_1,Mass-Training_P_00417_RIGHT_MLO,1,ok,1,True,1973.0,2246.0,2126.0,2408.0,0.834961439588689,1973,2246,2126,2408,2147.3095332980156,2631,,,,,,,,,,,,
train,Mass-Training_P_00423_RIGHT_CC_1,Mass-Training_P_00423_RIGHT_CC,1,ok,1,True,1487.0,2488.0,1090.0,1958.0,0.8740697427174144,1487,2488,1090,1958,15625.245541095734,23430,,,,,,,,,,,,
train,Mass-Training_P_00426_RIGHT_CC_1,Mass-Training_P_00426_RIGHT_CC,1,ok,1,True,1504.0,1735.0,2326.0,2592.0,0.843469591226321,1504,1735,2326,2592,1414.1506763398647,1831,,,,,,,,,,,,
train,Mass-Training_P_00426_RIGHT_MLO_1,Mass-Training_P_00426_RIGHT_MLO,1,ok,1,True,2401.0,2573.0,1871.0,2088.0,0.924924924924925,2401,2573,1871,2088,987.1567705273628,1152,,,,,,,,,,,,
train,Mass-Training_P_00427_RIGHT_MLO_1,Mass-Training_P_00427_RIGHT_MLO,1,ok,1,True,3427.0,3598.0,1335.0,1518.0,0.8197115384615384,3427,3598,1335,1518,666.6565670073032,793,,,,,,,,,,,,
train,Mass-Training_P_00428_LEFT_CC_1,Mass-Training_P_00428_LEFT_CC,1,ok,1,True,2001.0,2141.0,271.0,450.0,0.8857808857808858,2001,2141,271,450,720.532841950655,767,,,,,,,,,,,,
train,Mass-Training_P_00430_LEFT_CC_1,Mass-Training_P_00430_LEFT_CC,1,ok,1,True,2264.0,2490.0,1527.0,1828.0,0.95,2264,2490,1527,1828,1443.3817950189114,1487,4748.0,4783.0,615.0,633.0,8.816821336746216,21.0,,,,,,
train,Mass-Training_P_00430_LEFT_MLO_1,Mass-Training_P_00430_LEFT_MLO,1,ok,1,True,3142.0,3365.0,2115.0,2380.0,0.9087719298245615,3142,3365,2115,2380,1090.7709386646748,1201,,,,,,,,,,,,
train,Mass-Training_P_00431_RIGHT_CC_1,Mass-Training_P_00431_RIGHT_CC,1,ok,1,True,2477.0,2882.0,2270.0,2639.0,0.8600727272727273,2477,2882,2270,2639,4255.624917834997,4471,3584.0,3792.0,2442.0,2634.0,422.4005128145218,806.0,,,,,,
train,Mass-Training_P_00431_RIGHT_MLO_2,Mass-Training_P_00431_RIGHT_MLO,1,ok,1,True,3237.0,3691.0,1936.0,2561.0,0.9545494505494505,3237,3691,1936,2561,6317.11708560586,6960,,,,,,,,,,,,
train,Mass-Training_P_00436_LEFT_CC_1,Mass-Training_P_00436_LEFT_CC,1,ok,1,True,4145.0,4384.0,186.0,484.0,0.8581235697940504,4145,4384,186,484,1750.8510333001614,1936,,,,,,,,,,,,
train,Mass-Training_P_00436_LEFT_MLO_1,Mass-Training_P_00436_LEFT_MLO,1,ok,1,True,2987.0,3267.0,297.0,582.0,0.91921768707483,2987,3267,297,582,1677.8713687956333,1754,,,,,,,,,,,,
train,Mass-Training_P_00440_RIGHT_MLO_1,Mass-Training_P_00440_RIGHT_MLO,1,ok,1,True,2274.0,2568.0,872.0,1166.0,0.740487514863258,2274,2568,872,1166,2187.376930743456,2459,,,,,,,,,,,,
train,Mass-Training_P_00444_LEFT_CC_1,Mass-Training_P_00444_LEFT_CC,1,ok,1,True,2814.0,3005.0,2372.0,2558.0,0.95,2814,3005,2372,2558,974.9301749765873,1013,,,,,,,,,,,,
train,Mass-Training_P_00444_LEFT_MLO_1,Mass-Training_P_00444_LEFT_MLO,1,ok,1,True,2499.0,2670.0,2343.0,2569.0,0.8970873786407767,2499,2670,2343,2569,943.2613399028778,1005,,,,,,,,,,,,
train,Mass-Training_P_00471_RIGHT_CC_1,Mass-Training_P_00471_RIGHT_CC,1,ok,1,True,3005.0,3306.0,1586.0,1865.0,0.9097719869706841,3005,3306,1586,1865,2058.4405285716057,2226,,,,,,,,,,,,
train,Mass-Training_P_00471_RIGHT_MLO_1,Mass-Training_P_00471_RIGHT_MLO,1,ok,1,True,3008.0,3275.0,1452.0,1758.0,0.8554385964912281,3008,3275,1452,1758,1711.073648482561,1856,,,,,,,,,,,,
train,Mass-Training_P_00475_LEFT_MLO_1,Mass-Training_P_00475_LEFT_MLO,1,ok,1,True,1393.0,1610.0,689.0,954.0,0.695697074010327,1393,1610,689,954,1517.1120029389858,1820,,,,,,,,,,,,
train,Mass-Training_P_00475_RIGHT_MLO_1,Mass-Training_P_00475_RIGHT_MLO,1,ok,1,True,1200.0,1394.0,1997.0,2173.0,0.8571428571428571,1200,1394,1997,2173,1030.9625809788704,1119,,,,,,,,,,,,
train,Mass-Training_P_00484_RIGHT_CC_1,Mass-Training_P_00484_RIGHT_CC,1,ok,1,True,1841.0,2314.0,1462.0,1935.0,0.9017126789366053,1841,2314,1462,1935,4140.897185117006,4900,,,,,,,,,,,,
train,Mass-Training_P_00487_RIGHT_CC_1,Mass-Training_P_00487_RIGHT_CC,1,ok,1,True,2879.0,3048.0,1674.0,1884.0,0.884313725490196,2879,3048,1674,1884,803.1619390547276,901,,,,,,,,,,,,
train,Mass-Training_P_00487_RIGHT_MLO_1,Mass-Training_P_00487_RIGHT_MLO,1,ok,1,True,3790.0,4001.0,1737.0,1963.0,0.8528665651953323,3790,4001,1737,1963,1001.8687599897385,1145,,,,,,,,,,,,
train,Mass-Training_P_00488_LEFT_CC_1,Mass-Training_P_00488_LEFT_CC,1,ok,1,True,1947.0,2081.0,712.0,874.0,0.9109947643979057,1947,2081,712,874,665.8357234895229,750,,,,,,,,,,,,
train,Mass-Training_P_00488_LEFT_MLO_1,Mass-Training_P_00488_LEFT_MLO,1,ok,1,True,3053.0,3249.0,567.0,864.0,0.8768115942028986,3053,3249,567,864,1421.9918715059757,1942,,,,,,,,,,,,
train,Mass-Training_P_00495_RIGHT_CC_1,Mass-Training_P_00495_RIGHT_CC,1,ok,1,True,1394.0,1794.0,2226.0,2772.0,0.735686274509804,1394,1794,2226,2772,4625.742258042097,5499,,,,,,,,,,,,
train,Mass-Training_P_00495_RIGHT_MLO_2,Mass-Training_P_00495_RIGHT_MLO,1,ok,1,True,1962.0,2450.0,1807.0,2289.0,0.8898809523809523,1962,2450,1807,2289,5525.897521138191,6531,,,,,,,,,,,,
train,Mass-Training_P_00496_LEFT_CC_1,Mass-Training_P_00496_LEFT_CC,1,ok,1,True,2227.0,2374.0,373.0,503.0,0.8518518518518519,2227,2374,373,503,426.67524933815,458,,,,,,,,,,,,
train,Mass-Training_P_00496_LEFT_MLO_1,Mass-Training_P_00496_LEFT_MLO,1,ok,1,True,2551.0,2790.0,776.0,1015.0,0.8138461538461539,2551,2790,776,1015,954.1294099092484,1520,,,,,,,,,,,,
train,Mass-Training_P_00504_RIGHT_MLO_1,Mass-Training_P_00504_RIGHT_MLO,1,ok,1,True,5115.0,5334.0,1136.0,1395.0,0.8354430379746836,5115,5334,1136,1395,890.6294450461864,987,,,,,,,,,,,,
train,Mass-Training_P_00506_LEFT_MLO_1,Mass-Training_P_00506_LEFT_MLO,1,ok,1,True,768.0,932.0,526.0,711.0,0.8275862068965517,768,932,526,711,381.42384576797485,487,,,,,,,,,,,,
train,Mass-Training_P_00512_RIGHT_CC_1,Mass-Training_P_00512_RIGHT_CC,1,ok,1,True,2463.0,2705.0,2457.0,2678.0,0.2826086956521739,2463,2705,2457,2678,918.1129152476788,1339,,,,,,,,,,,,
train,Mass-Training_P_00512_RIGHT_MLO_1,Mass-Training_P_00512_RIGHT_MLO,1,ok,1,True,2455.0,2706.0,2319.0,2597.0,0.8079338842975207,2455,2706,2319,2597,1563.8084150254726,1660,,,,,,,,,,,,
train,Mass-Training_P_00517_LEFT_CC_1,Mass-Training_P_00517_LEFT_CC,1,ok,1,True,805.0,1505.0,89.0,584.0,0.7815484060525929,805,1505,89,584,6315.503279596567,8241,,,,,,,,,,,,
train,Mass-Training_P_00517_LEFT_MLO_1,Mass-Training_P_00517_LEFT_MLO,1,ok,1,True,496.0,1119.0,385.0,913.0,0.9394208993853121,496,1119,385,913,6711.859832555056,8106,,,,,,,,,,,,
train,Mass-Training_P_00518_LEFT_CC_1,Mass-Training_P_00518_LEFT_CC,1,ok,1,True,1780.0,1993.0,1354.0,1577.0,0.9777777777777777,1780,1993,1354,1577,1044.658638715744,1164,,,,,,,,,,,,
train,Mass-Training_P_00518_LEFT_MLO_1,Mass-Training_P_00518_LEFT_MLO,1,ok,1,True,3408.0,3632.0,1093.0,1344.0,0.8534850640113798,3408,3632,1093,1344,985.929345369339,1081,,,,,,,,,,,,
train,Mass-Training_P_00526_RIGHT_CC_1,Mass-Training_P_00526_RIGHT_CC,1,ok,1,True,1891.0,2108.0,1201.0,1507.0,0.9527777777777777,1891,2108,1201,1507,950.0026063323021,1152,,,,,,,,,,,,
train,Mass-Training_P_00526_RIGHT_MLO_1,Mass-Training_P_00526_RIGHT_MLO,1,ok,1,True,3093.0,3371.0,1364.0,1649.0,0.8695652173913043,3093,3371,1364,1649,1009.2769048810005,1275,,,,,,,,,,,,
train,Mass-Training_P_00528_LEFT_MLO_1,Mass-Training_P_00528_LEFT_MLO,2,ok,0,False,,,,,0.0,1654,1870,122,385,961.9552513957024,1024,,,,,,,,,,,,
train,Mass-Training_P_00528_LEFT_MLO_2,Mass-Training_P_00528_LEFT_MLO,2,ok,1,True,1654.0,1870.0,122.0,385.0,0.8943089430894309,1654,1870,122,385,961.9552513957024,1024,,,,,,,,,,,,
train,Mass-Training_P_00528_RIGHT_CC_1,Mass-Training_P_00528_RIGHT_CC,1,ok,1,True,1176.0,1554.0,3190.0,3589.0,0.9193320124540051,1176,1554,3190,3589,2245.8558009564877,2381,,,,,,,,,,,,
train,Mass-Training_P_00528_RIGHT_MLO_1,Mass-Training_P_00528_RIGHT_MLO,1,ok,1,True,2653.0,2990.0,2899.0,3263.0,0.9645758856028599,2653,2990,2899,3263,2060.016073077917,2229,,,,,,,,,,,,
train,Mass-Training_P_00532_LEFT_CC_1,Mass-Training_P_00532_LEFT_CC,1,ok,1,True,2225.0,2561.0,1968.0,2253.0,0.9444444444444444,2225,2561,1968,2253,1950.1802633702755,2119,,,,,,,,,,,,
train,Mass-Training_P_00534_LEFT_CC_1,Mass-Training_P_00534_LEFT_CC,1,ok,1,True,2651.0,2888.0,1148.0,1376.0,0.9626068376068376,2651,2888,1148,1376,1863.2695083916187,2024,,,,,,,,,,,,
train,Mass-Training_P_00534_LEFT_MLO_1,Mass-Training_P_00534_LEFT_MLO,1,ok,1,True,3065.0,3324.0,1050.0,1332.0,0.8082788671023965,3065,3324,1050,1332,2289.8664380311966,2476,,,,,,,,,,,,
train,Mass-Training_P_00539_RIGHT_CC_1,Mass-Training_P_00539_RIGHT_CC,1,ok,1,True,2732.0,3394.0,2011.0,2779.0,0.716832016142593,2732,3394,2011,2779,6318.222273170948,7614,,,,,,,,,,,,
train,Mass-Training_P_00539_RIGHT_MLO_1,Mass-Training_P_00539_RIGHT_MLO,1,ok,1,True,2411.0,2743.0,1824.0,2142.0,0.8152173913043478,2411,2743,1824,2142,1441.03336840868,1616,,,,,,,,,,,,
train,Mass-Training_P_00543_RIGHT_CC_1,Mass-Training_P_00543_RIGHT_CC,1,ok,1,True,1631.0,1930.0,848.0,1152.0,0.8168789808917197,1631,1930,848,1152,1649.9267558157444,2235,,,,,,,,,,,,
train,Mass-Training_P_00543_RIGHT_MLO_1,Mass-Training_P_00543_RIGHT_MLO,1,ok,1,True,2032.0,2498.0,770.0,1191.0,0.8173076923076923,2032,2498,770,1191,3281.4432849884033,4332,,,,,,,,,,,,
train,Mass-Training_P_00549_LEFT_CC_1,Mass-Training_P_00549_LEFT_CC,1,ok,1,True,2361.0,2585.0,1066.0,1307.0,0.8333333333333334,2361,2585,1066,1307,952.5125171244144,1215,,,,,,,,,,,,
train,Mass-Training_P_00549_LEFT_MLO_1,Mass-Training_P_00549_LEFT_MLO,1,ok,1,True,3629.0,3804.0,1167.0,1412.0,0.7772594752186589,3629,3804,1167,1412,853.8846489787102,993,,,,,,,,,,,,
train,Mass-Training_P_00550_RIGHT_MLO_1,Mass-Training_P_00550_RIGHT_MLO,1,ok,1,True,2762.0,2960.0,1292.0,1555.0,0.9024390243902439,2762,2960,1292,1555,1234.9629574120045,1461,,,,,,,,,,,,
train,Mass-Training_P_00553_LEFT_CC_1,Mass-Training_P_00553_LEFT_CC,1,ok,1,True,1362.0,1556.0,65.0,323.0,0.869628024557602,1362,1556,65,323,1359.6870444417,1530,,,,,,,,,,,,
train,Mass-Training_P_00553_LEFT_MLO_1,Mass-Training_P_00553_LEFT_MLO,1,ok,1,True,1308.0,1562.0,311.0,537.0,0.9274516952242071,1308,1562,311,537,1483.4821979403496,1564,,,,,,,,,,,,
train,Mass-Training_P_00559_LEFT_CC_1,Mass-Training_P_00559_LEFT_CC,1,ok,1,True,3080.0,3298.0,1533.0,1758.0,0.9109004739336493,3080,3298,1533,1758,586.480302810669,631,,,,,,,,,,,,
train,Mass-Training_P_00559_LEFT_MLO_1,Mass-Training_P_00559_LEFT_MLO,1,ok,1,True,2649.0,2853.0,2073.0,2221.0,0.9090909090909091,2649,2853,2073,2221,423.5844243466854,485,,,,,,,,,,,,
train,Mass-Training_P_00560_RIGHT_MLO_1,Mass-Training_P_00560_RIGHT_MLO,1,ok,1,True,3846.0,4088.0,1764.0,2027.0,0.8644711842938568,3846,4088,1764,2027,759.1051916182041,815,,,,,,,,,,,,
train,Mass-Training_P_00566_RIGHT_CC_1,Mass-Training_P_00566_RIGHT_CC,1,ok,1,True,2118.0,2633.0,531.0,1061.0,0.9620792887598657,2118,2633,531,1061,6632.490378677845,7347,,,,,,,,,,,,
train,Mass-Training_P_00566_RIGHT_MLO_1,Mass-Training_P_00566_RIGHT_MLO,1,ok,1,True,2361.0,2774.0,933.0,1392.0,0.8909090909090909,2361,2774,933,1392,4137.808901041746,4580,,,,,,,,,,,,
train,Mass-Training_P_00568_LEFT_CC_1,Mass-Training_P_00568_LEFT_CC,1,ok,1,True,2544.0,3314.0,692.0,1413.0,0.9245178384373652,2544,3314,692,1413,11728.55228599906,12416,,,,,,,,,,,,
train,Mass-Training_P_00568_LEFT_MLO_1,Mass-Training_P_00568_LEFT_MLO,1,ok,1,True,2220.0,2987.0,1223.0,1989.0,0.8816805314501167,2220,2987,1223,1989,11176.964674830437,12427,,,,,,,,,,,,
train,Mass-Training_P_00572_RIGHT_CC_1,Mass-Training_P_00572_RIGHT_CC,1,ok,1,True,1652.0,2114.0,224.0,729.0,0.8922695913674156,1652,2114,224,729,5811.158120661974,7117,,,,,,,,,,,,
train,Mass-Training_P_00572_RIGHT_MLO_1,Mass-Training_P_00572_RIGHT_MLO,1,ok,1,True,3421.0,3732.0,434.0,692.0,0.9076923076923077,3421,3732,434,692,1645.486095994711,1989,,,,,,,,,,,,
train,Mass-Training_P_00573_RIGHT_MLO_1,Mass-Training_P_00573_RIGHT_MLO,2,ok,2,True,152.0,516.0,2542.0,2827.0,0.9733333333333334,2085,2488,1819,2237,2261.889642894268,4906,152.0,516.0,2542.0,2827.0,1858.1168329417706,3184.0,1096.0,1278.0,2365.0,2596.0,1090.9494500756264,1456.0
train,Mass-Training_P_00573_RIGHT_MLO_2,Mass-Training_P_00573_RIGHT_MLO,2,ok,3,True,1096.0,1278.0,2365.0,2596.0,0.6481149012567325,2085,2488,1819,2237,2261.889642894268,4906,152.0,516.0,2542.0,2827.0,1858.1168329417706,3184.0,1096.0,1278.0,2365.0,2596.0,1090.9494500756264,1456.0
train,Mass-Training_P_00575_RIGHT_MLO_1,Mass-Training_P_00575_RIGHT_MLO,1,ok,1,True,725.0,1085.0,1907.0,2249.0,0.9138155751058977,725,1085,1907,2249,3497.7049479186535,3967,,,,,,,,,,,,
train,Mass-Training_P_00577_RIGHT_CC_1,Mass-Training_P_00577_RIGHT_CC,1,ok,1,True,1742.0,1993.0,2749.0,3082.0,0.9032258064516129,1742,1993,2749,3082,1775.3950859606266,2027,,,,,,,,,,,,
train,Mass-Training_P_00577_RIGHT_MLO_1,Mass-Training_P_00577_RIGHT_MLO,1,ok,1,True,2741.0,2963.0,2735.0,2995.0,0.8245192307692307,2741,2963,2735,2995,1312.9228221476078,1538,,,,,,,,,,,,
train,Mass-Training_P_00581_LEFT_MLO_1,Mass-Training_P_00581_LEFT_MLO,1,ok,1,True,1908.0,2226.0,378.0,624.0,0.9253365973072215,1908,2226,378,624,1397.7163550555706,1496,,,,,,,,,,,,
train,Mass-Training_P_00584_LEFT_MLO_1,Mass-Training_P_00584_LEFT_MLO,1,ok,1,True,2671.0,3015.0,377.0,782.0,1.0,2671,3015,377,782,3919.822485536337,4437,,,,,,,,,,,,
train,Mass-Training_P_00596_LEFT_CC_1,Mass-Training_P_00596_LEFT_CC,1,ok,1,True,1806.0,2134.0,0.0,363.0,0.7091194968553459,1806,2134,0,363,1659.0807465314865,1826,,,,,,,,,,,,
train,Mass-Training_P_00596_LEFT_MLO_1,Mass-Training_P_00596_LEFT_MLO,1,ok,1,True,2669.0,2968.0,405.0,730.0,0.8381924198250729,2669,2968,405,730,1573.9277292191982,1639,,,,,,,,,,,,
train,Mass-Training_P_00596_RIGHT_CC_1,Mass-Training_P_00596_RIGHT_CC,1,ok,1,True,1356.0,1595.0,3522.0,3610.0,0.6794425087108014,1356,1595,3522,3610,165.90547034144402,395,,,,,,,,,,,,
train,Mass-Training_P_00596_RIGHT_MLO_1,Mass-Training_P_00596_RIGHT_MLO,1,ok,1,True,2401.0,2628.0,2848.0,3113.0,0.8042553191489362,2401,2628,2848,3113,988.1858961284161,1065,,,,,,,,,,,,
train,Mass-Training_P_00604_LEFT_CC_1,Mass-Training_P_00604_LEFT_CC,1,ok,1,True,1012.0,1261.0,3485.0,3748.0,0.8717948717948718,1012,1261,3485,3748,958.1954703330994,1094,,,,,,,,,,,,
train,Mass-Training_P_00604_LEFT_MLO_1,Mass-Training_P_00604_LEFT_MLO,1,ok,1,True,1587.0,1855.0,2652.0,2972.0,0.6619385342789598,1587,1855,2652,2972,945.8755530416965,1183,,,,,,,,,,,,
train,Mass-Training_P_00607_RIGHT_CC_1,Mass-Training_P_00607_RIGHT_CC,1,ok,2,True,2888.0,3016.0,869.0,1021.0,0.7647783251231527,1791,1978,1464,1645,508.71209385991096,765,2888.0,3016.0,869.0,1021.0,183.6078386604786,360.0,,,,,,
train,Mass-Training_P_00607_RIGHT_MLO_1,Mass-Training_P_00607_RIGHT_MLO,1,ok,3,True,4621.0,4783.0,982.0,1131.0,0.7137254901960784,3891,4071,1401,1580,463.54253375530243,630,2317.0,2472.0,2550.0,2712.0,337.47121599316597,598.0,4621.0,4783.0,982.0,1131.0,214.3958678841591,509.0
train,Mass-Training_P_00611_RIGHT_CC_1,Mass-Training_P_00611_RIGHT_CC,1,ok,1,True,1581.0,1901.0,2455.0,2776.0,0.8055181695827726,1581,1901,2455,2776,2445.137542039156,2780,,,,,,,,,,,,
train,Mass-Training_P_00611_RIGHT_MLO_1,Mass-Training_P_00611_RIGHT_MLO,1,ok,1,True,2232.0,2505.0,1841.0,2067.0,0.963716514072567,2232,2505,1841,2067,1932.8247278630733,2099,,,,,,,,,,,,
train,Mass-Training_P_00617_RIGHT_MLO_1,Mass-Training_P_00617_RIGHT_MLO,1,ok,1,True,1800.0,1920.0,2700.0,2810.0,0.8190883190883191,1800,1920,2700,2810,315.2216799259186,360,,,,,,,,,,,,
train,Mass-Training_P_00626_LEFT_CC_1,Mass-Training_P_00626_LEFT_CC,1,ok,1,True,1330.0,1620.0,1106.0,1425.0,0.9130875887724045,1330,1620,1106,1425,1711.2009624540806,1896,,,,,,,,,,,,
train,Mass-Training_P_00626_LEFT_MLO_1,Mass-Training_P_00626_LEFT_MLO,1,ok,1,True,1505.0,1807.0,1553.0,1922.0,0.853163087637841,1505,1807,1553,1922,1745.3702787458897,2189,,,,,,,,,,,,
train,Mass-Training_P_00630_LEFT_CC_1,Mass-Training_P_00630_LEFT_CC,1,ok,1,True,1614.0,2047.0,521.0,1030.0,0.8034790109258194,1614,2047,521,1030,3648.1578126251698,4041,,,,,,,,,,,,
train,Mass-Training_P_00630_LEFT_MLO_1,Mass-Training_P_00630_LEFT_MLO,1,ok,1,True,3361.0,3715.0,288.0,683.0,0.8744939271255061,3361,3715,288,683,1972.434616446495,2311,,,,,,,,,,,,
train,Mass-Training_P_00637_RIGHT_CC_1,Mass-Training_P_00637_RIGHT_CC,1,ok,1,True,1805.0,2067.0,2777.0,2974.0,0.8088445078459344,1805,2067,2777,2974,350.4305548071861,393,,,,,,,,,,,,
train,Mass-Training_P_00648_LEFT_CC_1,Mass-Training_P_00648_LEFT_CC,1,ok,1,True,1484.0,1801.0,1060.0,1413.0,0.9657228017883756,1484,1801,1060,1413,2109.6378454566,2246,489.0,600.0,188.0,371.0,215.8702797293663,461.0,,,,,,
train,Mass-Training_P_00648_LEFT_MLO_1,Mass-Training_P_00648_LEFT_MLO,1,ok,1,True,1958.0,2339.0,1149.0,1512.0,0.8542737038766931,1958,2339,1149,1512,2413.3171185851097,2631,,,,,,,,,,,,
train,Mass-Training_P_00651_RIGHT_MLO_1,Mass-Training_P_00651_RIGHT_MLO,1,ok,1,True,4075.0,4538.0,1736.0,2171.0,0.8555523836711391,4075,4538,1736,2171,4352.824655205011,4805,,,,,,,,,,,,
train,Mass-Training_P_00659_RIGHT_MLO_1,Mass-Training_P_00659_RIGHT_MLO,1,ok,1,True,4320.0,4660.0,387.0,768.0,0.7468354430379747,4320,4660,387,768,1976.4685744941235,2562,991.0,1243.0,141.0,358.0,871.3127931058407,1153.0,,,,,,
train,Mass-Training_P_00660_LEFT_CC_1,Mass-Training_P_00660_LEFT_CC,1,ok,1,True,2598.0,2859.0,1602.0,1882.0,0.88,2598,2859,1602,1882,846.1702868640423,1009,,,,,,,,,,,,
train,Mass-Training_P_00660_LEFT_MLO_1,Mass-Training_P_00660_LEFT_MLO,1,ok,1,True,4532.0,4715.0,1937.0,2213.0,0.8035714285714286,4532,4715,1937,2213,287.6086712181568,684,1103.0,1188.0,7.0,57.0,27.489370316267014,67.0,,,,,,
train,Mass-Training_P_00661_LEFT_CC_1,Mass-Training_P_00661_LEFT_CC,1,ok,1,True,3571.0,3746.0,1097.0,1266.0,0.9333333333333333,3571,3746,1097,1266,576.0617070198059,687,,,,,,,,,,,,
train,Mass-Training_P_00661_LEFT_MLO_1,Mass-Training_P_00661_LEFT_MLO,1,ok,1,True,4081.0,4225.0,755.0,898.0,0.9011494252873563,4081,4225,755,898,530.0195131003857,645,,,,,,,,,,,,
train,Mass-Training_P_00665_LEFT_MLO_1,Mass-Training_P_00665_LEFT_MLO,1,ok,1,True,3814.0,4075.0,2889.0,3112.0,0.9772727272727273,3814,4075,2889,3112,860.531075835228,1016,,,,,,,,,,,,
train,Mass-Training_P_00666_RIGHT_CC_1,Mass-Training_P_00666_RIGHT_CC,1,ok,1,True,1582.0,1795.0,2842.0,3016.0,0.8013468013468014,1582,1795,2842,3016,495.8111668229103,537,,,,,,,,,,,,
train,Mass-Training_P_00666_RIGHT_MLO_1,Mass-Training_P_00666_RIGHT_MLO,1,ok,1,True,2705.0,2880.0,2220.0,2440.0,0.8544027898866609,2705,2880,2220,2440,538.6930962502956,643,,,,,,,,,,,,
train,Mass-Training_P_00673_RIGHT_MLO_1,Mass-Training_P_00673_RIGHT_MLO,3,ok,1,True,736.0,965.0,3038.0,3254.0,0.8671171171171171,736,965,3038,3254,596.3256002664566,791,803.0,979.0,3686.0,3827.0,228.45995977520943,391.0,,,,,,
train,Mass-Training_P_00673_RIGHT_MLO_3,Mass-Training_P_00673_RIGHT_MLO,3,ok,0,False,,,,,0.0,736,965,3038,3254,596.3256002664566,791,803.0,979.0,3686.0,3827.0,228.45995977520943,391.0,,,,,,
train,Mass-Training_P_00673_RIGHT_MLO_4,Mass-Training_P_00673_RIGHT_MLO,3,ok,2,True,803.0,979.0,3686.0,3827.0,0.7586206896551724,736,965,3038,3254,596.3256002664566,791,803.0,979.0,3686.0,3827.0,228.45995977520943,391.0,,,,,,
train,Mass-Training_P_00675_LEFT_CC_1,Mass-Training_P_00675_LEFT_CC,1,ok,1,True,1288.0,1597.0,138.0,485.0,0.8589743589743589,1288,1597,138,485,2526.4116071760654,3147,2834.0,2991.0,148.0,318.0,366.0907156467438,868.0,,,,,,
train,Mass-Training_P_00675_LEFT_MLO_1,Mass-Training_P_00675_LEFT_MLO,1,ok,1,True,1950.0,2303.0,519.0,773.0,0.9710144927536232,1950,2303,519,773,1893.3467966020107,2292,,,,,,,,,,,,
train,Mass-Training_P_00690_LEFT_MLO_1,Mass-Training_P_00690_LEFT_MLO,1,ok,1,True,2857.0,3260.0,1171.0,1549.0,0.8315436241610739,2857,3260,1171,1549,2287.814630240202,2538,,,,,,,,,,,,
train,Mass-Training_P_00692_LEFT_MLO_1,Mass-Training_P_00692_LEFT_MLO,1,ok,1,True,3661.0,3945.0,1913.0,2212.0,0.9217485159201295,3661,3945,1913,2212,1834.8732964098454,2350,448.0,543.0,2032.0,2127.0,144.20949637889862,328.0,,,,,,
train,Mass-Training_P_00694_RIGHT_CC_1,Mass-Training_P_00694_RIGHT_CC,1,ok,1,True,2506.0,2897.0,2114.0,2496.0,0.9068877551020408,2506,2897,2114,2496,4273.701214343309,4743,,,,,,,,,,,,
train,Mass-Training_P_00694_RIGHT_MLO_1,Mass-Training_P_00694_RIGHT_MLO,1,ok,1,True,2063.0,2358.0,1414.0,1704.0,0.8028169014084507,2063,2358,1414,1704,2419.6185262799263,2706,,,,,,,,,,,,
train,Mass-Training_P_00698_RIGHT_CC_1,Mass-Training_P_00698_RIGHT_CC,1,ok,1,True,2480.0,2966.0,2279.0,2754.0,0.9648394241417497,2480,2966,2279,2754,4011.4341094195843,4646,,,,,,,,,,,,
train,Mass-Training_P_00698_RIGHT_MLO_1,Mass-Training_P_00698_RIGHT_MLO,1,ok,1,True,3154.0,3727.0,2231.0,2827.0,0.8608206660223179,3154,3727,2231,2827,4393.306528955698,7173,,,,,,,,,,,,
train,Mass-Training_P_00700_RIGHT_CC_1,Mass-Training_P_00700_RIGHT_CC,1,ok,1,True,1602.0,1990.0,3203.0,3605.0,0.8312807881773399,1602,1990,3203,3605,2149.612683683634,2460,,,,,,,,,,,,
train,Mass-Training_P_00700_RIGHT_MLO_1,Mass-Training_P_00700_RIGHT_MLO,1,ok,1,True,1781.0,2138.0,2056.0,2365.0,0.7289907519099317,1781,2138,2056,2365,1516.8691940903664,1842,,,,,,,,,,,,
train,Mass-Training_P_00706_RIGHT_CC_1,Mass-Training_P_00706_RIGHT_CC,1,ok,1,True,2204.0,2823.0,2140.0,2735.0,0.9155713150333191,2204,2823,2140,2735,10350.22658148408,11448,,,,,,,,,,,,
train,Mass-Training_P_00706_RIGHT_MLO_1,Mass-Training_P_00706_RIGHT_MLO,1,ok,1,True,1494.0,2096.0,1600.0,2188.0,0.9052781004000516,1494,2096,1600,2188,9342.206012636423,10735,,,,,,,,,,,,
train,Mass-Training_P_00708_RIGHT_CC_1,Mass-Training_P_00708_RIGHT_CC,1,ok,1,True,2557.0,2762.0,2798.0,2947.0,0.7557354925775979,2557,2762,2798,2947,627.7301422953606,808,,,,,,,,,,,,
train,Mass-Training_P_00708_RIGHT_MLO_1,Mass-Training_P_00708_RIGHT_MLO,1,ok,1,True,2916.0,3092.0,1976.0,2147.0,0.8305866842452209,2916,3092,1976,2147,735.8562604188919,909,,,,,,,,,,,,
train,Mass-Training_P_00710_LEFT_CC_1,Mass-Training_P_00710_LEFT_CC,2,ok,2,True,2150.0,2360.0,419.0,634.0,0.7590132827324478,2435,2806,0,312,3107.7252821028233,3369,2150.0,2360.0,419.0,634.0,923.5799953043461,1068.0,,,,,,
train,Mass-Training_P_00710_LEFT_CC_2,Mass-Training_P_00710_LEFT_CC,2,ok,1,True,2435.0,2806.0,0.0,312.0,0.8700392498909725,2435,2806,0,312,3107.7252821028233,3369,2150.0,2360.0,419.0,634.0,923.5799953043461,1068.0,,,,,,
train,Mass-Training_P_00710_LEFT_MLO_1,Mass-Training_P_00710_LEFT_MLO,1,ok,1,True,2242.0,2562.0,742.0,1067.0,0.8894269572235673,2242,2562,742,1067,2188.3848921358585,2372,,,,,,,,,,,,
train,Mass-Training_P_00710_RIGHT_CC_1,Mass-Training_P_00710_RIGHT_CC,1,ok,1,True,1416.0,1583.0,2372.0,2593.0,0.8111587982832618,1416,1583,2372,2593,856.0091143250465,998,,,,,,,,,,,,
train,Mass-Training_P_00710_RIGHT_MLO_1,Mass-Training_P_00710_RIGHT_MLO,1,ok,1,True,2584.0,2779.0,2205.0,2470.0,0.7848648648648648,2584,2779,2205,2470,1125.7905509471893,1315,,,,,,,,,,,,
train,Mass-Training_P_00715_RIGHT_CC_1,Mass-Training_P_00715_RIGHT_CC,1,ok,1,True,1637.0,1805.0,2563.0,2777.0,0.84992784992785,1637,1805,2563,2777,943.1881748437881,1002,,,,,,,,,,,,
train,Mass-Training_P_00715_RIGHT_MLO_1,Mass-Training_P_00715_RIGHT_MLO,1,ok,1,True,2571.0,2767.0,2294.0,2494.0,0.925,2571,2767,2294,2494,1012.0508124232292,1079,4027.0,4140.0,2494.0,2607.0,187.63921999931335,398.0,,,,,,
train,Mass-Training_P_00717_RIGHT_CC_1,Mass-Training_P_00717_RIGHT_CC,1,ok,1,True,3859.0,4112.0,1719.0,1965.0,0.8538461538461538,3859,4112,1719,1965,1006.0752670168877,1087,,,,,,,,,,,,
train,Mass-Training_P_00717_RIGHT_MLO_1,Mass-Training_P_00717_RIGHT_MLO,1,ok,1,True,4466.0,4681.0,1831.0,2118.0,0.9245982694684796,4466,4681,1831,2118,926.6133321225643,1005,,,,,,,,,,,,
train,Mass-Training_P_00720_RIGHT_MLO_1,Mass-Training_P_00720_RIGHT_MLO,1,ok,1,True,3401.0,3645.0,0.0,165.0,0.655952380952381,3401,3645,0,165,456.20433780550957,560,2387.0,2487.0,1661.0,1783.0,90.76222881674767,194.0,,,,,,
train,Mass-Training_P_00728_RIGHT_CC_1,Mass-Training_P_00728_RIGHT_CC,1,ok,1,True,2408.0,2720.0,2309.0,2753.0,0.889059206744587,2408,2720,2309,2753,2858.365066409111,3356,,,,,,,,,,,,
train,Mass-Training_P_00728_RIGHT_MLO_1,Mass-Training_P_00728_RIGHT_MLO,1,ok,1,True,3549.0,3825.0,2424.0,2773.0,0.9037900874635568,3549,3825,2424,2773,2062.426908135414,2195,,,,,,,,,,,,
train,Mass-Training_P_00730_RIGHT_CC_1,Mass-Training_P_00730_RIGHT_CC,1,ok,1,True,1958.0,2125.0,2593.0,2667.0,0.5993640699523053,1958,2125,2593,2667,320.5845248699188,451,,,,,,,,,,,,
train,Mass-Training_P_00731_RIGHT_CC_1,Mass-Training_P_00731_RIGHT_CC,1,ok,1,True,1916.0,2304.0,2311.0,2686.0,0.7639496717724289,1916,2304,2311,2686,2033.804105579853,2325,,,,,,,,,,,,
train,Mass-Training_P_00731_RIGHT_MLO_1,Mass-Training_P_00731_RIGHT_MLO,1,ok,1,True,2537.0,2874.0,2032.0,2395.0,0.8980179028132992,2537,2874,2032,2395,1936.444255232811,2026,,,,,,,,,,,,
train,Mass-Training_P_00733_RIGHT_CC_1,Mass-Training_P_00733_RIGHT_CC,1,ok,1,True,1705.0,2078.0,77.0,373.0,0.7993267736923874,1705,2078,77,373,2289.14343008399,2455,,,,,,,,,,,,
train,Mass-Training_P_00733_RIGHT_MLO_1,Mass-Training_P_00733_RIGHT_MLO,1,ok,1,True,2250.0,2503.0,854.0,1154.0,0.867009867009867,2250,2503,854,1154,1506.2656909823418,1621,,,,,,,,,,,,
train,Mass-Training_P_00734_RIGHT_MLO_1,Mass-Training_P_00734_RIGHT_MLO,1,ok,2,True,3088.0,3372.0,2536.0,2711.0,0.8398550724637681,3027,3320,1927,2219,2135.931853979826,2995,3088.0,3372.0,2536.0,2711.0,700.2631624341011,1678.0,,,,,,
train,Mass-Training_P_00737_LEFT_CC_1,Mass-Training_P_00737_LEFT_CC,1,ok,1,True,955.0,1661.0,0.0,356.0,0.9291338582677166,955,1661,0,356,4096.196861296892,4982,,,,,,,,,,,,
train,Mass-Training_P_00737_LEFT_MLO_1,Mass-Training_P_00737_LEFT_MLO,1,ok,1,True,2313.0,3143.0,415.0,1239.0,0.8883147386964181,2313,3143,415,1239,11448.994504660368,12809,,,,,,,,,,,,
train,Mass-Training_P_00739_LEFT_CC_1,Mass-Training_P_00739_LEFT_CC,1,ok,1,True,2609.0,2816.0,620.0,832.0,0.8626560726447219,2609,2816,620,832,973.4688732624054,1040,,,,,,,,,,,,
train,Mass-Training_P_00739_LEFT_MLO_1,Mass-Training_P_00739_LEFT_MLO,1,ok,1,True,3177.0,3335.0,819.0,1016.0,0.7595744680851064,3177,3335,819,1016,731.45625436306,1001,,,,,,,,,,,,
train,Mass-Training_P_00746_LEFT_CC_1,Mass-Training_P_00746_LEFT_CC,1,ok,1,True,1989.0,2335.0,379.0,654.0,0.651199370821864,1989,2335,379,654,2587.2055479586124,2982,,,,,,,,,,,,
train,Mass-Training_P_00746_LEFT_MLO_1,Mass-Training_P_00746_LEFT_MLO,1,ok,1,True,2710.0,3027.0,855.0,1151.0,0.9203125,2710,3027,855,1151,2459.4869832098484,2638,,,,,,,,,,,,
train,Mass-Training_P_00747_LEFT_CC_1,Mass-Training_P_00747_LEFT_CC,1,ok,1,True,2824.0,3063.0,1223.0,1483.0,0.9791666666666666,2824,3063,1223,1483,1519.2738222777843,1789,,,,,,,,,,,,
train,Mass-Training_P_00747_LEFT_MLO_1,Mass-Training_P_00747_LEFT_MLO,1,ok,1,True,3519.0,3791.0,1321.0,1613.0,0.8342203299627461,3519,3791,1321,1613,2066.8000681102276,2235,,,,,,,,,,,,
train,Mass-Training_P_00753_RIGHT_CC_1,Mass-Training_P_00753_RIGHT_CC,1,ok,1,True,2293.0,2627.0,2208.0,2543.0,0.794289897510981,2293,2627,2208,2543,3096.8901116251945,3342,,,,,,,,,,,,
train,Mass-Training_P_00753_RIGHT_MLO_1,Mass-Training_P_00753_RIGHT_MLO,1,ok,1,True,2988.0,3316.0,2090.0,2408.0,0.943857468406878,2988,3316,2090,2408,3180.3522332012653,3311,,,,,,,,,,,,
train,Mass-Training_P_00754_LEFT_CC_1,Mass-Training_P_00754_LEFT_CC,1,ok,1,True,3400.0,3566.0,1834.0,2032.0,0.8941176470588236,3400,3566,1834,2032,892.0583440363407,928,,,,,,,,,,,,
train,Mass-Training_P_00754_LEFT_MLO_1,Mass-Training_P_00754_LEFT_MLO,1,ok,1,True,3309.0,3544.0,1888.0,2070.0,0.9782608695652174,3309,3544,1888,2070,951.8253195285797,1032,,,,,,,,,,,,
train,Mass-Training_P_00764_RIGHT_CC_1,Mass-Training_P_00764_RIGHT_CC,1,ok,1,True,2211.0,2486.0,1602.0,1961.0,0.825543120473996,2211,2486,1602,1961,1508.0065078437328,1755,,,,,,,,,,,,
train,Mass-Training_P_00764_RIGHT_MLO_1,Mass-Training_P_00764_RIGHT_MLO,1,ok,1,True,3017.0,3278.0,2227.0,2495.0,0.7919762258543833,3017,3278,2227,2495,1102.2071523368359,1242,,,,,,,,,,,,
train,Mass-Training_P_00765_RIGHT_CC_1,Mass-Training_P_00765_RIGHT_CC,1,ok,1,True,3199.0,3339.0,2054.0,2221.0,0.8534906588003933,3199,3339,2054,2221,623.601366519928,650,,,,,,,,,,,,
train,Mass-Training_P_00765_RIGHT_MLO_1,Mass-Training_P_00765_RIGHT_MLO,1,ok,1,True,2477.0,2619.0,1915.0,2046.0,0.7554945054945055,2477,2619,1915,2046,400.881026417017,444,,,,,,,,,,,,
train,Mass-Training_P_00770_RIGHT_CC_1,Mass-Training_P_00770_RIGHT_CC,1,ok,1,True,4190.0,4338.0,1653.0,1882.0,0.8915375446960667,4190,4338,1653,1882,551.0730811953545,591,,,,,,,,,,,,
train,Mass-Training_P_00775_LEFT_CC_1,Mass-Training_P_00775_LEFT_CC,1,ok,1,True,1508.0,2029.0,261.0,818.0,0.8420661464139725,1508,2029,261,818,5542.413397014141,8336,,,,,,,,,,,,
train,Mass-Training_P_00775_LEFT_MLO_1,Mass-Training_P_00775_LEFT_MLO,1,ok,1,True,1268.0,1886.0,732.0,1505.0,0.9020565552699229,1268,1886,732,1505,10821.402401030064,12475,,,,,,,,,,,,
train,Mass-Training_P_00776_RIGHT_CC_1,Mass-Training_P_00776_RIGHT_CC,1,ok,1,True,2474.0,2707.0,2290.0,2511.0,0.8016666666666666,2474,2707,2290,2511,831.394048333168,882,,,,,,,,,,,,
train,Mass-Training_P_00776_RIGHT_MLO_1,Mass-Training_P_00776_RIGHT_MLO,1,ok,1,True,1981.0,2206.0,1809.0,2047.0,0.766023166023166,1981,2206,1809,2047,637.5451256334782,727,,,,,,,,,,,,
train,Mass-Training_P_00778_RIGHT_CC_1,Mass-Training_P_00778_RIGHT_CC,2,ok,1,True,1883.0,2335.0,1734.0,1926.0,0.3468208092485549,1883,2335,1734,1926,616.0338563024998,1469,958.0,1186.0,2883.0,3053.0,473.13116350769997,952.0,,,,,,
train,Mass-Training_P_00778_RIGHT_CC_2,Mass-Training_P_00778_RIGHT_CC,2,ok,0,False,,,,,0.0,1883,2335,1734,1926,616.0338563024998,1469,958.0,1186.0,2883.0,3053.0,473.13116350769997,952.0,,,,,,
train,Mass-Training_P_00778_RIGHT_MLO_1,Mass-Training_P_00778_RIGHT_MLO,2,ok,1,True,2553.0,2888.0,1729.0,1963.0,0.8348623853211009,2553,2888,1729,1963,1399.3858996629715,1631,,,,,,,,,,,,
train,Mass-Training_P_00778_RIGHT_MLO_2,Mass-Training_P_00778_RIGHT_MLO,2,ok,0,False,,,,,0.0,2553,2888,1729,1963,1399.3858996629715,1631,,,,,,,,,,,,
train,Mass-Training_P_00779_LEFT_CC_1,Mass-Training_P_00779_LEFT_CC,1,ok,1,True,1692.0,2157.0,924.0,1324.0,0.8933566433566433,1692,2157,924,1324,3051.8028161525726,3208,,,,,,,,,,,,
train,Mass-Training_P_00779_LEFT_MLO_1,Mass-Training_P_00779_LEFT_MLO,1,ok,1,True,2895.0,3432.0,1222.0,1627.0,0.9344994417566059,2895,3432,1222,1627,3186.671126484871,3511,,,,,,,,,,,,
train,Mass-Training_P_00782_RIGHT_CC_1,Mass-Training_P_00782_RIGHT_CC,1,ok,1,True,3105.0,3511.0,780.0,1268.0,0.9333333333333333,3105,3511,780,1268,4115.7027670145035,4587,,,,,,,,,,,,
train,Mass-Training_P_00794_LEFT_CC_1,Mass-Training_P_00794_LEFT_CC,1,ok,1,True,1934.0,2345.0,1151.0,1530.0,0.8470354860039674,1934,2345,1151,1530,2604.029190182686,2810,,,,,,,,,,,,
train,Mass-Training_P_00794_LEFT_MLO_1,Mass-Training_P_00794_LEFT_MLO,1,ok,1,True,2510.0,2883.0,1532.0,1882.0,0.8611111111111112,2510,2883,1532,1882,2847.3577814996243,3030,650.0,904.0,435.0,684.0,810.8537904322147,1445.0,,,,,,
train,Mass-Training_P_00797_LEFT_CC_1,Mass-Training_P_00797_LEFT_CC,2,ok,2,True,1456.0,1624.0,131.0,332.0,0.6522435897435898,1933,2284,332,749,4652.815756320953,5185,1456.0,1624.0,131.0,332.0,756.483694344759,1187.0,,,,,,
train,Mass-Training_P_00797_LEFT_CC_2,Mass-Training_P_00797_LEFT_CC,2,ok,1,True,1933.0,2284.0,332.0,749.0,0.859944681921046,1933,2284,332,749,4652.815756320953,5185,1456.0,1624.0,131.0,332.0,756.483694344759,1187.0,,,,,,
train,Mass-Training_P_00797_LEFT_MLO_1,Mass-Training_P_00797_LEFT_MLO,2,ok,2,True,2451.0,2720.0,379.0,610.0,0.8805970149253731,1929,2424,944,1392,6485.4124192893505,7171,2451.0,2720.0,379.0,610.0,1721.9771596193314,2016.0,,,,,,
train,Mass-Training_P_00797_LEFT_MLO_2,Mass-Training_P_00797_LEFT_MLO,2,ok,1,True,1929.0,2424.0,944.0,1392.0,0.8713304184884447,1929,2424,944,1392,6485.4124192893505,7171,2451.0,2720.0,379.0,610.0,1721.9771596193314,2016.0,,,,,,
train,Mass-Training_P_00797_RIGHT_CC_1,Mass-Training_P_00797_RIGHT_CC,1,ok,1,True,1736.0,2030.0,2035.0,2344.0,0.9528611041088985,1736,2030,2035,2344,2430.3322891294956,2626,,,,,,,,,,,,
train,Mass-Training_P_00797_RIGHT_MLO_1,Mass-Training_P_00797_RIGHT_MLO,1,ok,1,True,2453.0,2756.0,1624.0,1947.0,0.9154929577464789,2453,2756,1624,1947,2852.463638216257,3184,,,,,,,,,,,,
train,Mass-Training_P_00798_RIGHT_CC_1,Mass-Training_P_00798_RIGHT_CC,1,ok,1,True,2028.0,2540.0,1673.0,2277.0,0.8321513002364066,2028,2540,1673,2277,8615.472959756851,10515,,,,,,,,,,,,
train,Mass-Training_P_00798_RIGHT_MLO_1,Mass-Training_P_00798_RIGHT_MLO,1,ok,1,True,1752.0,2252.0,1412.0,1986.0,0.9022467481277099,1752,2252,1412,1986,7458.77990847826,9255,,,,,,,,,,,,
train,Mass-Training_P_00802_LEFT_CC_1,Mass-Training_P_00802_LEFT_CC,1,ok,1,True,2163.0,3181.0,521.0,1509.0,0.9079781370567702,2163,3181,521,1509,21578.408350348473,28364,1564.0,1937.0,428.0,851.0,2685.02440276742,4509.0,,,,,,
train,Mass-Training_P_00802_LEFT_MLO_1,Mass-Training_P_00802_LEFT_MLO,3,ok,1,True,1586.0,2498.0,748.0,2408.0,0.2715113251757355,1586,2498,748,2408,23472.832638710737,29800,,,,,,,,,,,,
train,Mass-Training_P_00802_LEFT_MLO_2,Mass-Training_P_00802_LEFT_MLO,3,ok,0,False,,,,,0.0,1586,2498,748,2408,23472.832638710737,29800,,,,,,,,,,,,
train,Mass-Training_P_00802_LEFT_MLO_3,Mass-Training_P_00802_LEFT_MLO,3,ok,0,False,,,,,0.0,1586,2498,748,2408,23472.832638710737,29800,,,,,,,,,,,,
train,Mass-Training_P_00803_LEFT_CC_1,Mass-Training_P_00803_LEFT_CC,1,ok,1,True,3139.0,3414.0,2702.0,3034.0,0.7877155172413793,3139,3414,2702,3034,1713.1975766718388,1935,,,,,,,,,,,,
train,Mass-Training_P_00810_RIGHT_MLO_1,Mass-Training_P_00810_RIGHT_MLO,1,ok,1,True,3355.0,3504.0,1469.0,1624.0,0.9285714285714286,3355,3504,1469,1624,504.26741203665733,528,,,,,,,,,,,,
train,Mass-Training_P_00814_LEFT_CC_1,Mass-Training_P_00814_LEFT_CC,1,ok,1,True,1842.0,2338.0,0.0,287.0,0.9054945054945055,1842,2338,0,287,2418.8181223869324,4661,2771.0,2883.0,822.0,992.0,202.30928725004196,450.0,2708.0,2781.0,919.0,958.0,29.22765788435936,68.0
train,Mass-Training_P_00814_LEFT_MLO_1,Mass-Training_P_00814_LEFT_MLO,1,ok,1,True,1948.0,2375.0,371.0,774.0,0.9123434704830053,1948,2375,371,774,5048.578632444143,5798,,,,,,,,,,,,
train,Mass-Training_P_00815_LEFT_CC_1,Mass-Training_P_00815_LEFT_CC,1,ok,1,True,1449.0,1840.0,1667.0,2068.0,0.8826256258112368,1449,1840,1667,2068,3076.8198807537556,3667,,,,,,,,,,,,
train,Mass-Training_P_00815_LEFT_MLO_1,Mass-Training_P_00815_LEFT_MLO,1,ok,1,True,1972.0,2411.0,1924.0,2542.0,0.8938226158978488,1972,2411,1924,2542,4161.525550484657,5193,,,,,,,,,,,,
train,Mass-Training_P_00816_RIGHT_CC_1,Mass-Training_P_00816_RIGHT_CC,1,ok,1,True,2471.0,2691.0,61.0,314.0,0.7726075504828798,2471,2691,61,314,1668.2989014089108,1939,,,,,,,,,,,,
train,Mass-Training_P_00816_RIGHT_MLO_1,Mass-Training_P_00816_RIGHT_MLO,1,ok,1,True,3839.0,4081.0,32.0,252.0,0.786488740617181,3839,4081,32,252,1139.5727793872356,1404,,,,,,,,,,,,
train,Mass-Training_P_00818_RIGHT_CC_1,Mass-Training_P_00818_RIGHT_CC,1,ok,1,True,3079.0,3320.0,2225.0,2475.0,0.8136986301369863,3079,3320,2225,2475,1788.7366734147072,2076,,,,,,,,,,,,
train,Mass-Training_P_00818_RIGHT_MLO_1,Mass-Training_P_00818_RIGHT_MLO,1,ok,1,True,2560.0,2823.0,2266.0,2488.0,0.8005427408412483,2560,2823,2266,2488,1755.4918855428696,2024,,,,,,,,,,,,
train,Mass-Training_P_00823_RIGHT_CC_1,Mass-Training_P_00823_RIGHT_CC,1,ok,1,True,2055.0,2227.0,323.0,553.0,0.8388157894736842,2055,2227,323,553,889.212939530611,980,,,,,,,,,,,,
train,Mass-Training_P_00823_RIGHT_MLO_1,Mass-Training_P_00823_RIGHT_MLO,1,ok,1,True,3421.0,3577.0,702.0,896.0,0.8195364238410596,3421,3577,702,896,725.7162235379219,824,,,,,,,,,,,,
train,Mass-Training_P_00826_LEFT_CC_1,Mass-Training_P_00826_LEFT_CC,1,ok,1,True,3099.0,3334.0,691.0,963.0,0.8683819891142999,3099,3334,691,963,1160.7978784739971,1212,,,,,,,,,,,,
train,Mass-Training_P_00826_LEFT_MLO_1,Mass-Training_P_00826_LEFT_MLO,1,ok,1,True,3457.0,3697.0,856.0,1135.0,0.8470111448834853,3457,3697,856,1135,1064.2784662246704,1180,,,,,,,,,,,,
train,Mass-Training_P_00828_LEFT_CC_1,Mass-Training_P_00828_LEFT_CC,1,ok,1,True,2660.0,3078.0,1918.0,2342.0,0.7809553739786298,2660,3078,1918,2342,3809.77576777339,4279,,,,,,,,,,,,
train,Mass-Training_P_00829_LEFT_CC_1,Mass-Training_P_00829_LEFT_CC,1,ok,1,True,4939.0,5229.0,2866.0,3175.0,0.825542570951586,4939,5229,2866,3175,1417.8655689954758,1633,,,,,,,,,,,,
train,Mass-Training_P_00829_LEFT_MLO_1,Mass-Training_P_00829_LEFT_MLO,1,ok,1,True,5024.0,5261.0,3100.0,3437.0,0.8534095549203756,5024,5261,3100,3437,1158.5396535992622,1376,928.0,1127.0,3001.0,3206.0,640.4333297610283,833.0,,,,,,
train,Mass-Training_P_00841_RIGHT_CC_1,Mass-Training_P_00841_RIGHT_CC,1,ok,1,True,2983.0,3265.0,3311.0,3651.0,0.9588336192109777,2983,3265,3311,3651,1630.8804557323456,1781,,,,,,,,,,,,
train,Mass-Training_P_00841_RIGHT_MLO_1,Mass-Training_P_00841_RIGHT_MLO,1,ok,1,True,3002.0,3328.0,2852.0,3267.0,0.906865671641791,3002,3328,2852,3267,1718.7628192901611,1827,,,,,,,,,,,,
train,Mass-Training_P_00844_RIGHT_CC_1,Mass-Training_P_00844_RIGHT_CC,1,ok,1,True,1525.0,1739.0,2027.0,2272.0,0.7659574468085106,1525,1739,2027,2272,1190.9163391292095,1367,,,,,,,,,,,,
train,Mass-Training_P_00844_RIGHT_MLO_1,Mass-Training_P_00844_RIGHT_MLO,1,ok,1,True,2866.0,3059.0,2155.0,2433.0,0.9557873820168902,2866,3059,2155,2433,1178.1528622806072,1403,460.0,567.0,2112.0,2235.0,216.31754577159882,384.0,,,,,,
train,Mass-Training_P_00847_LEFT_MLO_1,Mass-Training_P_00847_LEFT_MLO,1,ok,1,True,2234.0,2498.0,858.0,1122.0,0.9461098012798922,2234,2498,858,1122,1713.3302737176418,1899,,,,,,,,,,,,
train,Mass-Training_P_00848_LEFT_CC_1,Mass-Training_P_00848_LEFT_CC,1,ok,1,True,1298.0,1612.0,0.0,279.0,0.897025171624714,1298,1612,0,279,2163.3147928118706,2527,,,,,,,,,,,,
train,Mass-Training_P_00848_LEFT_MLO_1,Mass-Training_P_00848_LEFT_MLO,1,ok,1,True,1584.0,1760.0,950.0,1171.0,0.7478260869565218,1584,1760,950,1171,915.540675342083,1111,,,,,,,,,,,,
train,Mass-Training_P_00851_LEFT_CC_1,Mass-Training_P_00851_LEFT_CC,1,ok,1,True,1031.0,1259.0,3441.0,3722.0,0.9042218021424071,1031,1259,3441,3722,1034.727797985077,1125,,,,,,,,,,,,
train,Mass-Training_P_00851_LEFT_MLO_1,Mass-Training_P_00851_LEFT_MLO,1,ok,1,True,2860.0,3126.0,3494.0,3789.0,0.7356624917600527,2860,3126,3494,3789,845.7159258723259,958,,,,,,,,,,,,
train,Mass-Training_P_00853_RIGHT_CC_1,Mass-Training_P_00853_RIGHT_CC,1,ok,1,True,3114.0,3302.0,405.0,640.0,0.7399577167019028,3114,3302,405,640,767.0849507153034,903,,,,,,,,,,,,
train,Mass-Training_P_00859_LEFT_CC_1,Mass-Training_P_00859_LEFT_CC,1,ok,1,True,2813.0,3079.0,1209.0,1563.0,0.971830985915493,2813,3079,1209,1563,2386.78284573555,2518,,,,,,,,,,,,
train,Mass-Training_P_00859_LEFT_MLO_1,Mass-Training_P_00859_LEFT_MLO,1,ok,1,True,3142.0,3484.0,1327.0,1658.0,0.967741935483871,3142,3484,1327,1658,2246.309133172035,2538,,,,,,,,,,,,
train,Mass-Training_P_00863_RIGHT_CC_1,Mass-Training_P_00863_RIGHT_CC,1,ok,1,True,662.0,1153.0,1512.0,1977.0,0.9593746676592577,662,1153,1512,1977,5355.997945040464,6342,,,,,,,,,,,,
train,Mass-Training_P_00863_RIGHT_MLO_1,Mass-Training_P_00863_RIGHT_MLO,1,ok,1,True,2637.0,3030.0,1513.0,1921.0,0.8603230030554343,2637,3030,1513,1921,3662.486030727625,4375,,,,,,,,,,,,
train,Mass-Training_P_00865_RIGHT_MLO_1,Mass-Training_P_00865_RIGHT_MLO,2,ok,2,True,3266.0,3544.0,1062.0,1341.0,0.9122807017543859,3115,3443,440,767,2183.728429466486,2524,3266.0,3544.0,1062.0,1341.0,1067.3345770835876,1772.0,,,,,,
train,Mass-Training_P_00865_RIGHT_MLO_2,Mass-Training_P_00865_RIGHT_MLO,2,ok,1,True,3115.0,3443.0,440.0,767.0,0.7714044706874736,3115,3443,440,767,2183.728429466486,2524,3266.0,3544.0,1062.0,1341.0,1067.3345770835876,1772.0,,,,,,
train,Mass-Training_P_00869_LEFT_CC_1,Mass-Training_P_00869_LEFT_CC,1,ok,1,True,1142.0,1335.0,97.0,316.0,0.8144280968201234,1142,1335,97,316,986.1468688845634,1195,,,,,,,,,,,,
train,Mass-Training_P_00869_LEFT_MLO_1,Mass-Training_P_00869_LEFT_MLO,1,ok,1,True,1890.0,2122.0,357.0,578.0,0.8136792452830188,1890,2122,357,578,1136.4062331318855,1452,,,,,,,,,,,,
train,Mass-Training_P_00871_LEFT_CC_1,Mass-Training_P_00871_LEFT_CC,1,ok,1,True,2001.0,2504.0,841.0,1339.0,0.9627931581731617,2001,2504,841,1339,6850.275163382292,7606,3553.0,3630.0,411.0,488.0,83.0627438724041,184.0,,,,,,
train,Mass-Training_P_00871_LEFT_MLO_1,Mass-Training_P_00871_LEFT_MLO,1,ok,1,True,2419.0,2911.0,1027.0,1552.0,0.8145781907942501,2419,2911,1027,1552,7251.406887918711,8478,,,,,,,,,,,,
train,Mass-Training_P_00881_LEFT_CC_1,Mass-Training_P_00881_LEFT_CC,1,ok,1,True,5344.0,5493.0,3407.0,3562.0,0.7696335078534031,5344,5493,3407,3562,370.1905174255371,413,2384.0,2499.0,3799.0,3887.0,87.80268278717995,193.0,,,,,,
train,Mass-Training_P_00881_LEFT_MLO_1,Mass-Training_P_00881_LEFT_MLO,1,ok,1,True,4558.0,4740.0,3023.0,3217.0,0.8796208530805687,4558,4740,3023,3217,577.922715395689,662,,,,,,,,,,,,
train,Mass-Training_P_00884_LEFT_MLO_1,Mass-Training_P_00884_LEFT_MLO,1,ok,1,True,3202.0,3461.0,989.0,1326.0,0.9521061742642816,3202,3461,989,1326,1874.2698018550873,2201,,,,,,,,,,,,
train,Mass-Training_P_00889_LEFT_CC_1,Mass-Training_P_00889_LEFT_CC,1,ok,1,True,1120.0,1403.0,41.0,292.0,0.9489795918367347,1120,1403,41,292,2201.548243433237,2498,,,,,,,,,,,,
train,Mass-Training_P_00889_LEFT_MLO_1,Mass-Training_P_00889_LEFT_MLO,1,ok,1,True,1066.0,1387.0,836.0,1125.0,0.9423643247791333,1066,1387,836,1125,2640.533732354641,3020,,,,,,,,,,,,
train,Mass-Training_P_00891_RIGHT_CC_1,Mass-Training_P_00891_RIGHT_CC,1,ok,1,True,2124.0,2484.0,1634.0,1967.0,0.8791158536585366,2124,2484,1634,1967,3516.681842982769,3753,,,,,,,,,,,,
train,Mass-Training_P_00891_RIGHT_MLO_1,Mass-Training_P_00891_RIGHT_MLO,1,ok,1,True,1972.0,2279.0,1344.0,1660.0,0.8621523579201935,1972,2279,1344,1660,3007.262340813875,3259,,,,,,,,,,,,
train,Mass-Training_P_00892_LEFT_CC_1,Mass-Training_P_00892_LEFT_CC,1,ok,1,True,690.0,1017.0,0.0,296.0,0.7708565072302559,690,1017,0,296,2136.519042611122,2505,,,,,,,,,,,,
train,Mass-Training_P_00892_LEFT_MLO_1,Mass-Training_P_00892_LEFT_MLO,1,ok,1,True,1163.0,1527.0,369.0,753.0,0.9746835443037974,1163,1527,369,753,4031.9973630309105,4173,,,,,,,,,,,,
train,Mass-Training_P_00894_RIGHT_MLO_1,Mass-Training_P_00894_RIGHT_MLO,1,ok,1,True,5418.0,5627.0,742.0,1040.0,0.8537117903930131,5418,5627,742,1040,1008.2159200906754,1107,,,,,,,,,,,,
train,Mass-Training_P_00896_LEFT_CC_1,Mass-Training_P_00896_LEFT_CC,1,ok,1,True,2742.0,3002.0,1906.0,2241.0,0.7377049180327869,2742,3002,1906,2241,758.4076564311981,911,,,,,,,,,,,,
train,Mass-Training_P_00898_LEFT_CC_1,Mass-Training_P_00898_LEFT_CC,1,ok,1,True,2980.0,3244.0,1329.0,1614.0,0.8363636363636363,2980,3244,1329,1614,1613.4889317452908,1728,,,,,,,,,,,,
train,Mass-Training_P_00901_RIGHT_CC_1,Mass-Training_P_00901_RIGHT_CC,1,ok,1,True,2533.0,2928.0,913.0,1323.0,0.9090530985720228,2533,2928,913,1323,4346.07958856225,4873,,,,,,,,,,,,
train,Mass-Training_P_00901_RIGHT_MLO_1,Mass-Training_P_00901_RIGHT_MLO,1,ok,1,True,4771.0,5114.0,784.0,1157.0,0.9076175040518638,4771,5114,784,1157,2344.19986730814,2581,,,,,,,,,,,,
train,Mass-Training_P_00903_LEFT_MLO_1,Mass-Training_P_00903_LEFT_MLO,1,ok,1,True,1963.0,2409.0,1976.0,2652.0,0.8776908023483366,1963,2409,1976,2652,3406.9619781672955,4443,,,,,,,,,,,,
train,Mass-Training_P_00906_LEFT_CC_1,Mass-Training_P_00906_LEFT_CC,1,ok,1,True,3039.0,3478.0,411.0,892.0,0.821244105097687,3039,3478,411,892,2744.5490967333317,3126,,,,,,,,,,,,
train,Mass-Training_P_00906_LEFT_MLO_1,Mass-Training_P_00906_LEFT_MLO,1,ok,1,True,3221.0,3605.0,720.0,1147.0,0.5010183299389002,3221,3605,720,1147,1562.4071436524391,2376,,,,,,,,,,,,
train,Mass-Training_P_00911_LEFT_CC_1,Mass-Training_P_00911_LEFT_CC,1,ok,1,True,2404.0,2751.0,562.0,905.0,0.9743589743589743,2404,2751,562,905,3106.1218246519566,3933,1325.0,1421.0,137.0,261.0,167.6035076379776,407.0,,,,,,
train,Mass-Training_P_00914_LEFT_CC_1,Mass-Training_P_00914_LEFT_CC,3,ok,2,True,1785.0,1998.0,2005.0,2260.0,0.8201193520886616,1750,2104,1027,1310,1110.9210799336433,1359,1785.0,1998.0,2005.0,2260.0,604.7499548494816,831.0,,,,,,
train,Mass-Training_P_00914_LEFT_CC_2,Mass-Training_P_00914_LEFT_CC,3,ok,1,True,1750.0,2104.0,1027.0,1310.0,0.727403156384505,1750,2104,1027,1310,1110.9210799336433,1359,1785.0,1998.0,2005.0,2260.0,604.7499548494816,831.0,,,,,,
train,Mass-Training_P_00914_LEFT_CC_3,Mass-Training_P_00914_LEFT_CC,3,ok,0,False,,,,,0.0,1750,2104,1027,1310,1110.9210799336433,1359,1785.0,1998.0,2005.0,2260.0,604.7499548494816,831.0,,,,,,
train,Mass-Training_P_00914_LEFT_MLO_1,Mass-Training_P_00914_LEFT_MLO,3,ok,1,True,1806.0,2068.0,2012.0,2309.0,0.6658506731946144,1806,2068,2012,2309,1012.9144649207592,1138,3258.0,3513.0,2309.0,2571.0,563.4710140824318,855.0,3280.0,3556.0,2005.0,2252.0,484.1029891073704,921.0
train,Mass-Training_P_00914_LEFT_MLO_2,Mass-Training_P_00914_LEFT_MLO,3,ok,2,True,3258.0,3513.0,2309.0,2571.0,0.8705547652916074,1806,2068,2012,2309,1012.9144649207592,1138,3258.0,3513.0,2309.0,2571.0,563.4710140824318,855.0,3280.0,3556.0,2005.0,2252.0,484.1029891073704,921.0
train,Mass-Training_P_00914_LEFT_MLO_3,Mass-Training_P_00914_LEFT_MLO,3,ok,3,True,3280.0,3556.0,2005.0,2252.0,0.8992094861660079,1806,2068,2012,2309,1012.9144649207592,1138,3258.0,3513.0,2309.0,2571.0,563.4710140824318,855.0,3280.0,3556.0,2005.0,2252.0,484.1029891073704,921.0
train,Mass-Training_P_00915_RIGHT_CC_1,Mass-Training_P_00915_RIGHT_CC,1,ok,1,True,2584.0,2897.0,1682.0,1995.0,0.896037296037296,2584,2897,1682,1995,2404.5390106737614,2484,,,,,,,,,,,,
train,Mass-Training_P_00915_RIGHT_MLO_1,Mass-Training_P_00915_RIGHT_MLO,1,ok,1,True,2277.0,2556.0,1510.0,1815.0,0.9672131147540983,2277,2556,1510,1815,2135.7331123650074,2232,,,,,,,,,,,,
train,Mass-Training_P_00921_RIGHT_CC_1,Mass-Training_P_00921_RIGHT_CC,1,ok,1,True,1948.0,2318.0,2284.0,2671.0,0.8500428449014568,1948,2318,2284,2671,2143.4998426139355,2905,,,,,,,,,,,,
train,Mass-Training_P_00927_LEFT_CC_1,Mass-Training_P_00927_LEFT_CC,1,ok,1,True,1597.0,1871.0,58.0,308.0,0.7569546120058566,1597,1871,58,308,789.4200151860714,1311,749.0,871.0,471.0,540.0,89.06253916025162,213.0,,,,,,
train,Mass-Training_P_00927_LEFT_MLO_1,Mass-Training_P_00927_LEFT_MLO,1,ok,1,True,1012.0,1290.0,734.0,1078.0,0.9243489045059942,1012,1290,734,1078,1336.5239933431149,1439,,,,,,,,,,,,
train,Mass-Training_P_00929_LEFT_CC_1,Mass-Training_P_00929_LEFT_CC,1,ok,1,True,1939.0,2370.0,1257.0,1698.0,0.7497711321330485,1939,2370,1257,1698,4679.402773857117,6108,,,,,,,,,,,,
train,Mass-Training_P_00929_LEFT_MLO_1,Mass-Training_P_00929_LEFT_MLO,1,ok,1,True,2298.0,2674.0,1709.0,2095.0,0.8725475948263334,2298,2674,1709,2095,3284.882286667824,4153,,,,,,,,,,,,
train,Mass-Training_P_00935_LEFT_CC_1,Mass-Training_P_00935_LEFT_CC,1,ok,1,True,3153.0,3436.0,1210.0,1544.0,0.9059233449477352,3153,3436,1210,1544,1491.0857146680355,1566,,,,,,,,,,,,
train,Mass-Training_P_00935_LEFT_MLO_1,Mass-Training_P_00935_LEFT_MLO,1,ok,1,True,2743.0,3057.0,1689.0,1984.0,0.8275862068965517,2743,3057,1689,1984,1625.9399767518044,1766,,,,,,,,,,,,
train,Mass-Training_P_00939_RIGHT_CC_1,Mass-Training_P_00939_RIGHT_CC,1,ok,1,True,3008.0,3215.0,72.0,233.0,0.8265754763067904,3008,3215,72,233,1201.7153210043907,1264,,,,,,,,,,,,
train,Mass-Training_P_00939_RIGHT_MLO_1,Mass-Training_P_00939_RIGHT_MLO,1,ok,1,True,4209.0,4386.0,64.0,247.0,0.9142857142857143,4209,4386,64,247,550.5176533460617,693,,,,,,,,,,,,
train,Mass-Training_P_00941_LEFT_MLO_1,Mass-Training_P_00941_LEFT_MLO,1,ok,1,True,3274.0,3482.0,2590.0,2825.0,0.9210526315789473,3274,3482,2590,2825,841.563090890646,871,,,,,,,,,,,,
train,Mass-Training_P_00949_LEFT_CC_1,Mass-Training_P_00949_LEFT_CC,1,ok,1,True,1768.0,2050.0,505.0,782.0,0.7542662116040956,1768,2050,505,782,1964.8436922430992,2317,,,,,,,,,,,,
train,Mass-Training_P_00949_LEFT_MLO_1,Mass-Training_P_00949_LEFT_MLO,1,ok,1,True,3403.0,3766.0,610.0,936.0,0.9274543874891399,3403,3766,610,936,2966.5829607248306,3169,,,,,,,,,,,,
train,Mass-Training_P_00952_RIGHT_CC_1,Mass-Training_P_00952_RIGHT_CC,1,ok,1,True,2155.0,2641.0,2053.0,2489.0,0.915831894070236,2155,2641,2053,2489,3789.6892262101173,5643,,,,,,,,,,,,
train,Mass-Training_P_00952_RIGHT_MLO_1,Mass-Training_P_00952_RIGHT_MLO,1,ok,1,True,2607.0,3005.0,2136.0,2504.0,0.960774237752655,2607,3005,2136,2504,2678.7186255156994,3269,,,,,,,,,,,,
train,Mass-Training_P_00958_LEFT_CC_2,Mass-Training_P_00958_LEFT_CC,1,ok,1,True,1245.0,1614.0,519.0,875.0,0.9158041093774139,1245,1614,519,875,4464.385070055723,4886,,,,,,,,,,,,
train,Mass-Training_P_00958_LEFT_MLO_2,Mass-Training_P_00958_LEFT_MLO,1,ok,1,True,1319.0,1958.0,332.0,1122.0,0.776618174151381,1319,1958,332,1122,11114.610551416874,13767,,,,,,,,,,,,
train,Mass-Training_P_00961_LEFT_MLO_1,Mass-Training_P_00961_LEFT_MLO,1,ok,1,True,2159.0,2514.0,355.0,698.0,0.9836065573770492,2159,2514,355,698,2350.138167053461,2459,,,,,,,,,,,,
train,Mass-Training_P_00963_LEFT_CC_1,Mass-Training_P_00963_LEFT_CC,1,ok,1,True,3691.0,4101.0,1472.0,1856.0,0.8903260576663972,3691,4101,1472,1856,1928.7968408763409,2285,,,,,,,,,,,,
train,Mass-Training_P_00963_LEFT_MLO_1,Mass-Training_P_00963_LEFT_MLO,1,ok,1,True,3605.0,4010.0,1746.0,2065.0,0.8606451612903225,3605,4010,1746,2065,1386.7484222948551,1875,,,,,,,,,,,,
train,Mass-Training_P_00968_LEFT_CC_1,Mass-Training_P_00968_LEFT_CC,1,ok,1,True,2106.0,2438.0,1488.0,1919.0,0.9416445623342176,2106,2438,1488,1919,4016.6787017285824,4570,,,,,,,,,,,,
train,Mass-Training_P_00968_LEFT_MLO_1,Mass-Training_P_00968_LEFT_MLO,1,ok,1,True,3227.0,3541.0,1454.0,1773.0,0.9189497716894978,3227,3541,1454,1773,2633.6517574489117,3217,,,,,,,,,,,,
train,Mass-Training_P_00970_LEFT_MLO_1,Mass-Training_P_00970_LEFT_MLO,1,ok,1,True,3351.0,3512.0,2129.0,2295.0,0.909952606635071,3351,3512,2129,2295,728.8096252977848,753,,,,,,,,,,,,
train,Mass-Training_P_00972_LEFT_CC_1,Mass-Training_P_00972_LEFT_CC,1,ok,1,True,2531.0,2695.0,1178.0,1342.0,0.7109375,2531,2695,1178,1342,671.7952781617641,768,,,,,,,,,,,,
train,Mass-Training_P_00972_LEFT_MLO_1,Mass-Training_P_00972_LEFT_MLO,1,ok,1,True,2581.0,2759.0,1277.0,1471.0,0.9181240063593005,2581,2759,1277,1471,766.6309846043587,802,,,,,,,,,,,,
train,Mass-Training_P_00976_LEFT_CC_1,Mass-Training_P_00976_LEFT_CC,1,ok,1,True,1529.0,1805.0,87.0,368.0,0.8848032174662454,1529,1805,87,368,1506.2844452857971,1873,,,,,,,,,,,,
train,Mass-Training_P_00976_LEFT_MLO_1,Mass-Training_P_00976_LEFT_MLO,1,ok,1,True,2525.0,2803.0,163.0,473.0,0.7272727272727273,2525,2803,163,473,1675.861124098301,2143,,,,,,,,,,,,
train,Mass-Training_P_00978_RIGHT_CC_1,Mass-Training_P_00978_RIGHT_CC,1,ok,1,True,956.0,1400.0,3063.0,3548.0,0.7166254046848219,956,1400,3063,3548,2457.330379933119,3093,,,,,,,,,,,,
train,Mass-Training_P_00978_RIGHT_MLO_1,Mass-Training_P_00978_RIGHT_MLO,1,ok,1,True,2097.0,2686.0,3009.0,3633.0,0.89254330906352,2097,2686,3009,3633,4684.036993980408,5045,,,,,,,,,,,,
train,Mass-Training_P_00988_LEFT_CC_1,Mass-Training_P_00988_LEFT_CC,1,ok,1,True,2902.0,3155.0,1215.0,1462.0,0.746606334841629,2902,3155,1215,1462,1134.2088068723679,1507,,,,,,,,,,,,
train,Mass-Training_P_00988_LEFT_MLO_1,Mass-Training_P_00988_LEFT_MLO,1,ok,2,True,3484.0,3672.0,1168.0,1325.0,0.029371112646855563,1387,1613,1569,1783,578.4536731243134,785,3484.0,3672.0,1168.0,1325.0,373.8661534190178,531.0,,,,,,
train,Mass-Training_P_00990_RIGHT_CC_1,Mass-Training_P_00990_RIGHT_CC,1,ok,1,True,2325.0,3283.0,2511.0,3512.0,0.9053507728894173,2325,3283,2511,3512,10818.383285880089,13036,,,,,,,,,,,,
train,Mass-Training_P_00990_RIGHT_MLO_1,Mass-Training_P_00990_RIGHT_MLO,1,ok,1,True,2489.0,3385.0,2396.0,3022.0,0.8297797045032292,2489,3385,2396,3022,5376.4760265648365,7051,,,,,,,,,,,,
train,Mass-Training_P_00994_RIGHT_MLO_1,Mass-Training_P_00994_RIGHT_MLO,1,ok,1,True,2718.0,3043.0,1675.0,1945.0,0.8967391304347826,2718,3043,1675,1945,2269.470745921135,2477,,,,,,,,,,,,
train,Mass-Training_P_00996_RIGHT_CC_1,Mass-Training_P_00996_RIGHT_CC,1,ok,1,True,1829.0,2113.0,509.0,879.0,0.9053196681307956,1829,2113,509,879,2118.113041996956,2561,,,,,,,,,,,,
train,Mass-Training_P_00997_LEFT_CC_1,Mass-Training_P_00997_LEFT_CC,1,ok,1,True,2376.0,2843.0,5.0,234.0,0.7620099392600773,2376,2843,5,234,3192.75878444314,3953,,,,,,,,,,,,
train,Mass-Training_P_00997_LEFT_MLO_1,Mass-Training_P_00997_LEFT_MLO,1,ok,1,True,2532.0,3153.0,146.0,730.0,0.8028650496500082,2532,3153,146,730,10796.775332957506,11884,,,,,,,,,,,,
train,Mass-Training_P_00999_LEFT_CC_1,Mass-Training_P_00999_LEFT_CC,1,ok,1,True,1790.0,2013.0,989.0,1260.0,0.6740088105726872,1790,2013,989,1260,1034.6272925138474,1149,,,,,,,,,,,,
train,Mass-Training_P_00999_LEFT_MLO_1,Mass-Training_P_00999_LEFT_MLO,1,ok,1,True,3480.0,3760.0,1235.0,1576.0,0.9110418830044998,3480,3760,1235,1576,1613.6191551685333,1746,1533.0,1685.0,1259.0,1436.0,298.3810217678547,585.0,,,,,,
train,Mass-Training_P_01000_RIGHT_CC_1,Mass-Training_P_01000_RIGHT_CC,1,ok,1,True,1066.0,1906.0,1753.0,2527.0,0.8628841607565012,1066,1906,1753,2527,11093.765244811773,14164,,,,,,,,,,,,
train,Mass-Training_P_01000_RIGHT_MLO_1,Mass-Training_P_01000_RIGHT_MLO,1,ok,1,True,1571.0,2237.0,1364.0,2118.0,0.9026072170791611,1571,2237,1364,2118,10193.009275734425,11506,,,,,,,,,,,,
train,Mass-Training_P_01008_RIGHT_CC_1,Mass-Training_P_01008_RIGHT_CC,1,ok,1,True,905.0,1252.0,2433.0,2801.0,0.9457452884066248,905,1252,2433,2801,3247.348063260317,3539,,,,,,,,,,,,
train,Mass-Training_P_01008_RIGHT_MLO_1,Mass-Training_P_01008_RIGHT_MLO,1,ok,1,True,1257.0,1767.0,1927.0,2381.0,0.8411923556294142,1257,1767,1927,2381,5025.259870916605,5701,,,,,,,,,,,,
train,Mass-Training_P_01009_RIGHT_CC_1,Mass-Training_P_01009_RIGHT_CC,1,ok,1,True,3817.0,4067.0,1250.0,1511.0,0.8635794743429287,3817,4067,1250,1511,1272.2710143327713,1633,,,,,,,,,,,,
train,Mass-Training_P_01009_RIGHT_MLO_1,Mass-Training_P_01009_RIGHT_MLO,1,ok,1,True,4152.0,4431.0,1089.0,1346.0,0.9215358931552587,4152,4431,1089,1346,1434.2548481225967,1664,,,,,,,,,,,,
train,Mass-Training_P_01018_RIGHT_MLO_1,Mass-Training_P_01018_RIGHT_MLO,1,ok,1,True,1293.0,1453.0,2386.0,2515.0,0.7172413793103448,1293,1453,2386,2515,336.1257984340191,560,,,,,,,,,,,,
train,Mass-Training_P_01032_RIGHT_CC_1,Mass-Training_P_01032_RIGHT_CC,1,ok,1,True,1954.0,2309.0,1881.0,2333.0,0.9436193619361937,1954,2309,1881,2333,5068.199283778667,5454,,,,,,,,,,,,
train,Mass-Training_P_01035_RIGHT_CC_1,Mass-Training_P_01035_RIGHT_CC,1,ok,1,True,1554.0,1850.0,2024.0,2334.0,0.8480565371024735,1554,1850,2024,2334,2747.255491197109,3047,,,,,,,,,,,,
train,Mass-Training_P_01035_RIGHT_MLO_1,Mass-Training_P_01035_RIGHT_MLO,1,ok,1,True,1914.0,2236.0,1900.0,2213.0,0.9320776255707762,1914,2236,1900,2213,2933.5563359558582,3181,,,,,,,,,,,,
train,Mass-Training_P_01047_LEFT_CC_1,Mass-Training_P_01047_LEFT_CC,1,ok,1,True,2768.0,2995.0,1064.0,1286.0,0.8695652173913043,2768,2995,1064,1286,1028.1466669142246,1277,,,,,,,,,,,,
train,Mass-Training_P_01047_LEFT_MLO_1,Mass-Training_P_01047_LEFT_MLO,1,ok,1,True,3267.0,3392.0,992.0,1122.0,0.8492307692307692,3267,3392,992,1122,374.5344748198986,484,,,,,,,,,,,,
train,Mass-Training_P_01048_RIGHT_CC_1,Mass-Training_P_01048_RIGHT_CC,1,ok,1,True,2798.0,3155.0,1490.0,1810.0,0.8803159173754557,2798,3155,1490,1810,3040.073882550001,3200,,,,,,,,,,,,
train,Mass-Training_P_01048_RIGHT_MLO_1,Mass-Training_P_01048_RIGHT_MLO,1,ok,1,True,3687.0,4037.0,1774.0,2216.0,0.9477719214183038,3687,4037,1774,2216,3961.246784776449,4223,,,,,,,,,,,,
train,Mass-Training_P_01051_RIGHT_CC_1,Mass-Training_P_01051_RIGHT_CC,1,ok,1,True,1487.0,1760.0,2723.0,2899.0,0.6954689146469969,1487,1760,2723,2899,1357.2828870415688,1582,,,,,,,,,,,,
train,Mass-Training_P_01051_RIGHT_MLO_1,Mass-Training_P_01051_RIGHT_MLO,1,ok,1,True,1335.0,1687.0,1667.0,1962.0,0.8857142857142857,1335,1687,1667,1962,2546.086976259947,2879,,,,,,,,,,,,
train,Mass-Training_P_01054_RIGHT_MLO_1,Mass-Training_P_01054_RIGHT_MLO,1,ok,1,True,2655.0,2797.0,838.0,1022.0,0.8611111111111112,2655,2797,838,1022,769.8720644712448,810,,,,,,,,,,,,
train,Mass-Training_P_01057_RIGHT_CC_1,Mass-Training_P_01057_RIGHT_CC,1,ok,1,True,879.0,1226.0,2467.0,2788.0,0.8906444906444907,879,1226,2467,2788,2742.3003193736076,2951,,,,,,,,,,,,
train,Mass-Training_P_01057_RIGHT_MLO_1,Mass-Training_P_01057_RIGHT_MLO,1,ok,1,True,1756.0,2048.0,1880.0,2222.0,0.7952092655962095,1756,2048,1880,2222,2129.0154586732388,2367,3842.0,4015.0,1826.0,2037.0,798.428179949522,931.0,,,,,,
train,Mass-Training_P_01062_RIGHT_CC_1,Mass-Training_P_01062_RIGHT_CC,1,ok,1,True,1013.0,1247.0,2226.0,2508.0,0.9257927427263811,1013,1247,2226,2508,2005.4566150903702,2130,,,,,,,,,,,,
train,Mass-Training_P_01062_RIGHT_MLO_1,Mass-Training_P_01062_RIGHT_MLO,1,ok,1,True,1687.0,1953.0,1726.0,1973.0,0.9807692307692307,1687,1953,1726,1973,1993.6397034525871,2116,,,,,,,,,,,,
train,Mass-Training_P_01071_LEFT_CC_1,Mass-Training_P_01071_LEFT_CC,1,ok,1,True,3051.0,3271.0,95.0,298.0,0.75,3051,3271,95,298,818.93800547719,973,,,,,,,,,,,,
train,Mass-Training_P_01071_LEFT_MLO_1,Mass-Training_P_01071_LEFT_MLO,1,ok,1,True,3300.0,3559.0,285.0,507.0,0.8842105263157894,3300,3559,285,507,889.3182891905308,986,,,,,,,,,,,,
train,Mass-Training_P_01077_LEFT_CC_1,Mass-Training_P_01077_LEFT_CC,1,ok,1,True,2138.0,2411.0,148.0,499.0,0.7014925373134329,2138,2411,148,499,1733.3740575313568,1990,,,,,,,,,,,,
train,Mass-Training_P_01079_RIGHT_CC_1,Mass-Training_P_01079_RIGHT_CC,1,ok,1,True,1512.0,1742.0,1358.0,1625.0,0.8909090909090909,1512,1742,1358,1625,1569.6422664523125,1719,,,,,,,,,,,,
train,Mass-Training_P_01079_RIGHT_MLO_1,Mass-Training_P_01079_RIGHT_MLO,1,ok,1,True,2670.0,2957.0,1353.0,1594.0,0.8315334773218143,2670,2957,1353,1594,1714.392943650484,1834,,,,,,,,,,,,
train,Mass-Training_P_01086_LEFT_MLO_1,Mass-Training_P_01086_LEFT_MLO,1,ok,1,True,1944.0,2194.0,2379.0,2635.0,0.8800521512385919,1944,2194,2379,2635,1253.8928211033344,1390,,,,,,,,,,,,
train,Mass-Training_P_01088_LEFT_CC_1,Mass-Training_P_01088_LEFT_CC,1,ok,1,True,2217.0,2536.0,0.0,325.0,0.8172888015717092,2217,2536,0,325,1744.98291644454,1963,,,,,,,,,,,,
train,Mass-Training_P_01088_LEFT_MLO_1,Mass-Training_P_01088_LEFT_MLO,1,ok,1,True,2380.0,2664.0,124.0,414.0,0.8545454545454545,2380,2664,124,414,1364.4564890265465,1446,,,,,,,,,,,,
train,Mass-Training_P_01093_LEFT_CC_1,Mass-Training_P_01093_LEFT_CC,1,ok,1,True,1052.0,1326.0,2342.0,2605.0,0.8403920196009801,1052,1326,2342,2605,1938.3684838414192,2112,,,,,,,,,,,,
train,Mass-Training_P_01093_LEFT_MLO_1,Mass-Training_P_01093_LEFT_MLO,1,ok,1,True,2245.0,2509.0,2245.0,2499.0,0.9097196942118675,2245,2509,2245,2499,1703.3893186450005,1810,,,,,,,,,,,,
train,Mass-Training_P_01097_LEFT_CC_1,Mass-Training_P_01097_LEFT_CC,1,ok,1,True,2208.0,2500.0,265.0,543.0,0.8597948216902784,2208,2500,265,543,2646.612341850996,3030,,,,,,,,,,,,
train,Mass-Training_P_01097_LEFT_MLO_1,Mass-Training_P_01097_LEFT_MLO,1,ok,2,True,3513.0,3725.0,347.0,574.0,0.847723704866562,1571,1730,178,333,826.1450240314007,849,3513.0,3725.0,347.0,574.0,790.476369947195,1536.0,,,,,,
train,Mass-Training_P_01104_LEFT_MLO_1,Mass-Training_P_01104_LEFT_MLO,1,ok,1,True,2872.0,3126.0,1854.0,2159.0,0.9247076023391813,2872,3126,1854,2159,1542.049669265747,1820,,,,,,,,,,,,
train,Mass-Training_P_01109_LEFT_MLO_1,Mass-Training_P_01109_LEFT_MLO,1,ok,1,True,3505.0,3748.0,1548.0,1796.0,0.9379247847757136,3505,3748,1548,1796,1379.3968505561352,1459,,,,,,,,,,,,
train,Mass-Training_P_01112_LEFT_CC_1,Mass-Training_P_01112_LEFT_CC,1,ok,1,True,1522.0,1851.0,848.0,1173.0,0.9859154929577465,1522,1851,848,1173,3201.3291701972485,3723,,,,,,,,,,,,
train,Mass-Training_P_01112_LEFT_MLO_1,Mass-Training_P_01112_LEFT_MLO,1,ok,1,True,2348.0,2576.0,1606.0,1828.0,0.8413461538461539,2348,2576,1606,1828,1141.9232367575169,1775,,,,,,,,,,,,
train,Mass-Training_P_01115_RIGHT_CC_1,Mass-Training_P_01115_RIGHT_CC,1,ok,1,True,2738.0,3041.0,2311.0,2639.0,0.8958742632612967,2738,3041,2311,2639,2331.2313498556614,2499,,,,,,,,,,,,
train,Mass-Training_P_01115_RIGHT_MLO_1,Mass-Training_P_01115_RIGHT_MLO,1,ok,1,True,2359.0,2790.0,1590.0,2046.0,0.9564891222805701,2359,2790,1590,2046,4047.369426459074,5020,,,,,,,,,,,,
train,Mass-Training_P_01118_RIGHT_CC_1,Mass-Training_P_01118_RIGHT_CC,1,ok,1,True,2822.0,3067.0,636.0,866.0,0.8045929018789144,2822,3067,636,866,1303.3469992280006,1420,,,,,,,,,,,,
train,Mass-Training_P_01118_RIGHT_MLO_1,Mass-Training_P_01118_RIGHT_MLO,1,ok,1,True,2788.0,2959.0,905.0,1160.0,0.7783882783882784,2788,2959,905,1160,984.3245962262154,1097,,,,,,,,,,,,
train,Mass-Training_P_01120_LEFT_CC_1,Mass-Training_P_01120_LEFT_CC,1,ok,1,True,2561.0,2948.0,223.0,711.0,0.8335486649440138,2561,2948,223,711,4861.800530433655,5841,,,,,,,,,,,,
train,Mass-Training_P_01120_LEFT_MLO_1,Mass-Training_P_01120_LEFT_MLO,1,ok,1,True,2566.0,2989.0,407.0,871.0,0.8617021276595744,2566,2989,407,871,4241.391601860523,4843,1528.0,1612.0,104.0,203.0,112.45830908417702,239.0,,,,,,
train,Mass-Training_P_01123_LEFT_CC_1,Mass-Training_P_01123_LEFT_CC,1,ok,1,True,2540.0,2821.0,548.0,809.0,0.8983050847457628,2540,2821,548,809,2104.876948058605,2313,,,,,,,,,,,,
train,Mass-Training_P_01123_LEFT_MLO_1,Mass-Training_P_01123_LEFT_MLO,1,ok,1,True,2523.0,2882.0,743.0,1132.0,0.6955128205128205,2523,2882,743,1132,3303.129459351301,4092,,,,,,,,,,,,
train,Mass-Training_P_01124_RIGHT_CC_1,Mass-Training_P_01124_RIGHT_CC,1,ok,1,True,3838.0,4039.0,1386.0,1567.0,0.8587570621468926,3838,4039,1386,1567,846.0634759664536,1066,,,,,,,,,,,,
train,Mass-Training_P_01124_RIGHT_MLO_1,Mass-Training_P_01124_RIGHT_MLO,1,ok,1,True,3937.0,4154.0,1769.0,2012.0,0.8158102766798419,3937,4154,1769,2012,1357.6290377676487,1597,,,,,,,,,,,,
train,Mass-Training_P_01130_RIGHT_CC_1,Mass-Training_P_01130_RIGHT_CC,1,ok,1,True,1303.0,1678.0,3348.0,3717.0,0.9166666666666666,1303,1678,3348,3717,1937.6213427782059,2045,,,,,,,,,,,,
train,Mass-Training_P_01130_RIGHT_MLO_1,Mass-Training_P_01130_RIGHT_MLO,1,ok,1,True,2403.0,2785.0,2902.0,3255.0,0.7451564828614009,2403,2785,2902,3255,2357.192244142294,2668,,,,,,,,,,,,
train,Mass-Training_P_01131_LEFT_CC_1,Mass-Training_P_01131_LEFT_CC,1,ok,1,True,1945.0,2352.0,961.0,1408.0,0.8589041095890411,1945,2352,961,1408,3890.778851747513,4162,,,,,,,,,,,,
train,Mass-Training_P_01131_LEFT_MLO_1,Mass-Training_P_01131_LEFT_MLO,1,ok,1,True,2461.0,2896.0,1737.0,2102.0,0.8957345971563981,2461,2896,1737,2102,3494.552887350321,4068,,,,,,,,,,,,
train,Mass-Training_P_01133_RIGHT_CC_1,Mass-Training_P_01133_RIGHT_CC,1,ok,1,True,1682.0,1993.0,1820.0,2171.0,0.9141370338248048,1682,1993,1820,2171,2339.890655040741,3066,,,,,,,,,,,,
train,Mass-Training_P_01134_RIGHT_CC_1,Mass-Training_P_01134_RIGHT_CC,1,ok,1,True,2115.0,2408.0,1946.0,2266.0,0.7989958448753463,2115,2408,1946,2266,2735.5202318131924,3008,,,,,,,,,,,,
train,Mass-Training_P_01134_RIGHT_MLO_1,Mass-Training_P_01134_RIGHT_MLO,1,ok,1,True,2049.0,2403.0,1378.0,1663.0,0.8706591070163004,2049,2403,1378,1663,3116.0800917744637,3422,,,,,,,,,,,,
train,Mass-Training_P_01142_RIGHT_CC_1,Mass-Training_P_01142_RIGHT_CC,1,ok,1,True,2937.0,3241.0,1719.0,1956.0,0.8288288288288288,2937,3241,1719,1956,1685.3876560032368,1996,,,,,,,,,,,,
train,Mass-Training_P_01142_RIGHT_MLO_1,Mass-Training_P_01142_RIGHT_MLO,1,ok,1,True,2861.0,3273.0,1619.0,1996.0,0.8285198555956679,2861,3273,1619,1996,3555.0484759509563,4104,,,,,,,,,,,,
train,Mass-Training_P_01146_LEFT_CC_1,Mass-Training_P_01146_LEFT_CC,1,ok,1,True,2571.0,2738.0,2634.0,2801.0,0.6330445544554455,2571,2738,2634,2801,656.1282861530781,812,,,,,,,,,,,,
train,Mass-Training_P_01149_RIGHT_CC_1,Mass-Training_P_01149_RIGHT_CC,1,ok,1,True,2143.0,2629.0,3636.0,3937.0,0.8296296296296296,2143,2629,3636,3937,1980.1259204745293,2530,,,,,,,,,,,,
train,Mass-Training_P_01149_RIGHT_MLO_1,Mass-Training_P_01149_RIGHT_MLO,1,ok,1,True,2192.0,2530.0,2489.0,2827.0,0.908443177769861,2192,2530,2489,2827,1431.2651512920856,1763,,,,,,,,,,,,
train,Mass-Training_P_01151_RIGHT_CC_1,Mass-Training_P_01151_RIGHT_CC,1,ok,1,True,1663.0,1968.0,2433.0,2716.0,0.8241626794258373,1663,1968,2433,2716,1846.2644420266151,2068,,,,,,,,,,,,
train,Mass-Training_P_01151_RIGHT_MLO_1,Mass-Training_P_01151_RIGHT_MLO,1,ok,1,True,2348.0,2611.0,1935.0,2193.0,0.9208163265306123,2348,2611,1935,2193,1435.4417334496975,1611,,,,,,,,,,,,
train,Mass-Training_P_01153_RIGHT_CC_1,Mass-Training_P_01153_RIGHT_CC,1,ok,1,True,2264.0,2471.0,1533.0,1827.0,0.826271186440678,2264,2471,1533,1827,649.6785436868668,812,,,,,,,,,,,,
train,Mass-Training_P_01155_RIGHT_CC_1,Mass-Training_P_01155_RIGHT_CC,1,ok,1,True,1640.0,1974.0,1242.0,1552.0,0.8621540631059404,1640,1974,1242,1552,2789.1777707338333,3281,,,,,,,,,,,,
train,Mass-Training_P_01155_RIGHT_MLO_1,Mass-Training_P_01155_RIGHT_MLO,1,ok,1,True,2158.0,2439.0,699.0,943.0,0.8744012772751464,2158,2439,699,943,1850.9524829089642,2285,,,,,,,,,,,,
train,Mass-Training_P_01158_RIGHT_CC_1,Mass-Training_P_01158_RIGHT_CC,1,ok,1,True,2286.0,2755.0,304.0,739.0,0.8529370920705458,2286,2755,304,739,4139.777110666037,4805,,,,,,,,,,,,
train,Mass-Training_P_01158_RIGHT_MLO_1,Mass-Training_P_01158_RIGHT_MLO,1,ok,1,True,3147.0,3485.0,707.0,1195.0,0.7825910107789302,3147,3485,707,1195,2662.8191444575787,2990,,,,,,,,,,,,
train,Mass-Training_P_01163_LEFT_CC_1,Mass-Training_P_01163_LEFT_CC,1,ok,1,True,2999.0,3316.0,0.0,269.0,0.9273919378339,2999,3316,0,269,2537.5737874507904,2716,,,,,,,,,,,,
train,Mass-Training_P_01163_LEFT_MLO_1,Mass-Training_P_01163_LEFT_MLO,1,ok,1,True,2214.0,2499.0,116.0,367.0,0.8962264150943396,2214,2499,116,367,2207.3593256771564,2309,,,,,,,,,,,,
train,Mass-Training_P_01164_RIGHT_CC_1,Mass-Training_P_01164_RIGHT_CC,1,ok,1,True,2431.0,2722.0,1498.0,1764.0,0.8182648401826484,2431,2722,1498,1764,2723.3146610558033,2999,,,,,,,,,,,,
train,Mass-Training_P_01164_RIGHT_MLO_1,Mass-Training_P_01164_RIGHT_MLO,1,ok,1,True,3694.0,4030.0,1915.0,2201.0,0.8856950370536717,3694,4030,1915,2201,2366.646216124296,2540,,,,,,,,,,,,
train,Mass-Training_P_01165_LEFT_CC_1,Mass-Training_P_01165_LEFT_CC,1,ok,1,True,1705.0,2515.0,1673.0,2574.0,0.8929829505424828,1705,2515,1673,2574,13472.918283551931,17398,3882.0,4070.0,1737.0,1925.0,427.5154747068882,931.0,,,,,,
train,Mass-Training_P_01165_LEFT_MLO_1,Mass-Training_P_01165_LEFT_MLO,1,ok,1,True,2622.0,3368.0,1501.0,2359.0,0.8200455580865603,2622,3368,1501,2359,11439.127044588327,14652,,,,,,,,,,,,
train,Mass-Training_P_01165_RIGHT_CC_1,Mass-Training_P_01165_RIGHT_CC,1,ok,1,True,2446.0,2822.0,1117.0,1548.0,0.9014308426073132,2446,2822,1117,1548,2533.794373989105,3060,,,,,,,,,,,,
train,Mass-Training_P_01171_LEFT_CC_1,Mass-Training_P_01171_LEFT_CC,1,ok,1,True,1807.0,2158.0,1629.0,1967.0,0.7232472324723247,1807,2158,1629,1967,2099.85911616683,2348,4777.0,4936.0,2779.0,2945.0,329.824450135231,496.0,,,,,,
train,Mass-Training_P_01171_LEFT_MLO_1,Mass-Training_P_01171_LEFT_MLO,1,ok,1,True,2993.0,3268.0,1637.0,1979.0,0.8035714285714286,2993,3268,1637,1979,1278.0316226482391,1463,4690.0,4845.0,3006.0,3181.0,226.705163449049,407.0,,,,,,
train,Mass-Training_P_01175_LEFT_MLO_1,Mass-Training_P_01175_LEFT_MLO,1,ok,1,True,2332.0,2608.0,557.0,759.0,0.7112299465240641,2332,2608,557,759,1483.9446341097355,1619,,,,,,,,,,,,
train,Mass-Training_P_01175_RIGHT_CC_1,Mass-Training_P_01175_RIGHT_CC,1,ok,1,True,1282.0,1498.0,2318.0,2559.0,0.7542857142857143,1282,1498,2318,2559,1323.2852745652199,1519,,,,,,,,,,,,
train,Mass-Training_P_01175_RIGHT_MLO_1,Mass-Training_P_01175_RIGHT_MLO,1,ok,1,True,3108.0,3320.0,1866.0,2139.0,0.8503016591251885,3108,3320,1866,2139,1212.406725883484,1447,,,,,,,,,,,,
train,Mass-Training_P_01179_LEFT_CC_1,Mass-Training_P_01179_LEFT_CC,1,ok,1,True,1720.0,2022.0,1642.0,1949.0,0.859246427024686,1720,2022,1642,1949,2777.284206867218,3060,,,,,,,,,,,,
train,Mass-Training_P_01179_LEFT_MLO_1,Mass-Training_P_01179_LEFT_MLO,1,ok,1,True,2791.0,3038.0,828.0,1108.0,0.7168347556245152,2791,3038,828,1108,1329.9961067438126,1556,,,,,,,,,,,,
train,Mass-Training_P_01181_LEFT_CC_1,Mass-Training_P_01181_LEFT_CC,1,ok,1,True,1620.0,1930.0,75.0,379.0,0.8962085308056872,1620,1930,75,379,2548.642494022846,2831,,,,,,,,,,,,
train,Mass-Training_P_01181_LEFT_MLO_1,Mass-Training_P_01181_LEFT_MLO,1,ok,1,True,3104.0,3362.0,367.0,739.0,0.9101796407185628,3104,3362,367,739,2327.771252065897,2634,,,,,,,,,,,,
train,Mass-Training_P_01182_LEFT_CC_1,Mass-Training_P_01182_LEFT_CC,1,ok,1,True,1603.0,1953.0,531.0,782.0,0.8639705882352942,1603,1953,531,782,1759.4038835167885,1902,,,,,,,,,,,,
train,Mass-Training_P_01182_LEFT_MLO_1,Mass-Training_P_01182_LEFT_MLO,1,ok,1,True,2189.0,2465.0,366.0,630.0,0.8403361344537815,2189,2465,366,630,1445.3509301245213,1592,,,,,,,,,,,,
train,Mass-Training_P_01185_RIGHT_CC_1,Mass-Training_P_01185_RIGHT_CC,1,ok,1,True,2938.0,3294.0,3622.0,3929.0,0.588597210828548,2938,3294,3622,3929,1412.0845329165459,1838,,,,,,,,,,,,
train,Mass-Training_P_01185_RIGHT_MLO_1,Mass-Training_P_01185_RIGHT_MLO,1,ok,1,True,530.0,1020.0,2525.0,3132.0,0.811965811965812,530,1020,2525,3132,4069.6985146701336,4945,,,,,,,,,,,,
train,Mass-Training_P_01189_LEFT_CC_1,Mass-Training_P_01189_LEFT_CC,1,ok,1,True,2043.0,2615.0,425.0,1034.0,0.91,2043,2615,425,1034,5831.246562898159,6668,,,,,,,,,,,,
train,Mass-Training_P_01189_LEFT_MLO_1,Mass-Training_P_01189_LEFT_MLO,1,ok,1,True,2146.0,2839.0,1092.0,1910.0,0.9118324456599971,2146,2839,1092,1910,8199.988396555185,9355,,,,,,,,,,,,
train,Mass-Training_P_01190_LEFT_CC_1,Mass-Training_P_01190_LEFT_CC,1,ok,1,True,3189.0,3714.0,647.0,1044.0,0.8537293053422086,3189,3714,647,1044,2943.42617303133,3478,,,,,,,,,,,,
train,Mass-Training_P_01190_LEFT_MLO_1,Mass-Training_P_01190_LEFT_MLO,1,ok,1,True,3244.0,3657.0,950.0,1381.0,0.9585070478459401,3244,3657,950,1381,2408.7684729397297,2890,,,,,,,,,,,,
train,Mass-Training_P_01201_LEFT_CC_1,Mass-Training_P_01201_LEFT_CC,1,ok,1,True,2344.0,2755.0,323.0,703.0,0.8905374216946917,2344,2755,323,703,3763.300443381071,4049,,,,,,,,,,,,
train,Mass-Training_P_01201_LEFT_MLO_1,Mass-Training_P_01201_LEFT_MLO,1,ok,1,True,1470.0,1881.0,858.0,1660.0,0.8084453880632224,1470,1881,858,1660,8685.458219408989,9808,,,,,,,,,,,,
train,Mass-Training_P_01203_RIGHT_CC_1,Mass-Training_P_01203_RIGHT_CC,1,ok,1,True,3014.0,3352.0,2572.0,2861.0,0.9616815476190477,3014,3352,2572,2861,1452.304166585207,1643,,,,,,,,,,,,
train,Mass-Training_P_01203_RIGHT_MLO_1,Mass-Training_P_01203_RIGHT_MLO,1,ok,1,True,2449.0,2762.0,2286.0,2521.0,0.8409090909090909,2449,2762,2286,2521,1029.5472783446312,1413,,,,,,,,,,,,
train,Mass-Training_P_01206_RIGHT_CC_1,Mass-Training_P_01206_RIGHT_CC,1,ok,1,True,1677.0,1999.0,726.0,1099.0,0.8457142857142858,1677,1999,726,1099,2363.9964376091957,3058,5149.0,5231.0,205.0,424.0,251.9925726056099,433.0,,,,,,
train,Mass-Training_P_01206_RIGHT_MLO_1,Mass-Training_P_01206_RIGHT_MLO,1,ok,1,True,2510.0,2869.0,1126.0,1432.0,0.8934993084370678,2510,2869,1126,1432,2173.7516546547413,2697,,,,,,,,,,,,
train,Mass-Training_P_01207_RIGHT_MLO_1,Mass-Training_P_01207_RIGHT_MLO,1,ok,1,True,1106.0,1588.0,2551.0,3043.0,0.807093670408452,1106,1588,2551,3043,5143.1273101866245,6326,,,,,,,,,,,,
train,Mass-Training_P_01209_LEFT_CC_1,Mass-Training_P_01209_LEFT_CC,1,ok,1,True,2776.0,3033.0,660.0,903.0,0.8915094339622641,2776,3033,660,903,1734.708196848631,1951,,,,,,,,,,,,
train,Mass-Training_P_01212_RIGHT_CC_1,Mass-Training_P_01212_RIGHT_CC,1,ok,1,True,2708.0,2951.0,1204.0,1524.0,0.8079567779960707,2708,2951,1204,1524,1128.366695344448,1331,5320.0,5500.0,166.0,301.0,265.86006277799606,474.0,,,,,,
train,Mass-Training_P_01212_RIGHT_MLO_1,Mass-Training_P_01212_RIGHT_MLO,1,ok,1,True,2114.0,2446.0,1758.0,2027.0,0.8080808080808081,2114,2446,1758,2027,1571.182196855545,1787,,,,,,,,,,,,
train,Mass-Training_P_01218_RIGHT_CC_2,Mass-Training_P_01218_RIGHT_CC,1,ok,1,True,1995.0,2508.0,2672.0,3144.0,0.8376146788990826,1995,2508,2672,3144,4201.8461446762085,4685,,,,,,,,,,,,
train,Mass-Training_P_01218_RIGHT_MLO_2,Mass-Training_P_01218_RIGHT_MLO,1,ok,1,True,3518.0,4013.0,2829.0,3331.0,0.8212567882079131,3518,4013,2829,3331,3750.7767866253853,4145,,,,,,,,,,,,
train,Mass-Training_P_01222_LEFT_MLO_1,Mass-Training_P_01222_LEFT_MLO,1,ok,1,True,892.0,1225.0,55.0,373.0,0.7182835820895522,892,1225,55,373,2978.609096199274,3190,,,,,,,,,,,,
train,Mass-Training_P_01226_LEFT_MLO_1,Mass-Training_P_01226_LEFT_MLO,1,ok,1,True,3577.0,3727.0,1636.0,1802.0,0.8838095238095238,3577,3727,1636,1802,642.6809345781803,669,,,,,,,,,,,,
train,Mass-Training_P_01230_LEFT_MLO_1,Mass-Training_P_01230_LEFT_MLO,1,ok,1,True,4161.0,4375.0,3379.0,3581.0,0.9436274509803921,4161,4375,3379,3581,639.5038335621357,708,952.0,1122.0,3385.0,3524.0,411.4364358782768,495.0,,,,,,
train,Mass-Training_P_01231_LEFT_CC_1,Mass-Training_P_01231_LEFT_CC,1,ok,1,True,867.0,1259.0,0.0,301.0,0.6340604254166102,867,1259,0,301,2976.036684125662,3323,,,,,,,,,,,,
train,Mass-Training_P_01231_LEFT_MLO_1,Mass-Training_P_01231_LEFT_MLO,1,ok,1,True,1273.0,1712.0,332.0,864.0,0.8382687927107062,1273,1712,332,864,5271.085357904434,6213,,,,,,,,,,,,
train,Mass-Training_P_01232_RIGHT_CC_1,Mass-Training_P_01232_RIGHT_CC,1,ok,1,True,763.0,1110.0,1744.0,2146.0,0.9419856459330144,763,1110,1744,2146,3704.2095471322536,4541,,,,,,,,,,,,
train,Mass-Training_P_01232_RIGHT_MLO_1,Mass-Training_P_01232_RIGHT_MLO,1,ok,1,True,2264.0,2540.0,1776.0,2034.0,0.8901689708141322,2264,2540,1776,2034,1919.1938380002975,2260,,,,,,,,,,,,
train,Mass-Training_P_01233_LEFT_CC_1,Mass-Training_P_01233_LEFT_CC,1,ok,1,True,2791.0,3044.0,1959.0,2204.0,0.8375314861460957,2791,3044,1959,2204,756.9411865770817,956,,,,,,,,,,,,
train,Mass-Training_P_01233_LEFT_MLO_1,Mass-Training_P_01233_LEFT_MLO,1,ok,1,True,4564.0,4832.0,2370.0,2694.0,0.88125,4564,4832,2370,2694,1029.680314719677,1152,,,,,,,,,,,,
train,Mass-Training_P_01237_RIGHT_MLO_1,Mass-Training_P_01237_RIGHT_MLO,1,ok,1,True,1300.0,1443.0,2355.0,2489.0,0.8709677419354839,1300,1443,2355,2489,679.9723680615425,713,3421.0,3545.0,2518.0,2633.0,266.9437591135502,412.0,,,,,,
train,Mass-Training_P_01238_RIGHT_CC_1,Mass-Training_P_01238_RIGHT_CC,1,ok,1,True,2420.0,2733.0,1588.0,1906.0,0.9428211057389111,2420,2733,1588,1906,2693.955056488514,3216,,,,,,,,,,,,
train,Mass-Training_P_01238_RIGHT_MLO_1,Mass-Training_P_01238_RIGHT_MLO,1,ok,1,True,3526.0,3762.0,1465.0,1782.0,0.7458064516129033,3526,3762,1465,1782,972.5023828446865,2314,,,,,,,,,,,,
train,Mass-Training_P_01239_RIGHT_CC_1,Mass-Training_P_01239_RIGHT_CC,1,ok,1,True,2174.0,2448.0,977.0,1260.0,0.8241563055062167,2174,2448,977,1260,2618.1696723401546,2847,,,,,,,,,,,,
train,Mass-Training_P_01241_RIGHT_CC_1,Mass-Training_P_01241_RIGHT_CC,1,ok,1,True,1911.0,2107.0,1820.0,2026.0,0.9296254256526674,1911,2107,1820,2026,985.4168354868889,1124,,,,,,,,,,,,
train,Mass-Training_P_01241_RIGHT_MLO_1,Mass-Training_P_01241_RIGHT_MLO,1,ok,1,True,2713.0,2909.0,1271.0,1467.0,0.9096320346320347,2713,2909,1271,1467,892.3304631710052,1098,,,,,,,,,,,,
train,Mass-Training_P_01243_LEFT_CC_1,Mass-Training_P_01243_LEFT_CC,1,ok,1,True,2061.0,2441.0,288.0,628.0,0.8968390100465572,2061,2441,288,628,2224.403151333332,2631,,,,,,,,,,,,
train,Mass-Training_P_01243_LEFT_MLO_1,Mass-Training_P_01243_LEFT_MLO,1,ok,1,True,2984.0,3321.0,655.0,1031.0,0.9307740717432348,2984,3321,655,1031,1730.3781412541866,2063,,,,,,,,,,,,
train,Mass-Training_P_01248_LEFT_CC_1,Mass-Training_P_01248_LEFT_CC,1,ok,1,True,1591.0,1839.0,131.0,449.0,0.9452054794520548,1591,1839,131,449,2444.617850780487,2570,,,,,,,,,,,,
train,Mass-Training_P_01248_LEFT_MLO_1,Mass-Training_P_01248_LEFT_MLO,1,ok,1,True,2002.0,2300.0,303.0,624.0,0.8777006172839507,2002,2300,303,624,3020.004718929529,3256,,,,,,,,,,,,
train,Mass-Training_P_01250_RIGHT_CC_1,Mass-Training_P_01250_RIGHT_CC,1,ok,1,True,1453.0,1955.0,2711.0,3220.0,0.8902439024390244,1453,1955,2711,3220,3149.9601332247257,3629,,,,,,,,,,,,
train,Mass-Training_P_01250_RIGHT_MLO_1,Mass-Training_P_01250_RIGHT_MLO,1,ok,1,True,2349.0,2863.0,2289.0,2738.0,0.9259259259259259,2349,2863,2289,2738,3262.928866714239,3611,,,,,,,,,,,,
train,Mass-Training_P_01258_LEFT_CC_1,Mass-Training_P_01258_LEFT_CC,1,ok,2,True,1699.0,1941.0,2548.0,2791.0,0.8857142857142857,3847,4161,1270,1563,836.5606889724731,1504,1699.0,1941.0,2548.0,2791.0,640.132117241621,699.0,,,,,,
train,Mass-Training_P_01260_LEFT_MLO_1,Mass-Training_P_01260_LEFT_MLO,1,ok,1,True,410.0,775.0,0.0,318.0,0.8363201911589009,410,775,0,318,3356.724318474531,3978,3458.0,3509.0,1199.0,1259.0,40.830546498298645,91.0,,,,,,
train,Mass-Training_P_01261_LEFT_CC_1,Mass-Training_P_01261_LEFT_CC,1,ok,1,True,876.0,1192.0,686.0,971.0,0.9562289562289562,876,1192,686,971,3061.8469824790955,3256,,,,,,,,,,,,
train,Mass-Training_P_01261_LEFT_MLO_1,Mass-Training_P_01261_LEFT_MLO,1,ok,1,True,2601.0,2913.0,1000.0,1312.0,0.9714285714285714,2601,2913,1000,1312,3016.5577970147133,3201,,,,,,,,,,,,
train,Mass-Training_P_01262_RIGHT_CC_1,Mass-Training_P_01262_RIGHT_CC,2,ok,0,False,,,,,0.0,1554,2051,3769,4081,2260.921635955572,2535,,,,,,,,,,,,
train,Mass-Training_P_01262_RIGHT_CC_2,Mass-Training_P_01262_RIGHT_CC,2,ok,1,True,1554.0,2051.0,3769.0,4081.0,0.7088208820882088,1554,2051,3769,4081,2260.921635955572,2535,,,,,,,,,,,,
train,Mass-Training_P_01262_RIGHT_MLO_1,Mass-Training_P_01262_RIGHT_MLO,1,ok,1,True,2079.0,2903.0,3520.0,4081.0,0.8925619834710744,2079,2903,3520,4081,5314.094607025385,6837,,,,,,,,,,,,
train,Mass-Training_P_01264_LEFT_MLO_1,Mass-Training_P_01264_LEFT_MLO,1,ok,1,True,3117.0,3370.0,2892.0,3151.0,0.8152337858220211,3117,3370,2892,3151,1569.4702298045158,1642,,,,,,,,,,,,
train,Mass-Training_P_01265_RIGHT_CC_1,Mass-Training_P_01265_RIGHT_CC,1,ok,1,True,3967.0,4175.0,2324.0,2569.0,0.9199689199689199,3967,4175,2324,2569,880.9533777236938,916,,,,,,,,,,,,
train,Mass-Training_P_01265_RIGHT_MLO_1,Mass-Training_P_01265_RIGHT_MLO,1,ok,1,True,3592.0,3799.0,2045.0,2291.0,0.7205146533238027,3592,3799,2045,2291,777.3237527012825,919,,,,,,,,,,,,
train,Mass-Training_P_01267_RIGHT_MLO_1,Mass-Training_P_01267_RIGHT_MLO,1,ok,1,True,2987.0,3132.0,488.0,697.0,0.7598214285714285,2987,3132,488,697,622.9634786248207,833,,,,,,,,,,,,
train,Mass-Training_P_01268_RIGHT_CC_1,Mass-Training_P_01268_RIGHT_CC,1,ok,1,True,3058.0,3402.0,1123.0,1534.0,0.8541560428352881,3058,3402,1123,1534,2893.364351809025,3990,,,,,,,,,,,,
train,Mass-Training_P_01268_RIGHT_MLO_1,Mass-Training_P_01268_RIGHT_MLO,1,ok,1,True,3084.0,3388.0,1341.0,1723.0,0.9140759930915371,3084,3388,1341,1723,2612.723685115576,3160,,,,,,,,,,,,
train,Mass-Training_P_01270_LEFT_CC_1,Mass-Training_P_01270_LEFT_CC,1,ok,1,True,1428.0,1594.0,301.0,615.0,0.7142857142857143,1428,1594,301,615,883.6308951377869,939,4341.0,4476.0,1889.0,2010.0,153.19834953546524,308.0,,,,,,
train,Mass-Training_P_01270_LEFT_MLO_1,Mass-Training_P_01270_LEFT_MLO,1,ok,1,True,2478.0,2658.0,870.0,1173.0,0.8617021276595744,2478,2658,870,1173,766.7851703763008,850,,,,,,,,,,,,
train,Mass-Training_P_01270_RIGHT_CC_1,Mass-Training_P_01270_RIGHT_CC,1,ok,1,True,1186.0,2120.0,1933.0,2894.0,0.9663926940639269,1186,2120,1933,2894,14895.082564681768,15587,,,,,,,,,,,,
train,Mass-Training_P_01270_RIGHT_MLO_1,Mass-Training_P_01270_RIGHT_MLO,2,ok,2,True,2885.0,3833.0,831.0,1577.0,0.8941036331149493,1328,2283,1773,2741,14723.987765520811,15509,2885.0,3833.0,831.0,1577.0,8684.434320420027,10843.0,,,,,,
train,Mass-Training_P_01270_RIGHT_MLO_2,Mass-Training_P_01270_RIGHT_MLO,2,ok,1,True,1328.0,2283.0,1773.0,2741.0,0.847270771712826,1328,2283,1773,2741,14723.987765520811,15509,2885.0,3833.0,831.0,1577.0,8684.434320420027,10843.0,,,,,,
train,Mass-Training_P_01273_RIGHT_CC_1,Mass-Training_P_01273_RIGHT_CC,3,ok,1,True,1193.0,1498.0,3053.0,3389.0,0.8722707423580786,1193,1498,3053,3389,1540.9440137147903,1700,3459.0,3707.0,3186.0,3548.0,1046.6784436106682,1381.0,,,,,,
train,Mass-Training_P_01273_RIGHT_CC_2,Mass-Training_P_01273_RIGHT_CC,3,ok,2,True,3459.0,3707.0,3186.0,3548.0,0.3654223968565815,1193,1498,3053,3389,1540.9440137147903,1700,3459.0,3707.0,3186.0,3548.0,1046.6784436106682,1381.0,,,,,,
train,Mass-Training_P_01273_RIGHT_CC_3,Mass-Training_P_01273_RIGHT_CC,3,ok,0,False,,,,,0.0,1193,1498,3053,3389,1540.9440137147903,1700,3459.0,3707.0,3186.0,3548.0,1046.6784436106682,1381.0,,,,,,
train,Mass-Training_P_01273_RIGHT_MLO_1,Mass-Training_P_01273_RIGHT_MLO,3,ok,2,True,1803.0,1967.0,2954.0,3133.0,0.6724137931034483,2668,2911,3133,3462,759.0171441435814,1023,1803.0,1967.0,2954.0,3133.0,205.97709161043167,422.0,,,,,,
train,Mass-Training_P_01273_RIGHT_MLO_2,Mass-Training_P_01273_RIGHT_MLO,3,ok,0,False,,,,,0.0,2668,2911,3133,3462,759.0171441435814,1023,1803.0,1967.0,2954.0,3133.0,205.97709161043167,422.0,,,,,,
train,Mass-Training_P_01273_RIGHT_MLO_3,Mass-Training_P_01273_RIGHT_MLO,3,ok,1,True,2668.0,2911.0,3133.0,3462.0,0.913216108905275,2668,2911,3133,3462,759.0171441435814,1023,1803.0,1967.0,2954.0,3133.0,205.97709161043167,422.0,,,,,,
train,Mass-Training_P_01280_RIGHT_CC_1,Mass-Training_P_01280_RIGHT_CC,1,ok,1,True,2777.0,2914.0,2468.0,2699.0,0.9310344827586207,2777,2914,2468,2699,829.7865138053894,866,,,,,,,,,,,,
train,Mass-Training_P_01280_RIGHT_MLO_1,Mass-Training_P_01280_RIGHT_MLO,1,ok,1,True,2499.0,2674.0,2345.0,2547.0,0.9020408163265307,2499,2674,2345,2547,900.0906421840191,951,,,,,,,,,,,,
train,Mass-Training_P_01281_RIGHT_MLO_1,Mass-Training_P_01281_RIGHT_MLO,1,ok,1,True,3707.0,3863.0,1077.0,1312.0,0.8,3707,3863,1077,1312,599.7563651204109,661,,,,,,,,,,,,
train,Mass-Training_P_01285_RIGHT_CC_1,Mass-Training_P_01285_RIGHT_CC,1,ok,1,True,2602.0,2873.0,1652.0,1919.0,0.8876529477196885,2602,2873,1652,1919,1926.2069590389729,2123,,,,,,,,,,,,
train,Mass-Training_P_01285_RIGHT_MLO_1,Mass-Training_P_01285_RIGHT_MLO,1,ok,1,True,3836.0,4142.0,2022.0,2343.0,0.8217391304347826,3836,4142,2022,2343,2194.6701174378395,2589,,,,,,,,,,,,
train,Mass-Training_P_01290_RIGHT_CC_1,Mass-Training_P_01290_RIGHT_CC,1,ok,1,True,1102.0,1459.0,2496.0,2815.0,0.8932835820895523,1102,1459,2496,2815,2524.07439160347,2719,,,,,,,,,,,,
train,Mass-Training_P_01297_LEFT_CC_1,Mass-Training_P_01297_LEFT_CC,1,ok,1,True,2109.0,2477.0,1028.0,1396.0,0.9143445218492717,2109,2477,1028,1396,3736.7519755661488,4159,,,,,,,,,,,,
train,Mass-Training_P_01297_LEFT_MLO_1,Mass-Training_P_01297_LEFT_MLO,1,ok,1,True,3017.0,3441.0,1190.0,1566.0,0.8747387487808277,3017,3441,1190,1566,4203.10201844573,4888,916.0,1022.0,530.0,641.0,165.70010274648666,389.0,,,,,,
train,Mass-Training_P_01299_LEFT_MLO_1,Mass-Training_P_01299_LEFT_MLO,1,ok,1,True,3529.0,3939.0,2570.0,2912.0,0.9655585504642108,3529,3939,2570,2912,1981.3103719353676,2194,,,,,,,,,,,,
train,Mass-Training_P_01301_RIGHT_CC_1,Mass-Training_P_01301_RIGHT_CC,1,ok,1,True,1032.0,1259.0,45.0,272.0,0.7058344640434193,1032,1259,45,272,1039.5099830925465,2001,,,,,,,,,,,,
train,Mass-Training_P_01301_RIGHT_MLO_1,Mass-Training_P_01301_RIGHT_MLO,1,ok,1,True,2177.0,2429.0,139.0,386.0,0.8506787330316742,2177,2429,139,386,1424.6832122206688,1584,,,,,,,,,,,,
train,Mass-Training_P_01302_RIGHT_CC_1,Mass-Training_P_01302_RIGHT_CC,1,ok,1,True,1590.0,1860.0,2072.0,2347.0,0.890625,1590,1860,2072,2347,2022.334645241499,2129,,,,,,,,,,,,
train,Mass-Training_P_01302_RIGHT_MLO_1,Mass-Training_P_01302_RIGHT_MLO,1,ok,1,True,2280.0,2578.0,1566.0,1865.0,0.9396306818181818,2280,2578,1566,1865,2416.98750936985,2543,,,,,,,,,,,,
train,Mass-Training_P_01304_RIGHT_CC_1,Mass-Training_P_01304_RIGHT_CC,1,ok,1,True,2003.0,2289.0,1641.0,1962.0,0.9226618705035972,2003,2289,1641,1962,1839.549052298069,2189,,,,,,,,,,,,
train,Mass-Training_P_01304_RIGHT_MLO_1,Mass-Training_P_01304_RIGHT_MLO,1,ok,1,True,2594.0,2865.0,1509.0,1825.0,0.8224668360146768,2594,2865,1509,1825,2121.738752067089,2438,,,,,,,,,,,,
train,Mass-Training_P_01312_LEFT_CC_1,Mass-Training_P_01312_LEFT_CC,1,ok,1,True,1795.0,2095.0,541.0,846.0,0.9424552429667519,1795,2095,541,846,2647.207177132368,3180,,,,,,,,,,,,
train,Mass-Training_P_01325_RIGHT_MLO_1,Mass-Training_P_01325_RIGHT_MLO,1,ok,1,True,3704.0,4001.0,448.0,798.0,0.8986960882647944,3704,4001,448,798,2077.3432671129704,2524,2604.0,2841.0,1709.0,1957.0,882.7337673306465,1564.0,,,,,,
train,Mass-Training_P_01327_LEFT_MLO_1,Mass-Training_P_01327_LEFT_MLO,1,ok,1,True,2933.0,3196.0,1850.0,2193.0,0.8718861209964412,2933,3196,1850,2193,2293.5902942717075,2401,,,,,,,,,,,,
train,Mass-Training_P_01328_LEFT_CC_1,Mass-Training_P_01328_LEFT_CC,1,ok,1,True,2392.0,2688.0,196.0,550.0,0.7896077432501274,2392,2688,196,550,2257.537545144558,2490,,,,,,,,,,,,
train,Mass-Training_P_01328_LEFT_MLO_1,Mass-Training_P_01328_LEFT_MLO,1,ok,1,True,3838.0,4084.0,512.0,862.0,0.8168168168168168,3838,4084,512,862,1902.6050932109356,2187,,,,,,,,,,,,
train,Mass-Training_P_01340_LEFT_CC_1,Mass-Training_P_01340_LEFT_CC,1,ok,1,True,2066.0,2272.0,1827.0,2019.0,0.9666666666666667,2066,2272,1827,2019,587.6940298974514,666,1574.0,1681.0,3567.0,3700.0,137.82425102591515,264.0,,,,,,
train,Mass-Training_P_01349_LEFT_MLO_1,Mass-Training_P_01349_LEFT_MLO,1,ok,1,True,3235.0,3461.0,1341.0,1568.0,0.8892592592592593,3235,3461,1341,1568,1643.7372058928013,1803,,,,,,,,,,,,
train,Mass-Training_P_01354_RIGHT_MLO_1,Mass-Training_P_01354_RIGHT_MLO,1,ok,1,True,1831.0,2103.0,879.0,1131.0,0.7355263157894737,1831,2103,879,1131,1653.3158482909203,1971,,,,,,,,,,,,
train,Mass-Training_P_01355_LEFT_MLO_1,Mass-Training_P_01355_LEFT_MLO,1,ok,1,True,3556.0,3912.0,2120.0,2516.0,0.7491166077738516,3556,3912,2120,2516,1782.3008528649807,2090,,,,,,,,,,,,
train,Mass-Training_P_01356_LEFT_CC_1,Mass-Training_P_01356_LEFT_CC,1,ok,1,True,2188.0,2787.0,1305.0,1923.0,0.9409900990099009,2188,2787,1305,1923,5751.867733925581,6250,,,,,,,,,,,,
train,Mass-Training_P_01356_LEFT_MLO_1,Mass-Training_P_01356_LEFT_MLO,1,ok,1,True,3355.0,3934.0,1048.0,1599.0,0.9075439591605219,3355,3934,1048,1599,4283.641171097755,4691,,,,,,,,,,,,
train,Mass-Training_P_01357_LEFT_MLO_1,Mass-Training_P_01357_LEFT_MLO,1,ok,1,True,669.0,950.0,339.0,562.0,0.8332331730769231,669,950,339,562,1709.2944878041744,1842,,,,,,,,,,,,
train,Mass-Training_P_01360_LEFT_CC_1,Mass-Training_P_01360_LEFT_CC,1,ok,1,True,3420.0,3718.0,2059.0,2384.0,0.9027420736932305,3420,3718,2059,2384,1144.2864208519459,1292,1619.0,1883.0,2438.0,2689.0,482.32241001725197,1026.0,,,,,,
train,Mass-Training_P_01360_LEFT_MLO_1,Mass-Training_P_01360_LEFT_MLO,1,ok,1,True,4892.0,5259.0,1947.0,2270.0,0.638199411022297,4892,5259,1947,2270,1215.455641567707,1561,,,,,,,,,,,,
train,Mass-Training_P_01362_LEFT_MLO_1,Mass-Training_P_01362_LEFT_MLO,1,ok,1,True,3179.0,3501.0,2349.0,2671.0,0.8609047940580689,3179,3501,2349,2671,1838.141866594553,1959,,,,,,,,,,,,
train,Mass-Training_P_01363_RIGHT_CC_1,Mass-Training_P_01363_RIGHT_CC,1,ok,1,True,2981.0,3342.0,1490.0,1872.0,0.9731359649122807,2981,3342,1490,1872,3509.1914613246918,3633,,,,,,,,,,,,
train,Mass-Training_P_01363_RIGHT_MLO_1,Mass-Training_P_01363_RIGHT_MLO,1,ok,1,True,3677.0,3970.0,1648.0,2014.0,0.9293478260869565,3677,3970,1648,2014,2624.8822551369667,2784,,,,,,,,,,,,
train,Mass-Training_P_01364_LEFT_CC_1,Mass-Training_P_01364_LEFT_CC,1,ok,1,True,3176.0,3766.0,1015.0,1741.0,0.9228596091972063,3176,3766,1015,1741,7942.131871521473,8456,,,,,,,,,,,,
train,Mass-Training_P_01364_LEFT_MLO_1,Mass-Training_P_01364_LEFT_MLO,1,ok,1,True,3621.0,4113.0,1580.0,2103.0,0.9520390580126364,3621,4113,1580,2103,4327.965258270502,4606,,,,,,,,,,,,
train,Mass-Training_P_01367_LEFT_MLO_1,Mass-Training_P_01367_LEFT_MLO,1,ok,1,True,3073.0,3422.0,1469.0,1818.0,0.9636363636363636,3073,3422,1469,1818,1282.4168420135975,1606,,,,,,,,,,,,
train,Mass-Training_P_01374_RIGHT_CC_1,Mass-Training_P_01374_RIGHT_CC,1,ok,1,True,2497.0,2909.0,2302.0,2617.0,0.859375,2497,2909,2302,2617,2270.7527040839195,2639,,,,,,,,,,,,
train,Mass-Training_P_01374_RIGHT_MLO_1,Mass-Training_P_01374_RIGHT_MLO,1,ok,1,True,2905.0,3185.0,1864.0,2179.0,0.8254716981132075,2905,3185,1864,2179,1789.2282412350178,1973,,,,,,,,,,,,
train,Mass-Training_P_01379_LEFT_CC_1,Mass-Training_P_01379_LEFT_CC,1,ok,1,True,1104.0,1336.0,2047.0,2254.0,0.7636363636363637,1104,1336,2047,2254,901.0038347542286,1264,,,,,,,,,,,,
train,Mass-Training_P_01379_LEFT_MLO_1,Mass-Training_P_01379_LEFT_MLO,1,ok,1,True,1803.0,2127.0,1441.0,1723.0,0.8737316798196166,1803,2127,1441,1723,1823.0289082825184,2270,,,,,,,,,,,,
train,Mass-Training_P_01382_LEFT_CC_1,Mass-Training_P_01382_LEFT_CC,1,ok,1,True,1605.0,1863.0,72.0,325.0,0.8982725527831094,1605,1863,72,325,1639.6337083876133,1749,,,,,,,,,,,,
train,Mass-Training_P_01382_LEFT_MLO_1,Mass-Training_P_01382_LEFT_MLO,1,ok,1,True,2671.0,2924.0,317.0,527.0,0.8347826086956521,2671,2924,317,527,1364.762070596218,1439,,,,,,,,,,,,
train,Mass-Training_P_01383_LEFT_CC_1,Mass-Training_P_01383_LEFT_CC,1,ok,1,True,2135.0,2466.0,0.0,281.0,0.8606986899563319,2135,2466,0,281,3097.9945049881935,3454,,,,,,,,,,,,
train,Mass-Training_P_01383_LEFT_MLO_1,Mass-Training_P_01383_LEFT_MLO,1,ok,1,True,2981.0,3386.0,28.0,450.0,0.8621875,2981,3386,28,450,5308.716195106506,5660,,,,,,,,,,,,
train,Mass-Training_P_01388_LEFT_CC_1,Mass-Training_P_01388_LEFT_CC,1,ok,1,True,1288.0,1583.0,765.0,1102.0,0.8774928774928775,1288,1583,765,1102,2259.922957330942,2664,,,,,,,,,,,,
train,Mass-Training_P_01388_LEFT_MLO_1,Mass-Training_P_01388_LEFT_MLO,1,ok,1,True,2546.0,2800.0,1734.0,2021.0,0.8333333333333334,2546,2800,1734,2021,1454.562486320734,1642,,,,,,,,,,,,
train,Mass-Training_P_01389_RIGHT_CC_1,Mass-Training_P_01389_RIGHT_CC,1,ok,1,True,1407.0,1641.0,2080.0,2329.0,0.8374468085106384,1407,1641,2080,2329,1347.3259607553482,1486,,,,,,,,,,,,
train,Mass-Training_P_01389_RIGHT_MLO_1,Mass-Training_P_01389_RIGHT_MLO,1,ok,1,True,2194.0,2467.0,1436.0,1719.0,0.9160860345349894,2194,2467,1436,1719,2058.2203826606274,2294,,,,,,,,,,,,
train,Mass-Training_P_01391_LEFT_CC_1,Mass-Training_P_01391_LEFT_CC,1,ok,1,True,1945.0,2430.0,1525.0,1983.0,0.8480142001331262,1945,2430,1525,1983,4426.833296865225,5162,,,,,,,,,,,,
train,Mass-Training_P_01394_LEFT_CC_1,Mass-Training_P_01394_LEFT_CC,2,ok,1,True,2766.0,3270.0,1002.0,1468.0,0.7585185185185185,2766,3270,1002,1468,3588.6646860539913,4203,3440.0,3818.0,2205.0,2633.0,2515.5705992877483,2717.0,,,,,,
train,Mass-Training_P_01394_LEFT_CC_2,Mass-Training_P_01394_LEFT_CC,2,ok,2,True,3440.0,3818.0,2205.0,2633.0,0.9181636726546906,2766,3270,1002,1468,3588.6646860539913,4203,3440.0,3818.0,2205.0,2633.0,2515.5705992877483,2717.0,,,,,,
train,Mass-Training_P_01394_LEFT_MLO_1,Mass-Training_P_01394_LEFT_MLO,2,ok,1,True,3901.0,4374.0,811.0,1284.0,0.5987617034128662,3901,4374,811,1284,3691.3149257600307,4653,4510.0,4919.0,1995.0,2527.0,2982.5843328237534,3915.0,,,,,,
train,Mass-Training_P_01394_LEFT_MLO_2,Mass-Training_P_01394_LEFT_MLO,2,ok,2,True,4510.0,4919.0,1995.0,2527.0,0.7441895792192009,3901,4374,811,1284,3691.3149257600307,4653,4510.0,4919.0,1995.0,2527.0,2982.5843328237534,3915.0,,,,,,
train,Mass-Training_P_01394_RIGHT_CC_1,Mass-Training_P_01394_RIGHT_CC,1,ok,1,True,2553.0,3005.0,1513.0,1938.0,0.787899388171312,2553,3005,1513,1938,2361.4355772435665,2879,,,,,,,,,,,,
train,Mass-Training_P_01394_RIGHT_MLO_1,Mass-Training_P_01394_RIGHT_MLO,1,ok,1,True,3366.0,3813.0,2044.0,2526.0,0.9287766520489944,3366,3813,2044,2526,3940.9117026627064,4218,,,,,,,,,,,,
train,Mass-Training_P_01398_LEFT_CC_1,Mass-Training_P_01398_LEFT_CC,1,ok,1,True,3250.0,3526.0,81.0,303.0,0.7524752475247525,3250,3526,81,303,1376.7010780572891,1553,,,,,,,,,,,,
train,Mass-Training_P_01398_LEFT_MLO_1,Mass-Training_P_01398_LEFT_MLO,1,ok,1,True,2738.0,2959.0,94.0,377.0,0.5894020969113063,2738,2959,94,377,580.5552175939083,1383,,,,,,,,,,,,
train,Mass-Training_P_01402_RIGHT_MLO_1,Mass-Training_P_01402_RIGHT_MLO,1,ok,1,True,2957.0,3227.0,1205.0,1538.0,0.7247474747474747,2957,3227,1205,1538,1277.8916634619236,1570,,,,,,,,,,,,
train,Mass-Training_P_01405_RIGHT_CC_1,Mass-Training_P_01405_RIGHT_CC,1,ok,1,True,1624.0,1876.0,1745.0,2099.0,1.0,1624,1876,1745,2099,2613.6072111427784,2818,,,,,,,,,,,,
train,Mass-Training_P_01405_RIGHT_MLO_1,Mass-Training_P_01405_RIGHT_MLO,1,ok,1,True,2416.0,2727.0,1648.0,1886.0,0.9291023441966838,2416,2727,1648,1886,2058.122467517853,2189,,,,,,,,,,,,
train,Mass-Training_P_01406_LEFT_MLO_1,Mass-Training_P_01406_LEFT_MLO,1,ok,1,True,2546.0,3066.0,406.0,921.0,0.8196179279941219,2546,3066,406,921,5560.127001136541,6784,,,,,,,,,,,,
train,Mass-Training_P_01411_RIGHT_MLO_1,Mass-Training_P_01411_RIGHT_MLO,1,ok,1,True,1344.0,1611.0,2140.0,2393.0,0.9338794616734932,1344,1611,2140,2393,1950.9024250805378,2150,,,,,,,,,,,,
train,Mass-Training_P_01412_LEFT_CC_1,Mass-Training_P_01412_LEFT_CC,1,ok,1,True,2213.0,2402.0,864.0,1122.0,0.9459459459459459,2213,2402,864,1122,809.2783620655537,864,,,,,,,,,,,,
train,Mass-Training_P_01412_LEFT_MLO_1,Mass-Training_P_01412_LEFT_MLO,1,ok,1,True,2805.0,3034.0,1495.0,1756.0,0.8669724770642202,2805,3034,1495,1756,1025.269913971424,1086,,,,,,,,,,,,
train,Mass-Training_P_01413_RIGHT_CC_1,Mass-Training_P_01413_RIGHT_CC,1,ok,1,True,2547.0,2848.0,199.0,602.0,0.7256748273697426,2547,2848,199,602,1989.9697203338146,2184,,,,,,,,,,,,
train,Mass-Training_P_01413_RIGHT_MLO_1,Mass-Training_P_01413_RIGHT_MLO,1,ok,1,True,4235.0,4723.0,195.0,755.0,0.8427547770700637,4235,4723,195,755,3333.5565110147,4527,,,,,,,,,,,,
train,Mass-Training_P_01417_RIGHT_MLO_1,Mass-Training_P_01417_RIGHT_MLO,1,ok,1,True,3436.0,3966.0,1203.0,1758.0,0.8963938179736691,3436,3966,1203,1758,3789.1574662923813,4941,2072.0,2245.0,765.0,901.0,215.84870812296867,402.0,,,,,,
train,Mass-Training_P_01418_RIGHT_CC_1,Mass-Training_P_01418_RIGHT_CC,1,ok,1,True,1151.0,1448.0,2658.0,2955.0,0.9177641205736026,1151,1448,2658,2955,2251.2847043275833,2458,,,,,,,,,,,,
train,Mass-Training_P_01418_RIGHT_MLO_1,Mass-Training_P_01418_RIGHT_MLO,1,ok,1,True,1901.0,2311.0,2342.0,2782.0,0.8043020808978256,1901,2311,2342,2782,4198.01003280282,4850,,,,,,,,,,,,
train,Mass-Training_P_01423_RIGHT_CC_1,Mass-Training_P_01423_RIGHT_CC,1,ok,1,True,2632.0,2817.0,2319.0,2560.0,0.9020979020979021,2632,2817,2319,2560,1038.922849535942,1081,,,,,,,,,,,,
train,Mass-Training_P_01423_RIGHT_MLO_1,Mass-Training_P_01423_RIGHT_MLO,1,ok,1,True,3961.0,4162.0,2614.0,2827.0,0.9466374269005848,3961,4162,2614,2827,963.0739284157753,1006,,,,,,,,,,,,
train,Mass-Training_P_01426_RIGHT_CC_1,Mass-Training_P_01426_RIGHT_CC,1,ok,1,True,1432.0,1713.0,1652.0,1924.0,0.7007024586051179,1432,1713,1652,1924,2432.2793413996696,2864,,,,,,,,,,,,
train,Mass-Training_P_01426_RIGHT_MLO_1,Mass-Training_P_01426_RIGHT_MLO,1,ok,1,True,2990.0,3302.0,1557.0,1854.0,0.8810281517747858,2990,3302,1557,1854,2549.568510890007,2748,1344.0,1463.0,2390.0,2509.0,221.49876376986504,469.0,,,,,,
train,Mass-Training_P_01427_LEFT_MLO_1,Mass-Training_P_01427_LEFT_MLO,1,ok,1,True,2232.0,2643.0,1527.0,1944.0,0.8910622113556099,2232,2643,1527,1944,4060.559453636408,4457,,,,,,,,,,,,
train,Mass-Training_P_01430_RIGHT_MLO_1,Mass-Training_P_01430_RIGHT_MLO,1,ok,1,True,1375.0,1782.0,287.0,666.0,0.8977802137571937,1375,1782,287,666,3806.9453670680523,4657,,,,,,,,,,,,
train,Mass-Training_P_01431_LEFT_MLO_1,Mass-Training_P_01431_LEFT_MLO,1,ok,1,True,2430.0,2590.0,2058.0,2186.0,0.9040097205346294,2430,2590,2058,2186,555.6617361009121,584,,,,,,,,,,,,
train,Mass-Training_P_01433_LEFT_CC_1,Mass-Training_P_01433_LEFT_CC,1,ok,1,True,2123.0,2461.0,1469.0,1855.0,0.9042386185243328,2123,2461,1469,1855,2660.2328848540783,3165,,,,,,,,,,,,
train,Mass-Training_P_01433_LEFT_MLO_1,Mass-Training_P_01433_LEFT_MLO,1,ok,1,True,2971.0,3394.0,1089.0,1512.0,0.9632602655140475,2971,3394,1089,1512,3626.092221170664,4320,,,,,,,,,,,,
train,Mass-Training_P_01434_LEFT_CC_1,Mass-Training_P_01434_LEFT_CC,1,ok,1,True,2344.0,2951.0,14.0,473.0,0.9197635135135135,2344,2951,14,473,9306.603712409735,10206,,,,,,,,,,,,
train,Mass-Training_P_01434_LEFT_MLO_1,Mass-Training_P_01434_LEFT_MLO,1,ok,1,True,1808.0,2368.0,139.0,648.0,0.9227636363636363,1808,2368,139,648,8724.605602174997,9354,,,,,,,,,,,,
train,Mass-Training_P_01438_LEFT_MLO_1,Mass-Training_P_01438_LEFT_MLO,1,ok,1,True,4728.0,5201.0,1221.0,1712.0,0.8173127987254382,4728,5201,1221,1712,1948.5503804683685,2366,,,,,,,,,,,,
train,Mass-Training_P_01439_LEFT_CC_1,Mass-Training_P_01439_LEFT_CC,1,ok,1,True,4650.0,4932.0,2073.0,2348.0,0.8421926910299004,4650,4932,2073,2348,1145.0209922492504,1256,,,,,,,,,,,,
train,Mass-Training_P_01439_LEFT_MLO_1,Mass-Training_P_01439_LEFT_MLO,1,ok,1,True,5749.0,5955.0,2469.0,2689.0,0.8086253369272237,5749,5955,2469,2689,554.5359228849411,683,,,,,,,,,,,,
train,Mass-Training_P_01441_RIGHT_CC_1,Mass-Training_P_01441_RIGHT_CC,1,ok,1,True,4455.0,4687.0,559.0,833.0,0.8462765957446808,4455,4687,559,833,1129.029644548893,1236,,,,,,,,,,,,
train,Mass-Training_P_01441_RIGHT_MLO_1,Mass-Training_P_01441_RIGHT_MLO,1,ok,1,True,3364.0,3585.0,376.0,591.0,0.7467994310099573,3364,3585,376,591,907.9570998251438,1039,,,,,,,,,,,,
train,Mass-Training_P_01442_RIGHT_CC_1,Mass-Training_P_01442_RIGHT_CC,1,ok,1,True,4809.0,5186.0,1687.0,2057.0,0.9836065573770492,4809,5186,1687,2057,2508.899365603924,2656,,,,,,,,,,,,
train,Mass-Training_P_01442_RIGHT_MLO_1,Mass-Training_P_01442_RIGHT_MLO,1,ok,1,True,4211.0,4573.0,1768.0,2191.0,0.8192371475953566,4211,4573,1768,2191,2104.743210732937,2240,,,,,,,,,,,,
train,Mass-Training_P_01444_RIGHT_MLO_1,Mass-Training_P_01444_RIGHT_MLO,1,ok,1,True,3786.0,3983.0,803.0,1071.0,0.8421052631578947,3786,3983,803,1071,725.6117572784424,861,,,,,,,,,,,,
train,Mass-Training_P_01445_RIGHT_CC_1,Mass-Training_P_01445_RIGHT_CC,1,ok,1,True,705.0,897.0,93.0,301.0,0.8808030112923463,705,897,93,301,1003.2477271854877,1092,,,,,,,,,,,,
train,Mass-Training_P_01445_RIGHT_MLO_1,Mass-Training_P_01445_RIGHT_MLO,1,ok,1,True,1657.0,1871.0,794.0,1030.0,0.9124668435013262,1657,1871,794,1030,1094.5862182080746,1143,3850.0,4070.0,912.0,1153.0,620.3686259686947,1231.0,,,,,,
train,Mass-Training_P_01447_RIGHT_CC_1,Mass-Training_P_01447_RIGHT_CC,1,ok,1,True,2190.0,2672.0,379.0,836.0,0.9393072289156627,2190,2672,379,836,4512.178999722004,4648,,,,,,,,,,,,
train,Mass-Training_P_01447_RIGHT_MLO_1,Mass-Training_P_01447_RIGHT_MLO,1,ok,1,True,3587.0,4101.0,404.0,845.0,0.9493574051407588,3587,4101,404,845,4441.394488304853,4623,,,,,,,,,,,,
train,Mass-Training_P_01453_LEFT_MLO_1,Mass-Training_P_01453_LEFT_MLO,1,ok,1,True,3060.0,3362.0,425.0,687.0,0.9012797074954296,3060,3362,425,687,1902.7069460749626,2354,1532.0,1614.0,226.0,302.0,86.06481209397316,197.0,,,,,,
train,Mass-Training_P_01454_LEFT_MLO_1,Mass-Training_P_01454_LEFT_MLO,1,ok,1,True,2411.0,2740.0,2359.0,2740.0,0.9036144578313253,2411,2740,2359,2740,1790.6915895938873,1951,,,,,,,,,,,,
train,Mass-Training_P_01473_RIGHT_MLO_1,Mass-Training_P_01473_RIGHT_MLO,1,ok,1,True,2560.0,2843.0,2775.0,3078.0,0.9356866537717602,2560,2843,2775,3078,1277.7295568287373,1318,,,,,,,,,,,,
train,Mass-Training_P_01475_LEFT_CC_1,Mass-Training_P_01475_LEFT_CC,1,ok,1,True,1525.0,1850.0,1045.0,1414.0,0.9156041287188829,1525,1850,1045,1414,1660.1988837718964,2037,,,,,,,,,,,,
train,Mass-Training_P_01475_LEFT_MLO_1,Mass-Training_P_01475_LEFT_MLO,1,ok,1,True,2810.0,3080.0,1054.0,1360.0,0.8591954022988506,2810,3080,1054,1360,903.1195113360882,1623,2103.0,2301.0,1432.0,1672.0,464.2037309408188,984.0,,,,,,
train,Mass-Training_P_01482_RIGHT_CC_1,Mass-Training_P_01482_RIGHT_CC,1,ok,1,True,1502.0,1859.0,1407.0,1701.0,0.9028727770177839,1502,1859,1407,1701,2724.133797556162,3657,,,,,,,,,,,,
train,Mass-Training_P_01482_RIGHT_MLO_1,Mass-Training_P_01482_RIGHT_MLO,1,ok,1,True,1998.0,2512.0,1148.0,1629.0,0.8812949640287769,1998,2512,1148,1629,6369.677195429802,8009,482.0,671.0,2234.0,2399.0,829.616748124361,1075.0,,,,,,
train,Mass-Training_P_01486_RIGHT_CC_1,Mass-Training_P_01486_RIGHT_CC,1,ok,1,True,3063.0,3427.0,1314.0,1703.0,0.9472588480222068,3063,3427,1314,1703,3752.090908318758,4079,,,,,,,,,,,,
train,Mass-Training_P_01486_RIGHT_MLO_1,Mass-Training_P_01486_RIGHT_MLO,1,ok,1,True,2269.0,2832.0,1377.0,1962.0,0.8168701442841287,2269,2832,1377,1962,6463.103941500187,7353,,,,,,,,,,,,
train,Mass-Training_P_01491_RIGHT_MLO_1,Mass-Training_P_01491_RIGHT_MLO,1,ok,1,True,1231.0,1627.0,1844.0,2194.0,0.8372154931452149,1231,1627,1844,2194,4238.530595242977,4730,,,,,,,,,,,,
train,Mass-Training_P_01493_RIGHT_CC_1,Mass-Training_P_01493_RIGHT_CC,1,ok,1,True,2236.0,2429.0,2927.0,3083.0,0.8525345622119815,2236,2429,2927,3083,587.2800916731358,725,,,,,,,,,,,,
train,Mass-Training_P_01494_LEFT_CC_2,Mass-Training_P_01494_LEFT_CC,1,ok,1,True,2078.0,2638.0,448.0,975.0,0.9423495286439448,2078,2638,448,975,7979.4112985134125,9370,,,,,,,,,,,,
train,Mass-Training_P_01494_LEFT_MLO_1,Mass-Training_P_01494_LEFT_MLO,2,ok,2,True,1738.0,2049.0,476.0,810.0,0.784390243902439,2723,3340,443,1121,9887.159964203835,12987,1738.0,2049.0,476.0,810.0,2672.0967768132687,3061.0,,,,,,
train,Mass-Training_P_01494_LEFT_MLO_2,Mass-Training_P_01494_LEFT_MLO,2,ok,1,True,2723.0,3340.0,443.0,1121.0,0.8087774294670846,2723,3340,443,1121,9887.159964203835,12987,1738.0,2049.0,476.0,810.0,2672.0967768132687,3061.0,,,,,,
train,Mass-Training_P_01495_RIGHT_MLO_1,Mass-Training_P_01495_RIGHT_MLO,1,ok,1,True,5359.0,5574.0,1020.0,1289.0,0.8777016341591988,5359,5574,1020,1289,1045.5277923047543,1158,,,,,,,,,,,,
train,Mass-Training_P_01498_RIGHT_MLO_1,Mass-Training_P_01498_RIGHT_MLO,1,ok,1,True,1916.0,2326.0,2568.0,2846.0,0.9249527012823208,1916,2326,2568,2846,1731.152652323246,2436,,,,,,,,,,,,
train,Mass-Training_P_01501_RIGHT_CC_1,Mass-Training_P_01501_RIGHT_CC,1,ok,1,True,2887.0,3153.0,348.0,608.0,0.8775510204081632,2887,3153,348,608,1139.3256327211857,1235,,,,,,,,,,,,
train,Mass-Training_P_01501_RIGHT_MLO_1,Mass-Training_P_01501_RIGHT_MLO,1,ok,1,True,2682.0,2926.0,1179.0,1497.0,0.8071192052980133,2682,2926,1179,1497,1313.4360613822937,1450,,,,,,,,,,,,
train,Mass-Training_P_01504_LEFT_CC_1,Mass-Training_P_01504_LEFT_CC,1,ok,1,True,1278.0,1590.0,193.0,500.0,0.9262158956109134,1278,1590,193,500,2460.821751475334,2787,,,,,,,,,,,,
train,Mass-Training_P_01504_LEFT_MLO_1,Mass-Training_P_01504_LEFT_MLO,1,ok,1,True,1888.0,2193.0,636.0,1005.0,0.8746457379550905,1888,2193,636,1005,2565.5704485476017,2868,,,,,,,,,,,,
train,Mass-Training_P_01506_LEFT_CC_1,Mass-Training_P_01506_LEFT_CC,1,ok,1,True,1744.0,1966.0,2393.0,2682.0,0.7880348652931854,1744,1966,2393,2682,1130.6830977499485,1321,,,,,,,,,,,,
train,Mass-Training_P_01506_LEFT_MLO_1,Mass-Training_P_01506_LEFT_MLO,1,ok,1,True,3071.0,3281.0,2117.0,2327.0,0.9714285714285714,3071,3281,2117,2327,744.2002294957638,790,,,,,,,,,,,,
train,Mass-Training_P_01509_RIGHT_CC_1,Mass-Training_P_01509_RIGHT_CC,1,ok,1,True,3776.0,4018.0,724.0,981.0,0.9206680584551148,3776,4018,724,981,1363.5138486623764,1716,,,,,,,,,,,,
train,Mass-Training_P_01509_RIGHT_MLO_1,Mass-Training_P_01509_RIGHT_MLO,1,ok,1,True,3630.0,3920.0,440.0,681.0,0.8434492968171725,3630,3920,440,681,1401.4920858740807,1589,,,,,,,,,,,,
train,Mass-Training_P_01514_LEFT_CC_1,Mass-Training_P_01514_LEFT_CC,1,ok,1,True,950.0,1155.0,155.0,450.0,0.8655097613882863,950,1155,155,450,1275.2024005651474,1459,,,,,,,,,,,,
train,Mass-Training_P_01514_LEFT_MLO_1,Mass-Training_P_01514_LEFT_MLO,1,ok,1,True,1057.0,1444.0,1066.0,1435.0,0.903954802259887,1057,1444,1066,1435,2844.1442741155624,3834,,,,,,,,,,,,
train,Mass-Training_P_01516_RIGHT_CC_1,Mass-Training_P_01516_RIGHT_CC,1,ok,1,True,2946.0,3328.0,1325.0,1769.0,0.7883074021687884,2946,3328,1325,1769,4149.737103879452,4405,,,,,,,,,,,,
train,Mass-Training_P_01516_RIGHT_MLO_1,Mass-Training_P_01516_RIGHT_MLO,1,ok,1,True,2924.0,3309.0,1298.0,1673.0,0.856672760511883,2924,3309,1298,1673,3163.534270644188,3434,,,,,,,,,,,,
train,Mass-Training_P_01517_LEFT_MLO_1,Mass-Training_P_01517_LEFT_MLO,1,ok,1,True,2119.0,2447.0,1651.0,1984.0,0.9367088607594937,2119,2447,1651,1984,3218.8069772720337,3746,,,,,,,,,,,,
train,Mass-Training_P_01529_RIGHT_CC_1,Mass-Training_P_01529_RIGHT_CC,1,ok,1,True,1185.0,1864.0,1820.0,2762.0,0.9159077784194394,1185,1864,1820,2762,11450.356653392315,13365,,,,,,,,,,,,
train,Mass-Training_P_01529_RIGHT_MLO_1,Mass-Training_P_01529_RIGHT_MLO,1,ok,1,True,1530.0,2273.0,1446.0,2351.0,0.8642567318332719,1530,2273,1446,2351,11943.925736606121,14438,,,,,,,,,,,,
train,Mass-Training_P_01531_RIGHT_MLO_1,Mass-Training_P_01531_RIGHT_MLO,1,ok,1,True,2697.0,3127.0,2260.0,2655.0,0.8848080133555927,2697,3127,2260,2655,2134.6951014101505,2438,,,,,,,,,,,,
train,Mass-Training_P_01543_RIGHT_CC_1,Mass-Training_P_01543_RIGHT_CC,1,ok,1,True,2916.0,3294.0,1112.0,1356.0,0.9483115093039284,2916,3294,1112,1356,1808.4323295354843,2011,,,,,,,,,,,,
train,Mass-Training_P_01543_RIGHT_MLO_1,Mass-Training_P_01543_RIGHT_MLO,1,ok,1,True,2760.0,3011.0,1107.0,1341.0,0.8309178743961353,2760,3011,1107,1341,1180.2532819211483,1325,,,,,,,,,,,,
train,Mass-Training_P_01544_RIGHT_CC_1,Mass-Training_P_01544_RIGHT_CC,1,ok,1,True,1630.0,2006.0,3061.0,3404.0,0.8817536276628589,1630,2006,3061,3404,1650.2471877634525,2126,,,,,,,,,,,,
train,Mass-Training_P_01544_RIGHT_MLO_1,Mass-Training_P_01544_RIGHT_MLO,1,ok,1,True,2435.0,2803.0,2415.0,2835.0,0.8950617283950617,2435,2803,2415,2835,1929.6424411833286,2521,,,,,,,,,,,,
train,Mass-Training_P_01553_RIGHT_MLO_1,Mass-Training_P_01553_RIGHT_MLO,1,ok,1,True,2547.0,2796.0,897.0,1160.0,0.7955801104972375,2547,2796,897,1160,831.6337621510029,949,,,,,,,,,,,,
train,Mass-Training_P_01556_LEFT_CC_1,Mass-Training_P_01556_LEFT_CC,1,ok,1,True,1230.0,1760.0,103.0,661.0,0.9428571428571428,1230,1760,103,661,6597.446419745684,6974,,,,,,,,,,,,
train,Mass-Training_P_01557_RIGHT_CC_1,Mass-Training_P_01557_RIGHT_CC,1,ok,1,True,1544.0,1770.0,217.0,376.0,0.9140316205533597,1544,1770,217,376,1149.3619581758976,1255,,,,,,,,,,,,
train,Mass-Training_P_01557_RIGHT_MLO_1,Mass-Training_P_01557_RIGHT_MLO,1,ok,1,True,3614.0,3818.0,5.0,225.0,0.7774086378737541,3614,3818,5,225,1137.3248099386692,1242,,,,,,,,,,,,
train,Mass-Training_P_01559_RIGHT_MLO_1,Mass-Training_P_01559_RIGHT_MLO,1,ok,1,True,3036.0,3522.0,1660.0,2179.0,0.9096816114359974,3036,3522,1660,2179,3549.96797811985,3998,,,,,,,,,,,,
train,Mass-Training_P_01560_RIGHT_CC_1,Mass-Training_P_01560_RIGHT_CC,1,ok,1,True,1606.0,1936.0,722.0,1107.0,0.9347826086956522,1606,1936,722,1107,1388.5084101855755,1545,,,,,,,,,,,,
train,Mass-Training_P_01560_RIGHT_MLO_1,Mass-Training_P_01560_RIGHT_MLO,1,ok,1,True,3470.0,3751.0,1633.0,2008.0,0.934559221200649,3470,3751,1633,2008,1206.4773429632187,1281,,,,,,,,,,,,
train,Mass-Training_P_01564_RIGHT_CC_1,Mass-Training_P_01564_RIGHT_CC,1,ok,1,True,1338.0,1698.0,1997.0,2388.0,0.9111549851924975,1338,1698,1997,2388,3448.8539547026157,3767,,,,,,,,,,,,
train,Mass-Training_P_01564_RIGHT_MLO_1,Mass-Training_P_01564_RIGHT_MLO,1,ok,1,True,1815.0,2171.0,1609.0,2036.0,0.9381818181818182,1815,2171,1609,2036,3070.5032578110695,3879,,,,,,,,,,,,
train,Mass-Training_P_01565_RIGHT_CC_1,Mass-Training_P_01565_RIGHT_CC,1,ok,1,True,3307.0,3803.0,1985.0,2475.0,0.8719512195121951,3307,3803,1985,2475,3675.572165042162,3902,,,,,,,,,,,,
train,Mass-Training_P_01565_RIGHT_MLO_1,Mass-Training_P_01565_RIGHT_MLO,1,ok,1,True,3114.0,3638.0,2285.0,2808.0,0.8605386268807688,3114,3638,2285,2808,4189.171725958586,4652,,,,,,,,,,,,
train,Mass-Training_P_01567_LEFT_MLO_1,Mass-Training_P_01567_LEFT_MLO,1,ok,1,True,1416.0,1912.0,307.0,808.0,0.922676282051282,1416,1912,307,808,5812.521365970373,6631,,,,,,,,,,,,
train,Mass-Training_P_01572_RIGHT_CC_1,Mass-Training_P_01572_RIGHT_CC,1,ok,1,True,3699.0,3871.0,1829.0,2035.0,0.7941176470588235,3699,3871,1829,2035,424.7282862365246,507,,,,,,,,,,,,
train,Mass-Training_P_01572_RIGHT_MLO_1,Mass-Training_P_01572_RIGHT_MLO,1,ok,1,True,3591.0,3747.0,1937.0,2114.0,0.9228395061728395,3591,3747,1937,2114,403.6063053011894,437,,,,,,,,,,,,
train,Mass-Training_P_01573_RIGHT_CC_1,Mass-Training_P_01573_RIGHT_CC,1,ok,1,True,1671.0,2265.0,1568.0,2147.0,0.8385524552211526,1671,2265,1568,2147,8592.198091357946,9726,,,,,,,,,,,,
train,Mass-Training_P_01573_RIGHT_MLO_1,Mass-Training_P_01573_RIGHT_MLO,1,ok,1,True,2890.0,3320.0,1730.0,2205.0,0.7866379310344828,2890,3320,1730,2205,5017.022478073835,5890,,,,,,,,,,,,
train,Mass-Training_P_01583_RIGHT_MLO_1,Mass-Training_P_01583_RIGHT_MLO,1,ok,1,True,4942.0,5108.0,527.0,675.0,0.8976190476190476,4942,5108,527,675,436.19680893421173,530,,,,,,,,,,,,
train,Mass-Training_P_01589_LEFT_CC_1,Mass-Training_P_01589_LEFT_CC,1,ok,1,True,1012.0,1286.0,313.0,557.0,0.7987616099071208,1012,1286,313,557,1831.0238983631134,1961,,,,,,,,,,,,
train,Mass-Training_P_01589_LEFT_MLO_1,Mass-Training_P_01589_LEFT_MLO,1,ok,1,True,1852.0,2056.0,700.0,933.0,0.9169435215946844,1852,2056,700,933,1460.1347350478172,1558,,,,,,,,,,,,
train,Mass-Training_P_01591_LEFT_CC_1,Mass-Training_P_01591_LEFT_CC,1,ok,1,True,3593.0,3915.0,829.0,1165.0,0.8462686567164179,3593,3915,829,1165,3032.4540868401527,3339,,,,,,,,,,,,
train,Mass-Training_P_01591_LEFT_MLO_1,Mass-Training_P_01591_LEFT_MLO,1,ok,1,True,3640.0,4017.0,1001.0,1352.0,0.634173461823573,3640,4017,1001,1352,3022.8358163535595,3630,,,,,,,,,,,,
train,Mass-Training_P_01593_LEFT_CC_1,Mass-Training_P_01593_LEFT_CC,1,ok,1,True,2370.0,2729.0,112.0,470.0,0.8500604594921403,2370,2729,112,470,3446.046851783991,3920,,,,,,,,,,,,
train,Mass-Training_P_01593_LEFT_MLO_1,Mass-Training_P_01593_LEFT_MLO,1,ok,1,True,3657.0,4061.0,172.0,520.0,0.7647230320699708,3657,4061,172,520,3454.4919130802155,4103,,,,,,,,,,,,
train,Mass-Training_P_01596_RIGHT_MLO_1,Mass-Training_P_01596_RIGHT_MLO,2,ok,2,True,3528.0,3823.0,408.0,708.0,0.8598848368522073,2236,2676,204,643,4933.340036451817,5458,3528.0,3823.0,408.0,708.0,2026.8287662863731,2149.0,,,,,,
train,Mass-Training_P_01596_RIGHT_MLO_2,Mass-Training_P_01596_RIGHT_MLO,2,ok,1,True,2236.0,2676.0,204.0,643.0,0.8539499578296317,2236,2676,204,643,4933.340036451817,5458,3528.0,3823.0,408.0,708.0,2026.8287662863731,2149.0,,,,,,
train,Mass-Training_P_01600_RIGHT_CC_1,Mass-Training_P_01600_RIGHT_CC,1,ok,1,True,1332.0,1915.0,2178.0,2581.0,0.9293775348263092,1332,1915,2178,2581,6150.867019802332,7178,,,,,,,,,,,,
train,Mass-Training_P_01600_RIGHT_MLO_1,Mass-Training_P_01600_RIGHT_MLO,2,ok,2,True,0.0,316.0,2482.0,2916.0,0.6257796257796258,1381,1850,1585,1983,4799.478468179703,5121,0.0,316.0,2482.0,2916.0,3508.811077594757,4324.0,,,,,,
train,Mass-Training_P_01600_RIGHT_MLO_2,Mass-Training_P_01600_RIGHT_MLO,2,ok,1,True,1381.0,1850.0,1585.0,1983.0,0.880560798058776,1381,1850,1585,1983,4799.478468179703,5121,0.0,316.0,2482.0,2916.0,3508.811077594757,4324.0,,,,,,
train,Mass-Training_P_01604_LEFT_CC_1,Mass-Training_P_01604_LEFT_CC,1,ok,1,True,1989.0,2275.0,1009.0,1266.0,0.8024578971324533,1989,2275,1009,1266,1321.9357275664806,1460,,,,,,,,,,,,
train,Mass-Training_P_01604_LEFT_MLO_1,Mass-Training_P_01604_LEFT_MLO,1,ok,1,True,3169.0,3547.0,925.0,1211.0,0.96,3169,3547,925,1211,1759.3656677305698,2050,,,,,,,,,,,,
train,Mass-Training_P_01611_RIGHT_CC_1,Mass-Training_P_01611_RIGHT_CC,1,ok,1,True,2220.0,2370.0,359.0,499.0,0.6978609625668449,2220,2370,359,499,555.1699950397015,580,,,,,,,,,,,,
train,Mass-Training_P_01611_RIGHT_MLO_1,Mass-Training_P_01611_RIGHT_MLO,1,ok,1,True,2883.0,3045.0,618.0,775.0,0.759493670886076,2883,3045,618,775,635.5006458759308,667,,,,,,,,,,,,
train,Mass-Training_P_01612_LEFT_CC_1,Mass-Training_P_01612_LEFT_CC,1,ok,1,True,1574.0,2021.0,1409.0,1805.0,0.9415637860082304,1574,2021,1409,1805,4715.303998619318,5262,,,,,,,,,,,,
train,Mass-Training_P_01612_LEFT_MLO_1,Mass-Training_P_01612_LEFT_MLO,1,ok,1,True,2140.0,2638.0,1056.0,1523.0,0.9167133729402533,2140,2638,1056,1523,4842.169947117567,5756,,,,,,,,,,,,
train,Mass-Training_P_01613_LEFT_CC_1,Mass-Training_P_01613_LEFT_CC,1,ok,1,True,2916.0,3254.0,1699.0,2151.0,0.8711626782692773,2916,3254,1699,2151,2135.7048883736134,2629,,,,,,,,,,,,
train,Mass-Training_P_01613_LEFT_MLO_1,Mass-Training_P_01613_LEFT_MLO,1,ok,1,True,3844.0,4279.0,1867.0,2320.0,0.9224016853932584,3844,4279,1867,2320,3575.715905100107,3812,,,,,,,,,,,,
train,Mass-Training_P_01619_LEFT_CC_1,Mass-Training_P_01619_LEFT_CC,1,ok,1,True,2495.0,2766.0,917.0,1183.0,0.9304291287386216,2495,2766,917,1183,2022.1818013489246,2153,,,,,,,,,,,,
train,Mass-Training_P_01619_LEFT_MLO_1,Mass-Training_P_01619_LEFT_MLO,1,ok,1,True,3608.0,3955.0,1402.0,1769.0,0.9723938223938224,3608,3955,1402,1769,3069.1896634697914,3620,,,,,,,,,,,,
train,Mass-Training_P_01620_RIGHT_CC_1,Mass-Training_P_01620_RIGHT_CC,1,ok,1,True,1562.0,1949.0,2167.0,2544.0,0.9370376458984054,1562,1949,2167,2544,4006.6847484707832,4400,,,,,,,,,,,,
train,Mass-Training_P_01620_RIGHT_MLO_1,Mass-Training_P_01620_RIGHT_MLO,1,ok,1,True,2238.0,2706.0,1838.0,2169.0,0.7753108348134992,2238,2706,1838,2169,4163.4490949213505,4919,,,,,,,,,,,,
train,Mass-Training_P_01621_RIGHT_CC_1,Mass-Training_P_01621_RIGHT_CC,1,ok,1,True,2364.0,2540.0,1722.0,1912.0,0.8709677419354839,2364,2540,1722,1912,499.1655404269695,527,,,,,,,,,,,,
train,Mass-Training_P_01621_RIGHT_MLO_1,Mass-Training_P_01621_RIGHT_MLO,1,ok,1,True,4356.0,4538.0,1796.0,2020.0,0.8839285714285714,4356,4538,1796,2020,382.63446870446205,569,,,,,,,,,,,,
train,Mass-Training_P_01630_RIGHT_MLO_1,Mass-Training_P_01630_RIGHT_MLO,1,ok,1,True,3596.0,3976.0,2526.0,2892.0,0.6101190476190477,3596,3976,2526,2892,1581.2463528215885,2018,,,,,,,,,,,,
train,Mass-Training_P_01633_RIGHT_CC_1,Mass-Training_P_01633_RIGHT_CC,1,ok,1,True,2964.0,3173.0,2340.0,2578.0,0.8086544962812712,2964,3173,2340,2578,1576.207598298788,1663,931.0,1061.0,2550.0,2675.0,284.4528380036354,579.0,,,,,,
train,Mass-Training_P_01633_RIGHT_MLO_1,Mass-Training_P_01633_RIGHT_MLO,1,ok,1,True,1827.0,2001.0,1817.0,2020.0,0.7045454545454546,1827,2001,1817,2020,1023.764746338129,1170,,,,,,,,,,,,
train,Mass-Training_P_01636_RIGHT_MLO_1,Mass-Training_P_01636_RIGHT_MLO,1,ok,1,True,3763.0,4066.0,1290.0,1653.0,0.9043478260869565,3763,4066,1290,1653,1536.0541334152222,1674,,,,,,,,,,,,
train,Mass-Training_P_01637_LEFT_MLO_1,Mass-Training_P_01637_LEFT_MLO,1,ok,1,True,2451.0,2719.0,2043.0,2290.0,0.8434201266713582,2451,2719,2043,2290,1351.67703089118,1445,,,,,,,,,,,,
train,Mass-Training_P_01638_RIGHT_CC_1,Mass-Training_P_01638_RIGHT_CC,1,ok,1,True,3728.0,3917.0,956.0,1120.0,0.8733905579399142,3728,3917,956,1120,790.9973143339157,935,,,,,,,,,,,,
train,Mass-Training_P_01638_RIGHT_MLO_1,Mass-Training_P_01638_RIGHT_MLO,1,ok,1,True,3868.0,4029.0,1168.0,1373.0,0.9333333333333333,3868,4029,1168,1373,788.7039410471916,951,1268.0,1388.0,1794.0,1924.0,322.93199253082275,468.0,,,,,,
train,Mass-Training_P_01641_LEFT_CC_1,Mass-Training_P_01641_LEFT_CC,1,ok,1,True,4682.0,4989.0,2375.0,2682.0,0.9375,4682,4989,2375,2682,1075.9507974684238,1235,,,,,,,,,,,,
train,Mass-Training_P_01641_LEFT_MLO_1,Mass-Training_P_01641_LEFT_MLO,1,ok,1,True,3758.0,3987.0,2294.0,2564.0,0.7546353522867738,3758,3987,2294,2564,740.0243757665157,838,,,,,,,,,,,,
train,Mass-Training_P_01646_LEFT_CC_1,Mass-Training_P_01646_LEFT_CC,1,ok,1,True,2283.0,2489.0,1987.0,2179.0,0.8768267223382046,2283,2489,1987,2179,520.1971217393875,586,,,,,,,,,,,,
train,Mass-Training_P_01646_LEFT_MLO_1,Mass-Training_P_01646_LEFT_MLO,1,ok,1,True,3077.0,3257.0,2509.0,2675.0,0.8333333333333334,3077,3257,2509,2675,262.39391073584557,467,,,,,,,,,,,,
train,Mass-Training_P_01649_LEFT_CC_1,Mass-Training_P_01649_LEFT_CC,1,ok,1,True,1690.0,1912.0,148.0,346.0,0.8940809968847352,1690,1912,148,346,1309.2822833955288,1431,,,,,,,,,,,,
train,Mass-Training_P_01650_LEFT_CC_1,Mass-Training_P_01650_LEFT_CC,1,ok,1,True,1641.0,1949.0,0.0,278.0,0.7077662129703763,1641,1949,0,278,1770.3354227244854,2642,,,,,,,,,,,,
train,Mass-Training_P_01650_LEFT_MLO_1,Mass-Training_P_01650_LEFT_MLO,1,ok,1,True,1394.0,1745.0,0.0,171.0,0.6880466472303207,1394,1745,0,171,1011.3839199542999,1699,,,,,,,,,,,,
train,Mass-Training_P_01652_RIGHT_CC_1,Mass-Training_P_01652_RIGHT_CC,1,ok,1,True,2829.0,3069.0,1053.0,1275.0,0.8739495798319328,2829,3069,1053,1275,1581.5360918045044,1697,,,,,,,,,,,,
train,Mass-Training_P_01652_RIGHT_MLO_1,Mass-Training_P_01652_RIGHT_MLO,1,ok,1,True,3738.0,3948.0,1423.0,1596.0,0.7438391699092088,3738,3948,1423,1596,837.3879446387291,928,,,,,,,,,,,,
train,Mass-Training_P_01654_RIGHT_CC_1,Mass-Training_P_01654_RIGHT_CC,1,ok,1,True,2380.0,2695.0,1803.0,2225.0,0.9028364514182257,2380,2695,1803,2225,3505.6163482666016,4128,,,,,,,,,,,,
train,Mass-Training_P_01654_RIGHT_MLO_1,Mass-Training_P_01654_RIGHT_MLO,1,ok,1,True,1125.0,1368.0,2286.0,2484.0,0.9265734265734266,1125,1368,2286,2484,1182.5329590141773,1494,,,,,,,,,,,,
train,Mass-Training_P_01656_LEFT_CC_1,Mass-Training_P_01656_LEFT_CC,2,ok,2,True,2049.0,2326.0,9.0,259.0,0.7971014492753623,2618,3048,1323,1721,3688.6348210573196,4553,2049.0,2326.0,9.0,259.0,2322.1383814513683,2590.0,,,,,,
train,Mass-Training_P_01656_LEFT_CC_2,Mass-Training_P_01656_LEFT_CC,2,ok,1,True,2618.0,3048.0,1323.0,1721.0,0.8451126018207954,2618,3048,1323,1721,3688.6348210573196,4553,2049.0,2326.0,9.0,259.0,2322.1383814513683,2590.0,,,,,,
train,Mass-Training_P_01656_LEFT_MLO_1,Mass-Training_P_01656_LEFT_MLO,3,ok,3,True,888.0,1124.0,0.0,157.0,0.7583333333333333,2706,3034,153,472,3059.743735820055,3374,3635.0,3968.0,1388.0,1758.0,2666.4439995884895,3677.0,888.0,1124.0,0.0,157.0,1245.4243827462196,1335.0
train,Mass-Training_P_01656_LEFT_MLO_2,Mass-Training_P_01656_LEFT_MLO,3,ok,1,True,2706.0,3034.0,153.0,472.0,0.7677329624478443,2706,3034,153,472,3059.743735820055,3374,3635.0,3968.0,1388.0,1758.0,2666.4439995884895,3677.0,888.0,1124.0,0.0,157.0,1245.4243827462196,1335.0
train,Mass-Training_P_01656_LEFT_MLO_3,Mass-Training_P_01656_LEFT_MLO,3,ok,2,True,3635.0,3968.0,1388.0,1758.0,0.6688405797101449,2706,3034,153,472,3059.743735820055,3374,3635.0,3968.0,1388.0,1758.0,2666.4439995884895,3677.0,888.0,1124.0,0.0,157.0,1245.4243827462196,1335.0
train,Mass-Training_P_01663_RIGHT_CC_1,Mass-Training_P_01663_RIGHT_CC,1,ok,1,True,2493.0,2967.0,2258.0,2839.0,0.7932489451476793,2493,2967,2258,2839,7171.543129563332,8094,,,,,,,,,,,,
train,Mass-Training_P_01663_RIGHT_MLO_1,Mass-Training_P_01663_RIGHT_MLO,1,ok,1,True,3020.0,3539.0,1946.0,2501.0,0.8797240081543045,3020,3539,1946,2501,6103.918162345886,8202,,,,,,,,,,,,
train,Mass-Training_P_01668_LEFT_CC_1,Mass-Training_P_01668_LEFT_CC,1,ok,1,True,1413.0,2062.0,65.0,704.0,0.8714152327597706,1413,2062,65,704,10958.27100738883,13349,,,,,,,,,,,,
train,Mass-Training_P_01668_LEFT_MLO_1,Mass-Training_P_01668_LEFT_MLO,1,ok,1,True,2301.0,2975.0,442.0,1083.0,0.9112436897659477,2301,2975,442,1083,11824.443599164486,14002,,,,,,,,,,,,
train,Mass-Training_P_01669_LEFT_CC_1,Mass-Training_P_01669_LEFT_CC,1,ok,1,True,1632.0,2199.0,1925.0,2498.0,0.7754578754578755,1632,2199,1925,2498,4964.225231319666,5851,,,,,,,,,,,,
train,Mass-Training_P_01669_LEFT_MLO_1,Mass-Training_P_01669_LEFT_MLO,1,ok,1,True,1985.0,2499.0,1333.0,1907.0,0.8960770818995183,1985,2499,1333,1907,5065.018528431654,5810,,,,,,,,,,,,
train,Mass-Training_P_01671_LEFT_CC_1,Mass-Training_P_01671_LEFT_CC,1,ok,1,True,1374.0,1844.0,148.0,581.0,0.8110908488063661,1374,1844,148,581,6443.700348943472,7130,,,,,,,,,,,,
train,Mass-Training_P_01671_LEFT_MLO_1,Mass-Training_P_01671_LEFT_MLO,1,ok,1,True,2705.0,3232.0,449.0,1017.0,0.873015873015873,2705,3232,449,1017,9028.685826867819,10190,,,,,,,,,,,,
train,Mass-Training_P_01674_LEFT_CC_1,Mass-Training_P_01674_LEFT_CC,1,ok,1,True,1984.0,2283.0,876.0,1180.0,0.7324675324675325,1984,2283,876,1180,1876.7217257618904,2235,,,,,,,,,,,,
train,Mass-Training_P_01675_RIGHT_CC_1,Mass-Training_P_01675_RIGHT_CC,1,ok,1,True,3362.0,3662.0,1771.0,1990.0,0.8431093394077449,3362,3662,1771,1990,1918.5744824111462,2024,,,,,,,,,,,,
train,Mass-Training_P_01675_RIGHT_MLO_1,Mass-Training_P_01675_RIGHT_MLO,1,ok,1,True,2927.0,3201.0,1846.0,2089.0,0.8727272727272727,2927,3201,1846,2089,1649.788294017315,1854,,,,,,,,,,,,
train,Mass-Training_P_01680_LEFT_MLO_1,Mass-Training_P_01680_LEFT_MLO,1,ok,1,True,4053.0,4333.0,2049.0,2310.0,0.8773181169757489,4053,4333,2049,2310,1241.6296612620354,1415,,,,,,,,,,,,
train,Mass-Training_P_01682_LEFT_CC_1,Mass-Training_P_01682_LEFT_CC,1,ok,1,True,1480.0,1956.0,0.0,416.0,0.7927634922248196,1480,1956,0,416,5109.246012717485,6687,,,,,,,,,,,,
train,Mass-Training_P_01682_LEFT_MLO_1,Mass-Training_P_01682_LEFT_MLO,1,ok,1,True,913.0,1573.0,142.0,692.0,0.8542701334112377,913,1573,142,692,9768.21551117301,11341,,,,,,,,,,,,
train,Mass-Training_P_01685_RIGHT_CC_1,Mass-Training_P_01685_RIGHT_CC,1,ok,1,True,1865.0,2277.0,1253.0,1656.0,0.9645591153955203,1865,2277,1253,1656,4937.663478761911,5289,,,,,,,,,,,,
train,Mass-Training_P_01685_RIGHT_MLO_1,Mass-Training_P_01685_RIGHT_MLO,1,ok,1,True,2730.0,3147.0,1099.0,1517.0,0.9653804050355774,2730,3147,1099,1517,4889.923868685961,5348,,,,,,,,,,,,
train,Mass-Training_P_01686_RIGHT_CC_1,Mass-Training_P_01686_RIGHT_CC,1,ok,1,True,2173.0,2588.0,1899.0,2235.0,0.8398717465107507,2173,2588,1899,2235,2702.968205690384,2948,,,,,,,,,,,,
train,Mass-Training_P_01686_RIGHT_MLO_1,Mass-Training_P_01686_RIGHT_MLO,1,ok,1,True,2783.0,3207.0,1348.0,1807.0,0.9663788592360021,2783,3207,1348,1807,4045.0857392549515,4812,,,,,,,,,,,,
train,Mass-Training_P_01687_RIGHT_CC_1,Mass-Training_P_01687_RIGHT_CC,1,ok,1,True,1744.0,1995.0,2948.0,3170.0,1.0,1744,1995,2948,3170,632.4309701025486,790,,,,,,,,,,,,
train,Mass-Training_P_01687_RIGHT_MLO_1,Mass-Training_P_01687_RIGHT_MLO,1,ok,1,True,3199.0,3384.0,2941.0,3170.0,0.9056179775280899,3199,3384,2941,3170,517.4269381761551,619,,,,,,,,,,,,
train,Mass-Training_P_01689_LEFT_MLO_1,Mass-Training_P_01689_LEFT_MLO,1,ok,1,True,4135.0,4424.0,2018.0,2325.0,0.8161434977578476,4135,4424,2018,2325,1354.7060241997242,1569,,,,,,,,,,,,
train,Mass-Training_P_01694_RIGHT_CC_1,Mass-Training_P_01694_RIGHT_CC,1,ok,1,True,3065.0,3344.0,246.0,521.0,0.8546545384168763,3065,3344,246,521,2337.1329011023045,2562,1190.0,1329.0,816.0,972.0,759.5655426979065,1035.0,,,,,,
train,Mass-Training_P_01694_RIGHT_MLO_1,Mass-Training_P_01694_RIGHT_MLO,1,ok,1,True,4070.0,4259.0,366.0,559.0,0.6726726726726727,4070,4259,366,559,692.2261375486851,792,,,,,,,,,,,,
train,Mass-Training_P_01701_LEFT_CC_1,Mass-Training_P_01701_LEFT_CC,1,ok,1,True,2301.0,2691.0,411.0,911.0,0.9322033898305084,2301,2691,411,911,2723.0465120375156,3092,,,,,,,,,,,,
train,Mass-Training_P_01701_LEFT_MLO_1,Mass-Training_P_01701_LEFT_MLO,1,ok,1,True,2071.0,2595.0,1581.0,2133.0,0.8961206896551724,2071,2595,1581,2133,3858.8009164631367,4268,621.0,1077.0,0.0,283.0,1336.5061102211475,2221.0,,,,,,
train,Mass-Training_P_01710_LEFT_CC_1,Mass-Training_P_01710_LEFT_CC,1,ok,1,True,2984.0,3186.0,1515.0,1729.0,0.9480427046263346,2984,3186,1515,1729,907.6355338394642,969,,,,,,,,,,,,
train,Mass-Training_P_01710_LEFT_MLO_1,Mass-Training_P_01710_LEFT_MLO,1,ok,1,True,4115.0,4378.0,1043.0,1436.0,0.9558823529411765,4115,4378,1043,1436,1378.6065310239792,1642,,,,,,,,,,,,
train,Mass-Training_P_01712_LEFT_CC_1,Mass-Training_P_01712_LEFT_CC,1,ok,1,True,4195.0,4479.0,1893.0,2170.0,0.875,4195,4479,1893,2170,1543.5114030241966,1660,,,,,,,,,,,,
train,Mass-Training_P_01712_LEFT_MLO_1,Mass-Training_P_01712_LEFT_MLO,1,ok,1,True,3888.0,4169.0,1209.0,1496.0,0.8245243128964059,3888,4169,1209,1496,1264.1381350755692,1399,788.0,1142.0,408.0,701.0,943.6767935752869,1639.0,,,,,,
train,Mass-Training_P_01712_RIGHT_CC_1,Mass-Training_P_01712_RIGHT_CC,1,ok,1,True,2383.0,2575.0,1763.0,2000.0,0.6893039049235993,2383,2575,1763,2000,651.7912558317184,717,,,,,,,,,,,,
train,Mass-Training_P_01712_RIGHT_MLO_1,Mass-Training_P_01712_RIGHT_MLO,1,ok,1,True,2331.0,2544.0,1114.0,1327.0,0.9375,2331,2544,1114,1327,682.2241778671741,724,,,,,,,,,,,,
train,Mass-Training_P_01714_RIGHT_CC_1,Mass-Training_P_01714_RIGHT_CC,1,ok,1,True,2482.0,2715.0,1614.0,1879.0,0.9615384615384616,2482,2715,1614,1879,2001.9040941298008,2113,,,,,,,,,,,,
train,Mass-Training_P_01714_RIGHT_MLO_1,Mass-Training_P_01714_RIGHT_MLO,1,ok,1,True,3428.0,3693.0,1976.0,2237.0,0.9411764705882353,3428,3693,1976,2237,1685.6164645552635,1840,,,,,,,,,,,,
train,Mass-Training_P_01717_LEFT_CC_1,Mass-Training_P_01717_LEFT_CC,1,ok,1,True,1869.0,2246.0,116.0,486.0,0.8431818181818181,1869,2246,116,486,1761.9197531342506,2041,,,,,,,,,,,,
train,Mass-Training_P_01717_LEFT_MLO_1,Mass-Training_P_01717_LEFT_MLO,1,ok,1,True,2731.0,3090.0,325.0,649.0,0.9039775010044194,2731,3090,325,649,1536.570940643549,1638,,,,,,,,,,,,
train,Mass-Training_P_01720_RIGHT_CC_1,Mass-Training_P_01720_RIGHT_CC,1,ok,1,True,1981.0,2310.0,2779.0,3073.0,0.9157054125998225,1981,2310,2779,3073,1230.6796753704548,1477,,,,,,,,,,,,
train,Mass-Training_P_01720_RIGHT_MLO_1,Mass-Training_P_01720_RIGHT_MLO,1,ok,1,True,3295.0,3627.0,2886.0,3203.0,0.86,3295,3627,2886,3203,1454.791076272726,1544,,,,,,,,,,,,
train,Mass-Training_P_01733_RIGHT_MLO_1,Mass-Training_P_01733_RIGHT_MLO,1,ok,1,True,3367.0,3517.0,2004.0,2141.0,0.7304227304227304,3367,3517,2004,2141,618.873593300581,766,,,,,,,,,,,,
train,Mass-Training_P_01735_RIGHT_CC_1,Mass-Training_P_01735_RIGHT_CC,1,ok,0,False,,,,,0.0,2096,2348,1408,1678,1833.3781379163265,2429,,,,,,,,,,,,
train,Mass-Training_P_01735_RIGHT_MLO_1,Mass-Training_P_01735_RIGHT_MLO,1,ok,1,True,3556.0,3750.0,2398.0,2651.0,0.6770909090909091,3556,3750,2398,2651,1232.826362401247,1380,,,,,,,,,,,,
train,Mass-Training_P_01737_RIGHT_CC_1,Mass-Training_P_01737_RIGHT_CC,1,ok,1,True,2673.0,2933.0,1408.0,1631.0,0.9112875388332758,2673,2933,1408,1631,1772.908514291048,1888,,,,,,,,,,,,
train,Mass-Training_P_01737_RIGHT_MLO_1,Mass-Training_P_01737_RIGHT_MLO,1,ok,1,True,3344.0,3548.0,1012.0,1264.0,0.8514056224899599,3344,3548,1012,1264,1320.6157025396824,1683,,,,,,,,,,,,
train,Mass-Training_P_01739_LEFT_CC_1,Mass-Training_P_01739_LEFT_CC,1,ok,1,True,1527.0,1856.0,1244.0,1579.0,0.9433962264150944,1527,1856,1244,1579,1993.3117489516735,2118,,,,,,,,,,,,
train,Mass-Training_P_01739_LEFT_MLO_1,Mass-Training_P_01739_LEFT_MLO,1,ok,1,True,2277.0,2589.0,2065.0,2370.0,0.9391833188531712,2277,2589,2065,2370,1290.695804476738,1397,,,,,,,,,,,,
train,Mass-Training_P_01739_RIGHT_CC_1,Mass-Training_P_01739_RIGHT_CC,1,ok,1,True,2230.0,2453.0,3072.0,3360.0,0.9146341463414634,2230,2453,3072,3360,743.9756714105606,814,,,,,,,,,,,,
train,Mass-Training_P_01739_RIGHT_MLO_1,Mass-Training_P_01739_RIGHT_MLO,1,ok,1,True,3126.0,3372.0,2844.0,3068.0,0.8408408408408409,3126,3372,2844,3068,656.5642110705376,802,,,,,,,,,,,,
train,Mass-Training_P_01744_LEFT_MLO_1,Mass-Training_P_01744_LEFT_MLO,1,ok,1,True,3945.0,4120.0,1402.0,1537.0,0.919931856899489,3945,4120,1402,1537,312.3269414305687,353,,,,,,,,,,,,
train,Mass-Training_P_01745_RIGHT_MLO_1,Mass-Training_P_01745_RIGHT_MLO,1,ok,1,True,3067.0,3368.0,617.0,944.0,0.7981609195402298,3067,3368,617,944,2049.9096305668354,2623,,,,,,,,,,,,
train,Mass-Training_P_01749_LEFT_CC_1,Mass-Training_P_01749_LEFT_CC,1,ok,1,True,3549.0,3799.0,1907.0,2132.0,0.847571189279732,3549,3799,1907,2132,1198.9410667419434,1469,,,,,,,,,,,,
train,Mass-Training_P_01749_LEFT_MLO_1,Mass-Training_P_01749_LEFT_MLO,1,ok,1,True,4013.0,4292.0,2151.0,2425.0,0.6031612223393046,4013,4292,2151,2425,1451.3323305249214,1905,573.0,847.0,2135.0,2367.0,1042.9205449223518,1598.0,,,,,,
train,Mass-Training_P_01751_LEFT_CC_1,Mass-Training_P_01751_LEFT_CC,1,ok,1,True,2661.0,2903.0,478.0,748.0,0.9288860918816866,2661,2903,478,748,1028.2357396185398,1113,,,,,,,,,,,,
train,Mass-Training_P_01751_LEFT_MLO_1,Mass-Training_P_01751_LEFT_MLO,1,ok,1,True,2814.0,3064.0,812.0,1130.0,0.9533991228070176,2814,3064,812,1130,1079.3047594428062,1256,,,,,,,,,,,,
train,Mass-Training_P_01753_RIGHT_CC_1,Mass-Training_P_01753_RIGHT_CC,1,ok,1,True,1975.0,2222.0,2441.0,2720.0,0.9038461538461539,1975,2222,2441,2720,1311.929867953062,1459,,,,,,,,,,,,
train,Mass-Training_P_01753_RIGHT_MLO_1,Mass-Training_P_01753_RIGHT_MLO,1,ok,1,True,1784.0,2100.0,1746.0,2106.0,0.848531684698609,1784,2100,1746,2106,2324.9136625230312,2764,39.0,177.0,2937.0,3065.0,236.51445057988167,481.0,0.0,11.0,2954.0,3015.0,10.535913348197937,25.0
train,Mass-Training_P_01755_RIGHT_CC_1,Mass-Training_P_01755_RIGHT_CC,1,ok,1,True,3210.0,3506.0,2783.0,3162.0,0.898538961038961,3210,3506,2783,3162,1276.8969204127789,1598,,,,,,,,,,,,
train,Mass-Training_P_01755_RIGHT_MLO_1,Mass-Training_P_01755_RIGHT_MLO,1,ok,1,True,3259.0,3589.0,2640.0,2949.0,0.7881118881118881,3259,3589,2640,2949,1241.6770078241825,1595,633.0,667.0,3740.0,3788.0,15.996800690889359,37.0,557.0,612.0,3706.0,3733.0,13.679463267326355,33.0
train,Mass-Training_P_01757_RIGHT_CC_1,Mass-Training_P_01757_RIGHT_CC,1,ok,1,True,1104.0,1434.0,2115.0,2620.0,0.7766899766899766,1104,1434,2115,2620,4083.3358946740627,4639,,,,,,,,,,,,
train,Mass-Training_P_01757_RIGHT_MLO_1,Mass-Training_P_01757_RIGHT_MLO,1,ok,1,True,2351.0,2685.0,1688.0,2081.0,0.9327204346009194,2351,2685,1688,2081,2961.5078270733356,3346,,,,,,,,,,,,
train,Mass-Training_P_01761_LEFT_CC_1,Mass-Training_P_01761_LEFT_CC,1,ok,1,True,3850.0,4081.0,610.0,860.0,0.8231850117096019,3850,4081,610,860,783.8922899365425,849,,,,,,,,,,,,
train,Mass-Training_P_01761_LEFT_MLO_1,Mass-Training_P_01761_LEFT_MLO,1,ok,1,True,3529.0,3732.0,514.0,755.0,0.8483849703361899,3529,3732,514,755,787.152959138155,872,,,,,,,,,,,,
train,Mass-Training_P_01768_LEFT_CC_1,Mass-Training_P_01768_LEFT_CC,1,ok,1,True,3113.0,3361.0,576.0,857.0,0.9056281978396816,3113,3361,576,857,2284.9361956119537,2482,,,,,,,,,,,,
train,Mass-Training_P_01768_LEFT_MLO_1,Mass-Training_P_01768_LEFT_MLO,1,ok,1,True,3377.0,3752.0,409.0,883.0,0.8305220883534137,3377,3752,409,883,3629.9701561927795,5248,,,,,,,,,,,,
train,Mass-Training_P_01775_LEFT_MLO_1,Mass-Training_P_01775_LEFT_MLO,1,ok,1,True,902.0,1536.0,0.0,541.0,0.8447810749118074,902,1536,0,541,10499.721775203943,12183,,,,,,,,,,,,
train,Mass-Training_P_01780_LEFT_CC_1,Mass-Training_P_01780_LEFT_CC,1,ok,1,True,1491.0,1999.0,0.0,234.0,0.6872775800711743,1491,1999,0,234,3015.113502204418,3263,,,,,,,,,,,,
train,Mass-Training_P_01780_LEFT_MLO_1,Mass-Training_P_01780_LEFT_MLO,1,ok,1,True,2067.0,2691.0,98.0,731.0,0.7377916365053734,2067,2691,98,731,8714.585765570402,10853,,,,,,,,,,,,
train,Mass-Training_P_01785_RIGHT_CC_1,Mass-Training_P_01785_RIGHT_CC,1,ok,1,True,3840.0,3967.0,106.0,271.0,0.8132214060860441,3840,3967,106,271,561.1295276284218,610,,,,,,,,,,,,
train,Mass-Training_P_01785_RIGHT_MLO_1,Mass-Training_P_01785_RIGHT_MLO,1,ok,1,True,3156.0,3329.0,494.0,742.0,0.7067329417080885,3156,3329,494,742,935.3566843271255,1053,,,,,,,,,,,,
train,Mass-Training_P_01786_LEFT_CC_1,Mass-Training_P_01786_LEFT_CC,1,ok,1,True,2216.0,2524.0,363.0,689.0,0.9310415387763454,2216,2524,363,689,2656.3840667009354,3066,1467.0,1523.0,424.0,508.0,78.24117803573608,182.0,,,,,,
train,Mass-Training_P_01788_RIGHT_CC_1,Mass-Training_P_01788_RIGHT_CC,1,ok,1,True,880.0,1194.0,3027.0,3366.0,0.851697438951757,880,1194,3027,3366,1525.6908390522003,1980,3452.0,3569.0,2117.0,2295.0,130.23322901129723,305.0,,,,,,
train,Mass-Training_P_01788_RIGHT_MLO_1,Mass-Training_P_01788_RIGHT_MLO,1,ok,1,True,2450.0,2831.0,2681.0,3088.0,0.9553868058851448,2450,2831,2681,3088,2328.157074511051,2742,,,,,,,,,,,,
train,Mass-Training_P_01798_LEFT_CC_1,Mass-Training_P_01798_LEFT_CC,1,ok,1,True,3307.0,3613.0,1440.0,1800.0,0.8317214700193424,3307,3613,1440,1800,1647.4388644695282,1796,,,,,,,,,,,,
train,Mass-Training_P_01798_LEFT_MLO_1,Mass-Training_P_01798_LEFT_MLO,1,ok,1,True,4240.0,4532.0,1484.0,1858.0,0.9093799682034976,4240,4532,1484,1858,1795.506263434887,1847,,,,,,,,,,,,
train,Mass-Training_P_01799_LEFT_CC_1,Mass-Training_P_01799_LEFT_CC,1,ok,1,True,2231.0,2569.0,1442.0,1748.0,0.8673978065802592,2231,2569,1442,1748,2304.2709492743015,2465,,,,,,,,,,,,
train,Mass-Training_P_01799_LEFT_MLO_1,Mass-Training_P_01799_LEFT_MLO,1,ok,1,True,2853.0,3410.0,1260.0,1839.0,0.8710078805474907,2853,3410,1260,1839,6631.370711892843,7878,,,,,,,,,,,,
train,Mass-Training_P_01801_RIGHT_CC_1,Mass-Training_P_01801_RIGHT_CC,1,ok,1,True,814.0,978.0,3041.0,3205.0,0.8778705636743215,814,978,3041,3205,568.9011531472206,612,,,,,,,,,,,,
train,Mass-Training_P_01801_RIGHT_MLO_1,Mass-Training_P_01801_RIGHT_MLO,1,ok,1,True,2983.0,3155.0,2943.0,3126.0,0.9401709401709402,2983,3155,2943,3126,651.0058050453663,688,,,,,,,,,,,,
train,Mass-Training_P_01804_LEFT_MLO_1,Mass-Training_P_01804_LEFT_MLO,1,ok,1,True,2205.0,2465.0,110.0,310.0,0.7451939881160433,2205,2465,110,310,1276.986400693655,1579,,,,,,,,,,,,
train,Mass-Training_P_01805_LEFT_CC_1,Mass-Training_P_01805_LEFT_CC,1,ok,1,True,1534.0,1847.0,1781.0,2046.0,0.8391977480647431,1534,1847,1781,2046,1215.179054170847,1733,,,,,,,,,,,,
train,Mass-Training_P_01805_LEFT_MLO_1,Mass-Training_P_01805_LEFT_MLO,1,ok,1,True,2685.0,3026.0,1854.0,2178.0,0.9021493212669683,2685,3026,1854,2178,1829.576403260231,2207,,,,,,,,,,,,
train,Mass-Training_P_01805_RIGHT_MLO_1,Mass-Training_P_01805_RIGHT_MLO,1,ok,1,True,2948.0,3312.0,1130.0,1474.0,0.830142063001853,2948,3312,1130,1474,1696.7614526748657,1991,,,,,,,,,,,,
train,Mass-Training_P_01814_RIGHT_CC_1,Mass-Training_P_01814_RIGHT_CC,1,ok,1,True,1581.0,1985.0,1522.0,1909.0,0.7879979035639413,1581,1985,1522,1909,5297.934366255999,6456,,,,,,,,,,,,
train,Mass-Training_P_01816_LEFT_CC_1,Mass-Training_P_01816_LEFT_CC,1,ok,1,True,2606.0,3041.0,600.0,938.0,0.8294828038855343,2606,3041,600,938,3673.988131314516,4203,,,,,,,,,,,,
train,Mass-Training_P_01816_LEFT_MLO_1,Mass-Training_P_01816_LEFT_MLO,1,ok,1,True,3911.0,4300.0,690.0,1058.0,0.9001520527116067,3911,4300,690,1058,3155.851398319006,3562,,,,,,,,,,,,
train,Mass-Training_P_01817_RIGHT_CC_1,Mass-Training_P_01817_RIGHT_CC,1,ok,1,True,1593.0,1870.0,408.0,676.0,0.8035714285714286,1593,1870,408,676,2012.6521907150745,2261,,,,,,,,,,,,
train,Mass-Training_P_01817_RIGHT_MLO_1,Mass-Training_P_01817_RIGHT_MLO,1,ok,1,True,2983.0,3275.0,314.0,535.0,0.846031746031746,2983,3275,314,535,1391.2478052079678,1692,601.0,761.0,2002.0,2200.0,571.7540929019451,861.0,,,,,,
train,Mass-Training_P_01819_RIGHT_CC_1,Mass-Training_P_01819_RIGHT_CC,1,ok,1,True,1711.0,1880.0,3023.0,3254.0,0.8204633204633205,1711,1880,3023,3254,557.2306739389896,588,,,,,,,,,,,,
train,Mass-Training_P_01822_LEFT_CC_1,Mass-Training_P_01822_LEFT_CC,1,ok,1,True,2928.0,3119.0,201.0,446.0,0.8807588075880759,2928,3119,201,446,1249.786012262106,1343,1449.0,1655.0,5.0,201.0,499.8330216407776,1093.0,,,,,,
train,Mass-Training_P_01822_LEFT_MLO_1,Mass-Training_P_01822_LEFT_MLO,1,ok,1,True,2532.0,2781.0,635.0,895.0,0.9262416604892513,2532,2781,635,895,1306.5262340307236,1540,,,,,,,,,,,,
train,Mass-Training_P_01824_RIGHT_CC_1,Mass-Training_P_01824_RIGHT_CC,1,ok,1,True,779.0,1021.0,2553.0,2800.0,0.9411764705882353,779,1021,2553,2800,1416.9341048002243,1524,,,,,,,,,,,,
train,Mass-Training_P_01824_RIGHT_MLO_1,Mass-Training_P_01824_RIGHT_MLO,1,ok,1,True,2079.0,2360.0,2200.0,2442.0,0.8708530805687204,2079,2360,2200,2442,1272.2155243456364,1386,,,,,,,,,,,,
train,Mass-Training_P_01826_RIGHT_CC_1,Mass-Training_P_01826_RIGHT_CC,1,ok,1,True,3216.0,3539.0,736.0,1072.0,0.6265740338688667,3216,3539,736,1072,1391.355652987957,1702,,,,,,,,,,,,
train,Mass-Training_P_01826_RIGHT_MLO_1,Mass-Training_P_01826_RIGHT_MLO,1,ok,1,True,3120.0,3442.0,1305.0,1682.0,0.758220502901354,3120,3442,1305,1682,1521.2737248539925,1773,,,,,,,,,,,,
train,Mass-Training_P_01829_LEFT_MLO_1,Mass-Training_P_01829_LEFT_MLO,1,ok,1,True,3212.0,3528.0,1260.0,1625.0,0.880838894184938,3212,3528,1260,1625,2700.8938812613487,3164,,,,,,,,,,,,
train,Mass-Training_P_01831_RIGHT_CC_1,Mass-Training_P_01831_RIGHT_CC,1,ok,1,True,2998.0,3284.0,729.0,1055.0,0.8947755702722591,2998,3284,729,1055,1708.6302631497383,2155,,,,,,,,,,,,
train,Mass-Training_P_01831_RIGHT_MLO_1,Mass-Training_P_01831_RIGHT_MLO,1,ok,1,True,3319.0,3559.0,793.0,1089.0,0.9173955296404276,3319,3559,793,1089,1778.9440073668957,1936,0.0,51.0,2419.0,2511.0,45.541383266448975,111.0,,,,,,
train,Mass-Training_P_01840_RIGHT_MLO_1,Mass-Training_P_01840_RIGHT_MLO,1,ok,1,True,2317.0,2638.0,595.0,901.0,0.823911814584511,2317,2638,595,901,2251.4324758648872,2601,,,,,,,,,,,,
train,Mass-Training_P_01841_RIGHT_CC_1,Mass-Training_P_01841_RIGHT_CC,1,ok,1,True,1765.0,2106.0,691.0,973.0,0.8666945256999582,1765,2106,691,973,2569.6470038592815,3050,,,,,,,,,,,,
train,Mass-Training_P_01841_RIGHT_MLO_1,Mass-Training_P_01841_RIGHT_MLO,1,ok,1,True,2683.0,2999.0,715.0,1027.0,0.9,2683,2999,715,1027,2319.4287434220314,3099,,,,,,,,,,,,
train,Mass-Training_P_01848_RIGHT_CC_1,Mass-Training_P_01848_RIGHT_CC,1,ok,1,True,2975.0,3301.0,1285.0,1610.0,0.8757615894039735,2975,3301,1285,1610,2041.5549790263176,2168,,,,,,,,,,,,
train,Mass-Training_P_01848_RIGHT_MLO_1,Mass-Training_P_01848_RIGHT_MLO,1,ok,1,True,3739.0,4110.0,2006.0,2278.0,0.7449067431850789,3739,4110,2006,2278,1484.4773391783237,1883,1356.0,1472.0,2713.0,2945.0,582.4596670866013,653.0,,,,,,
train,Mass-Training_P_01850_RIGHT_CC_1,Mass-Training_P_01850_RIGHT_CC,1,ok,1,True,4416.0,4826.0,907.0,1380.0,0.7284688995215312,4416,4826,907,1380,2432.2141795754433,3297,,,,,,,,,,,,
train,Mass-Training_P_01850_RIGHT_MLO_1,Mass-Training_P_01850_RIGHT_MLO,1,ok,1,True,5308.0,5690.0,537.0,906.0,0.8729792147806005,5308,5690,537,906,1799.0262387692928,2340,1436.0,1604.0,1134.0,1322.0,255.863470941782,553.0,,,,,,
train,Mass-Training_P_01853_LEFT_CC_1,Mass-Training_P_01853_LEFT_CC,1,ok,1,True,1922.0,2075.0,2326.0,2577.0,0.7916666666666666,1922,2075,2326,2577,610.9949638843536,708,,,,,,,,,,,,
train,Mass-Training_P_01853_LEFT_MLO_1,Mass-Training_P_01853_LEFT_MLO,1,ok,1,True,1803.0,1977.0,1564.0,1755.0,0.7665198237885462,1803,1977,1564,1755,550.3558401465416,671,3721.0,3864.0,2648.0,2816.0,287.478331387043,510.0,,,,,,
train,Mass-Training_P_01864_LEFT_CC_1,Mass-Training_P_01864_LEFT_CC,1,ok,1,True,1040.0,1249.0,533.0,729.0,0.8446014127144299,1040,1249,533,729,529.9860892593861,565,,,,,,,,,,,,
train,Mass-Training_P_01876_LEFT_CC_1,Mass-Training_P_01876_LEFT_CC,1,ok,1,True,1500.0,1819.0,832.0,1181.0,0.8104184457728437,1500,1819,832,1181,3072.37042799592,4298,,,,,,,,,,,,
train,Mass-Training_P_01876_LEFT_MLO_1,Mass-Training_P_01876_LEFT_MLO,1,ok,1,True,2703.0,3044.0,1049.0,1390.0,0.958143225550486,2703,3044,1049,1390,2523.5569163560867,3253,,,,,,,,,,,,
train,Mass-Training_P_01877_LEFT_CC_1,Mass-Training_P_01877_LEFT_CC,1,ok,1,True,1903.0,2269.0,1449.0,1769.0,0.8511627906976744,1903,2269,1449,1769,2980.967892229557,3453,,,,,,,,,,,,
train,Mass-Training_P_01877_LEFT_MLO_1,Mass-Training_P_01877_LEFT_MLO,1,ok,1,True,3031.0,3392.0,1704.0,2076.0,0.9311424100156495,3031,3392,1704,2076,2682.326105058193,3055,,,,,,,,,,,,
train,Mass-Training_P_01883_LEFT_CC_1,Mass-Training_P_01883_LEFT_CC,1,ok,1,True,1565.0,1921.0,2634.0,2913.0,0.7420467612111921,1565,1921,2634,2913,1618.0002469420433,1937,,,,,,,,,,,,
train,Mass-Training_P_01887_LEFT_CC_1,Mass-Training_P_01887_LEFT_CC,1,ok,1,True,1651.0,1912.0,1307.0,1645.0,0.8740894901144641,1651,1912,1307,1645,1560.0400994420052,1793,,,,,,,,,,,,
train,Mass-Training_P_01887_LEFT_MLO_1,Mass-Training_P_01887_LEFT_MLO,1,ok,1,True,1930.0,2245.0,2324.0,2645.0,0.8558951965065502,1930,2245,2324,2645,1462.1332769989967,1834,,,,,,,,,,,,
train,Mass-Training_P_01888_RIGHT_MLO_1,Mass-Training_P_01888_RIGHT_MLO,1,ok,1,True,1346.0,1720.0,1953.0,2295.0,0.8477856921647569,1346,1720,1953,2295,3677.743627488613,4580,,,,,,,,,,,,
train,Mass-Training_P_01889_RIGHT_CC_1,Mass-Training_P_01889_RIGHT_CC,1,ok,1,True,2426.0,2659.0,2627.0,2932.0,0.9539221064179924,2426,2659,2627,2932,1255.7450485825539,1320,,,,,,,,,,,,
train,Mass-Training_P_01889_RIGHT_MLO_1,Mass-Training_P_01889_RIGHT_MLO,1,ok,1,True,4182.0,4421.0,2288.0,2571.0,0.8809523809523809,4182,4421,2288,2571,1263.0921903550625,1324,,,,,,,,,,,,
train,Mass-Training_P_01890_LEFT_MLO_1,Mass-Training_P_01890_LEFT_MLO,1,ok,1,True,2798.0,3029.0,1844.0,2114.0,0.9375,2798,3029,1844,2114,1770.1719783842564,1887,,,,,,,,,,,,
train,Mass-Training_P_01908_LEFT_CC_1,Mass-Training_P_01908_LEFT_CC,1,ok,1,True,2432.0,2821.0,980.0,1374.0,0.8762677484787018,2432,2821,980,1374,4071.7019957602024,4275,,,,,,,,,,,,
train,Mass-Training_P_01946_RIGHT_CC_1,Mass-Training_P_01946_RIGHT_CC,1,ok,1,True,1491.0,1877.0,1986.0,2389.0,0.9075187969924812,1491,1877,1986,2389,3044.683489650488,3184,,,,,,,,,,,,
train,Mass-Training_P_01946_RIGHT_MLO_1,Mass-Training_P_01946_RIGHT_MLO,1,ok,1,True,2416.0,2777.0,1943.0,2354.0,0.8870967741935484,2416,2777,1943,2354,2179.21016523242,2794,,,,,,,,,,,,
train,Mass-Training_P_01981_RIGHT_CC_1,Mass-Training_P_01981_RIGHT_CC,1,ok,1,True,1700.0,2022.0,1993.0,2338.0,0.9491079262942381,1700,2022,1993,2338,2030.1372058689594,2303,,,,,,,,,,,,
train,Mass-Training_P_01981_RIGHT_MLO_1,Mass-Training_P_01981_RIGHT_MLO,1,ok,1,True,2155.0,2492.0,1602.0,1897.0,0.7645968489341983,2155,2492,1602,1897,1772.5199765563011,2028,,,,,,,,,,,,
train,Mass-Training_P_02033_RIGHT_CC_1,Mass-Training_P_02033_RIGHT_CC,1,ok,1,True,3032.0,3350.0,1672.0,2023.0,0.8908583947420833,3032,3350,1672,2023,3283.9534384310246,3500,,,,,,,,,,,,
train,Mass-Training_P_02033_RIGHT_MLO_1,Mass-Training_P_02033_RIGHT_MLO,1,ok,1,True,3814.0,4156.0,1849.0,2226.0,0.8810068649885584,3814,4156,1849,2226,3096.7043722569942,3621,,,,,,,,,,,,
train,Mass-Training_P_02079_RIGHT_CC_1,Mass-Training_P_02079_RIGHT_CC,1,ok,1,True,2649.0,2998.0,2076.0,2442.0,0.9533417402269861,2649,2998,2076,2442,2783.62899979949,2892,,,,,,,,,,,,
train,Mass-Training_P_02079_RIGHT_MLO_1,Mass-Training_P_02079_RIGHT_MLO,1,ok,1,True,2750.0,3104.0,1540.0,1911.0,0.9051094890510949,2750,3104,1540,1911,2485.477283835411,2675,,,,,,,,,,,,
train,Mass-Test_P_00016_LEFT_CC_1,Mass-Test_P_00016_LEFT_CC,1,ok,1,True,2582.0,2918.0,1322.0,1659.0,0.8342420937840785,2582,2918,1322,1659,4577.233658403158,5096,,,,,,,,,,,,
train,Mass-Test_P_00016_LEFT_MLO_1,Mass-Test_P_00016_LEFT_MLO,1,ok,1,True,3673.0,3995.0,1630.0,1914.0,0.8869615495808038,3673,3995,1630,1914,1893.392822444439,2221,,,,,,,,,,,,
train,Mass-Test_P_00032_RIGHT_CC_1,Mass-Test_P_00032_RIGHT_CC,1,ok,1,True,1819.0,2143.0,1879.0,2188.0,0.875,1819,2143,1879,2188,2487.2504077851772,2796,,,,,,,,,,,,
train,Mass-Test_P_00032_RIGHT_MLO_1,Mass-Test_P_00032_RIGHT_MLO,1,ok,1,True,2135.0,2511.0,1373.0,1769.0,0.9372219476025705,2135,2511,1373,1769,3567.130742430687,4040,,,,,,,,,,,,
train,Mass-Test_P_00066_LEFT_CC_1,Mass-Test_P_00066_LEFT_CC,1,ok,1,True,2303.0,2524.0,1797.0,1997.0,0.7723132969034608,2303,2524,1797,1997,1527.8513378798962,1672,,,,,,,,,,,,
train,Mass-Test_P_00066_LEFT_MLO_1,Mass-Test_P_00066_LEFT_MLO,1,ok,1,True,4194.0,4454.0,1535.0,1901.0,0.8787037037037037,4194,4454,1535,1901,2030.4960103034973,2525,,,,,,,,,,,,
train,Mass-Test_P_00118_RIGHT_CC_1,Mass-Test_P_00118_RIGHT_CC,1,ok,1,True,3423.0,3622.0,1532.0,1815.0,0.862910008410429,3423,3622,1532,1815,671.2614243030548,710,,,,,,,,,,,,
train,Mass-Test_P_00118_RIGHT_MLO_1,Mass-Test_P_00118_RIGHT_MLO,1,ok,1,True,3131.0,3435.0,2500.0,2749.0,0.975609756097561,3131,3435,2500,2749,649.191253632307,720,,,,,,,,,,,,
train,Mass-Test_P_00124_RIGHT_CC_1,Mass-Test_P_00124_RIGHT_CC,1,ok,1,True,4306.0,4451.0,654.0,820.0,0.75,4306,4451,654,820,582.1562648117542,625,,,,,,,,,,,,
train,Mass-Test_P_00126_RIGHT_CC_1,Mass-Test_P_00126_RIGHT_CC,1,ok,1,True,3464.0,3738.0,702.0,971.0,0.8888888888888888,3464,3738,702,971,1675.9999538958073,1854,,,,,,,,,,,,
train,Mass-Test_P_00126_RIGHT_MLO_1,Mass-Test_P_00126_RIGHT_MLO,1,ok,1,True,4043.0,4360.0,1105.0,1432.0,0.8597141344626786,4043,4360,1105,1432,2268.2337923943996,2583,,,,,,,,,,,,
train,Mass-Test_P_00131_LEFT_CC_1,Mass-Test_P_00131_LEFT_CC,1,ok,1,True,2145.0,2361.0,1830.0,2082.0,0.9736842105263158,2145,2361,1830,2082,794.797865241766,815,,,,,,,,,,,,
train,Mass-Test_P_00131_LEFT_MLO_1,Mass-Test_P_00131_LEFT_MLO,1,ok,1,True,3444.0,3681.0,1868.0,2125.0,0.8547486033519553,3444,3681,1868,2125,851.3570007681847,937,,,,,,,,,,,,
train,Mass-Test_P_00145_LEFT_CC_1,Mass-Test_P_00145_LEFT_CC,1,ok,1,True,2776.0,3146.0,734.0,1088.0,0.9120499753411145,2776,3146,734,1088,3466.13031360507,3830,,,,,,,,,,,,
train,Mass-Test_P_00145_LEFT_MLO_1,Mass-Test_P_00145_LEFT_MLO,1,ok,1,True,3117.0,3431.0,923.0,1276.0,0.8722426470588235,3117,3431,923,1276,2794.263949483633,3473,,,,,,,,,,,,
train,Mass-Test_P_00156_RIGHT_MLO_1,Mass-Test_P_00156_RIGHT_MLO,1,ok,1,True,1543.0,1886.0,2314.0,2728.0,0.8352819298505254,1543,1886,2314,2728,3258.5835732221603,3776,,,,,,,,,,,,
train,Mass-Test_P_00158_RIGHT_MLO_1,Mass-Test_P_00158_RIGHT_MLO,1,ok,1,True,1735.0,1875.0,2507.0,2662.0,0.90625,1735,1875,2507,2662,649.2927984297276,713,,,,,,,,,,,,
train,Mass-Test_P_00171_RIGHT_CC_1,Mass-Test_P_00171_RIGHT_CC,1,ok,1,True,2611.0,2887.0,858.0,1092.0,0.7419354838709677,2611,2887,858,1092,664.1287984251976,1580,,,,,,,,,,,,
train,Mass-Test_P_00171_RIGHT_MLO_1,Mass-Test_P_00171_RIGHT_MLO,1,ok,1,True,3700.0,3979.0,520.0,896.0,0.6518365235385412,3700,3979,520,896,1811.100219398737,2659,,,,,,,,,,,,
train,Mass-Test_P_00173_LEFT_CC_1,Mass-Test_P_00173_LEFT_CC,1,ok,1,True,2307.0,2546.0,955.0,1243.0,0.8541284403669724,2307,2546,955,1243,1535.684766113758,1723,,,,,,,,,,,,
train,Mass-Test_P_00173_LEFT_MLO_1,Mass-Test_P_00173_LEFT_MLO,1,ok,1,True,3219.0,3461.0,766.0,1009.0,0.8285302593659942,3219,3461,766,1009,1434.2188274860382,1725,,,,,,,,,,,,
train,Mass-Test_P_00173_RIGHT_CC_1,Mass-Test_P_00173_RIGHT_CC,2,ok,1,True,2521.0,2824.0,2556.0,2824.0,0.4318642350557244,2521,2824,2556,2824,2228.826186299324,2558,2123.0,2407.0,1820.0,2143.0,1713.3780420720577,2406.0,,,,,,
train,Mass-Test_P_00173_RIGHT_CC_2,Mass-Test_P_00173_RIGHT_CC,2,ok,2,True,2123.0,2407.0,1820.0,2143.0,0.8186024988431282,2521,2824,2556,2824,2228.826186299324,2558,2123.0,2407.0,1820.0,2143.0,1713.3780420720577,2406.0,,,,,,
train,Mass-Test_P_00173_RIGHT_MLO_1,Mass-Test_P_00173_RIGHT_MLO,2,ok,0,False,,,,,0.0,2601,2839,1688,1921,625.3981483578682,1493,,,,,,,,,,,,
train,Mass-Test_P_00173_RIGHT_MLO_2,Mass-Test_P_00173_RIGHT_MLO,2,ok,1,True,2601.0,2839.0,1688.0,1921.0,0.9027611044417767,2601,2839,1688,1921,625.3981483578682,1493,,,,,,,,,,,,
train,Mass-Test_P_00192_RIGHT_CC_1,Mass-Test_P_00192_RIGHT_CC,1,ok,1,True,2103.0,3030.0,2276.0,3196.0,0.7679232076792321,2103,3030,2276,3196,9647.114505529404,11376,,,,,,,,,,,,
train,Mass-Test_P_00194_RIGHT_CC_1,Mass-Test_P_00194_RIGHT_CC,1,ok,1,True,2824.0,3484.0,1224.0,1812.0,0.854070932013668,2824,3484,1224,1812,11454.360924690962,12794,,,,,,,,,,,,
train,Mass-Test_P_00194_RIGHT_MLO_1,Mass-Test_P_00194_RIGHT_MLO,1,ok,1,True,3107.0,3815.0,929.0,1588.0,0.8270676691729323,3107,3815,929,1588,10397.947732031345,13092,3712.0,3845.0,2040.0,2168.0,206.93756732344627,453.0,,,,,,
train,Mass-Test_P_00198_LEFT_CC_1,Mass-Test_P_00198_LEFT_CC,1,ok,1,True,1164.0,1437.0,2116.0,2388.0,0.8728352300841168,1164,1437,2116,2388,753.5315720140934,1252,1716.0,1849.0,1530.0,1723.0,176.1351906657219,379.0,,,,,,
train,Mass-Test_P_00198_LEFT_MLO_1,Mass-Test_P_00198_LEFT_MLO,1,ok,1,True,2732.0,2917.0,2441.0,2711.0,0.8456201214223764,2732,2917,2441,2711,716.0286172032356,751,,,,,,,,,,,,
train,Mass-Test_P_00200_LEFT_CC_1,Mass-Test_P_00200_LEFT_CC,1,ok,1,True,1901.0,2707.0,973.0,1592.0,0.9734838937339315,1901,2707,973,1592,10909.08560320735,12862,,,,,,,,,,,,
train,Mass-Test_P_00200_LEFT_MLO_1,Mass-Test_P_00200_LEFT_MLO,1,ok,1,True,3022.0,3404.0,850.0,1217.0,0.9871794871794872,3022,3404,850,1217,3664.355270266533,4124,,,,,,,,,,,,
train,Mass-Test_P_00200_RIGHT_CC_1,Mass-Test_P_00200_RIGHT_CC,1,ok,1,True,1830.0,2559.0,1692.0,2268.0,0.8529886914378029,1830,2559,1692,2268,9928.254090845585,11552,,,,,,,,,,,,
train,Mass-Test_P_00200_RIGHT_MLO_1,Mass-Test_P_00200_RIGHT_MLO,1,ok,1,True,1679.0,2232.0,2162.0,2720.0,0.877895752895753,1679,2232,2162,2720,7236.276686966419,9539,,,,,,,,,,,,
train,Mass-Test_P_00202_RIGHT_CC_1,Mass-Test_P_00202_RIGHT_CC,1,ok,1,True,1024.0,1439.0,2988.0,3410.0,0.8894764674775251,1024,1439,2988,3410,2291.3713787198067,2538,,,,,,,,,,,,
train,Mass-Test_P_00202_RIGHT_MLO_1,Mass-Test_P_00202_RIGHT_MLO,1,ok,1,True,2739.0,3237.0,2083.0,2537.0,0.6861607142857142,2739,3237,2083,2537,2329.768968075514,2887,,,,,,,,,,,,
train,Mass-Test_P_00203_LEFT_CC_1,Mass-Test_P_00203_LEFT_CC,1,ok,1,True,2797.0,3102.0,2519.0,2804.0,0.40875912408759124,2797,3102,2519,2804,916.2123939692974,1250,,,,,,,,,,,,
train,Mass-Test_P_00203_LEFT_MLO_1,Mass-Test_P_00203_LEFT_MLO,1,ok,1,True,3165.0,3437.0,2179.0,2437.0,0.5136986301369864,3165,3437,2179,2437,879.4981652498245,1097,,,,,,,,,,,,
train,Mass-Test_P_00230_RIGHT_CC_1,Mass-Test_P_00230_RIGHT_CC,1,ok,1,True,3939.0,4121.0,200.0,442.0,0.8442171518489379,3939,4121,200,442,801.3858881294727,861,,,,,,,,,,,,
train,Mass-Test_P_00230_RIGHT_MLO_1,Mass-Test_P_00230_RIGHT_MLO,1,ok,1,True,4168.0,4389.0,322.0,556.0,0.9195906432748538,4168,4389,322,556,806.1164433062077,842,,,,,,,,,,,,
train,Mass-Test_P_00278_RIGHT_CC_1,Mass-Test_P_00278_RIGHT_CC,1,ok,1,True,3472.0,3676.0,2269.0,2455.0,0.8872506504770165,3472,3676,2269,2455,695.1324283182621,778,,,,,,,,,,,,
train,Mass-Test_P_00278_RIGHT_MLO_1,Mass-Test_P_00278_RIGHT_MLO,1,ok,1,True,5094.0,5259.0,2233.0,2423.0,0.8488843813387424,5094,5259,2233,2423,644.1595746576786,671,,,,,,,,,,,,
train,Mass-Test_P_00296_LEFT_CC_1,Mass-Test_P_00296_LEFT_CC,1,ok,1,True,2733.0,3304.0,119.0,663.0,0.9173643975245722,2733,3304,119,663,8645.45986276865,9904,,,,,,,,,,,,
train,Mass-Test_P_00296_LEFT_MLO_1,Mass-Test_P_00296_LEFT_MLO,1,ok,1,True,2881.0,3471.0,323.0,982.0,0.9211886304909561,2881,3471,323,982,10808.77292251587,11685,,,,,,,,,,,,
train,Mass-Test_P_00324_RIGHT_CC_1,Mass-Test_P_00324_RIGHT_CC,1,ok,1,True,2794.0,3221.0,1967.0,2319.0,0.9051212938005391,2794,3221,1967,2319,3315.5747546851635,4219,,,,,,,,,,,,
train,Mass-Test_P_00324_RIGHT_MLO_1,Mass-Test_P_00324_RIGHT_MLO,1,ok,1,True,2464.0,2751.0,1867.0,2135.0,0.9525606469002695,2464,2751,1867,2135,1888.1630909442902,2172,,,,,,,,,,,,
train,Mass-Test_P_00343_LEFT_CC_1,Mass-Test_P_00343_LEFT_CC,1,ok,1,True,2080.0,2403.0,1380.0,1530.0,0.8517091959557054,2080,2403,1380,1530,974.6607997119427,1255,,,,,,,,,,,,
train,Mass-Test_P_00343_LEFT_MLO_1,Mass-Test_P_00343_LEFT_MLO,1,ok,1,True,2550.0,2966.0,1252.0,1521.0,0.6954838709677419,2550,2966,1252,1521,2678.8963291943073,3145,,,,,,,,,,,,
train,Mass-Test_P_00343_RIGHT_CC_1,Mass-Test_P_00343_RIGHT_CC,2,ok,0,False,,,,,0.0,1570,1942,1519,1702,1450.9783608913422,1772,,,,,,,,,,,,
train,Mass-Test_P_00343_RIGHT_CC_2,Mass-Test_P_00343_RIGHT_CC,2,ok,1,True,1570.0,1942.0,1519.0,1702.0,0.925,1570,1942,1519,1702,1450.9783608913422,1772,,,,,,,,,,,,
train,Mass-Test_P_00343_RIGHT_MLO_1,Mass-Test_P_00343_RIGHT_MLO,2,ok,2,True,1517.0,1624.0,2472.0,2579.0,0.7794759825327511,2536,2950,1539,1820,2189.6258363723755,2671,1517.0,1624.0,2472.0,2579.0,196.51919755339622,308.0,,,,,,
train,Mass-Test_P_00343_RIGHT_MLO_2,Mass-Test_P_00343_RIGHT_MLO,2,ok,1,True,2536.0,2950.0,1539.0,1820.0,0.8136986301369863,2536,2950,1539,1820,2189.6258363723755,2671,1517.0,1624.0,2472.0,2579.0,196.51919755339622,308.0,,,,,,
train,Mass-Test_P_00347_LEFT_CC_1,Mass-Test_P_00347_LEFT_CC,1,ok,1,True,1908.0,2189.0,1439.0,1715.0,0.7949603037625129,1908,2189,1439,1715,1691.6766450703144,1849,,,,,,,,,,,,
train,Mass-Test_P_00347_LEFT_MLO_1,Mass-Test_P_00347_LEFT_MLO,1,ok,1,True,3364.0,3642.0,1420.0,1660.0,0.9423076923076923,3364,3642,1420,1660,1442.6657862961292,1514,,,,,,,,,,,,
train,Mass-Test_P_00358_RIGHT_CC_1,Mass-Test_P_00358_RIGHT_CC,1,ok,1,True,2706.0,3201.0,601.0,1120.0,0.8922547332185886,2706,3201,601,1120,5941.541459113359,7840,,,,,,,,,,,,
train,Mass-Test_P_00358_RIGHT_MLO_1,Mass-Test_P_00358_RIGHT_MLO,1,ok,1,True,2392.0,2928.0,530.0,1029.0,0.905607476635514,2392,2928,530,1029,5648.320045232773,6912,,,,,,,,,,,,
train,Mass-Test_P_00359_LEFT_MLO_1,Mass-Test_P_00359_LEFT_MLO,1,ok,1,True,4842.0,5206.0,2307.0,2652.0,0.7326862539349422,4842,5206,2307,2652,1692.0316163003445,2019,,,,,,,,,,,,
train,Mass-Test_P_00379_LEFT_CC_1,Mass-Test_P_00379_LEFT_CC,1,ok,1,True,1470.0,1808.0,714.0,1143.0,0.9506172839506173,1470,1808,714,1143,3203.3388848006725,3548,,,,,,,,,,,,
train,Mass-Test_P_00379_LEFT_MLO_1,Mass-Test_P_00379_LEFT_MLO,1,ok,1,True,1508.0,1874.0,568.0,957.0,0.956686291000841,1508,1874,568,957,3022.0165123045444,3233,,,,,,,,,,,,
train,Mass-Test_P_00381_LEFT_CC_1,Mass-Test_P_00381_LEFT_CC,1,ok,1,True,1848.0,2070.0,1842.0,2042.0,0.7835743801652892,1848,2070,1842,2042,1005.5398784577847,1051,,,,,,,,,,,,
train,Mass-Test_P_00381_LEFT_MLO_1,Mass-Test_P_00381_LEFT_MLO,1,ok,1,True,3127.0,3369.0,2371.0,2549.0,0.8898505114083399,3127,3369,2371,2549,669.1980551183224,750,,,,,,,,,,,,
train,Mass-Test_P_00387_RIGHT_CC_1,Mass-Test_P_00387_RIGHT_CC,1,ok,1,True,2628.0,2839.0,1789.0,1990.0,0.6500898741761534,2628,2839,1789,1990,902.4634952843189,1100,,,,,,,,,,,,
train,Mass-Test_P_00387_RIGHT_MLO_1,Mass-Test_P_00387_RIGHT_MLO,1,ok,1,True,2872.0,3081.0,1859.0,2073.0,0.9512195121951219,2872,3081,1859,2073,1111.5686705708504,1167,,,,,,,,,,,,
train,Mass-Test_P_00391_LEFT_CC_1,Mass-Test_P_00391_LEFT_CC,1,ok,1,True,2742.0,3048.0,2383.0,2699.0,0.9193548387096774,2742,3048,2383,2699,2112.714700758457,2378,,,,,,,,,,,,
train,Mass-Test_P_00391_LEFT_MLO_1,Mass-Test_P_00391_LEFT_MLO,1,ok,1,True,2451.0,2783.0,1775.0,2123.0,0.927536231884058,2451,2783,1775,2123,2636.234425187111,3001,,,,,,,,,,,,
train,Mass-Test_P_00391_RIGHT_CC_1,Mass-Test_P_00391_RIGHT_CC,1,ok,1,True,2691.0,3189.0,336.0,939.0,0.8427653716732946,2691,3189,336,939,6448.428727567196,7684,,,,,,,,,,,,
train,Mass-Test_P_00391_RIGHT_MLO_1,Mass-Test_P_00391_RIGHT_MLO,1,ok,1,True,2804.0,3067.0,778.0,1078.0,0.7183561643835616,2804,3067,778,1078,1757.3704489171505,1985,,,,,,,,,,,,
train,Mass-Test_P_00409_RIGHT_CC_1,Mass-Test_P_00409_RIGHT_CC,1,ok,1,True,3641.0,3994.0,2075.0,2474.0,0.9132869506193789,3641,3994,2075,2474,3016.6419972479343,3421,,,,,,,,,,,,
train,Mass-Test_P_00409_RIGHT_MLO_1,Mass-Test_P_00409_RIGHT_MLO,1,ok,1,True,3874.0,4215.0,2131.0,2539.0,0.8829047949965254,3874,4215,2131,2539,2733.522965013981,3286,,,,,,,,,,,,
train,Mass-Test_P_00429_LEFT_CC_1,Mass-Test_P_00429_LEFT_CC,1,ok,1,True,2960.0,3265.0,605.0,880.0,0.8481442760062728,2960,3265,605,880,1520.3464794456959,1793,,,,,,,,,,,,
train,Mass-Test_P_00429_LEFT_MLO_1,Mass-Test_P_00429_LEFT_MLO,1,ok,1,True,2753.0,3053.0,622.0,877.0,0.9245283018867925,2753,3053,622,877,2198.6242212057114,2329,,,,,,,,,,,,
train,Mass-Test_P_00433_LEFT_CC_1,Mass-Test_P_00433_LEFT_CC,1,ok,1,True,1554.0,1745.0,523.0,699.0,0.8372093023255814,1554,1745,523,699,875.7269451618195,1026,,,,,,,,,,,,
train,Mass-Test_P_00433_LEFT_MLO_1,Mass-Test_P_00433_LEFT_MLO,1,ok,1,True,2387.0,2649.0,311.0,647.0,0.9407709982129181,2387,2649,311,647,2279.2944090664387,2446,,,,,,,,,,,,
train,Mass-Test_P_00457_LEFT_CC_1,Mass-Test_P_00457_LEFT_CC,1,ok,1,True,3057.0,3310.0,1410.0,1715.0,0.8635005973715651,3057,3310,1410,1715,1736.9787048399448,1923,,,,,,,,,,,,
train,Mass-Test_P_00457_LEFT_MLO_1,Mass-Test_P_00457_LEFT_MLO,1,ok,1,True,3729.0,4092.0,1168.0,1515.0,0.8914379352724293,3729,4092,1168,1515,2171.0786786079407,2756,,,,,,,,,,,,
train,Mass-Test_P_00464_RIGHT_CC_1,Mass-Test_P_00464_RIGHT_CC,1,ok,1,True,4340.0,4736.0,964.0,1391.0,0.9287238583013231,4340,4736,964,1391,2858.1924682855606,3102,,,,,,,,,,,,
train,Mass-Test_P_00464_RIGHT_MLO_1,Mass-Test_P_00464_RIGHT_MLO,1,ok,1,True,4537.0,4862.0,805.0,1142.0,0.6555746140651801,4537,4862,805,1142,1734.8458793759346,2092,1872.0,2085.0,131.0,256.0,273.8941243290901,555.0,,,,,,
train,Mass-Test_P_00470_RIGHT_CC_1,Mass-Test_P_00470_RIGHT_CC,1,ok,1,True,2066.0,2247.0,935.0,1131.0,0.7822410147991543,2066,2247,935,1131,1057.0831175744534,1132,,,,,,,,,,,,
train,Mass-Test_P_00470_RIGHT_MLO_1,Mass-Test_P_00470_RIGHT_MLO,1,ok,1,True,3028.0,3219.0,872.0,1038.0,0.9428571428571428,3028,3219,872,1038,927.0191339850426,974,,,,,,,,,,,,
train,Mass-Test_P_00482_LEFT_CC_1,Mass-Test_P_00482_LEFT_CC,1,ok,1,True,1392.0,2050.0,1156.0,1915.0,0.917105076069956,1392,2050,1156,1915,8923.116120785475,12353,,,,,,,,,,,,
train,Mass-Test_P_00482_LEFT_MLO_1,Mass-Test_P_00482_LEFT_MLO,1,ok,1,True,1648.0,2194.0,1163.0,1754.0,0.8764855687606112,1648,2194,1163,1754,6069.71420827508,7619,,,,,,,,,,,,
train,Mass-Test_P_00490_RIGHT_CC_1,Mass-Test_P_00490_RIGHT_CC,1,ok,1,True,1295.0,1498.0,2024.0,2272.0,0.8737864077669902,1295,1498,2024,2272,1407.7935296297073,1536,,,,,,,,,,,,
train,Mass-Test_P_00490_RIGHT_MLO_1,Mass-Test_P_00490_RIGHT_MLO,1,ok,1,True,1618.0,1857.0,1421.0,1646.0,0.9622367465504721,1618,1857,1421,1646,1702.4806471467018,1849,,,,,,,,,,,,
train,Mass-Test_P_00494_RIGHT_CC_1,Mass-Test_P_00494_RIGHT_CC,1,ok,1,True,1977.0,2429.0,995.0,1486.0,0.8839140639104531,1977,2429,995,1486,3508.7507730722427,3807,,,,,,,,,,,,
train,Mass-Test_P_00494_RIGHT_MLO_1,Mass-Test_P_00494_RIGHT_MLO,1,ok,1,True,3202.0,3600.0,1508.0,1940.0,0.8584202682563339,3202,3600,1508,1940,2610.9239137768745,2886,,,,,,,,,,,,
train,Mass-Test_P_00498_LEFT_CC_1,Mass-Test_P_00498_LEFT_CC,1,ok,1,True,3883.0,4094.0,2360.0,2551.0,0.8181818181818182,3883,4094,2360,2551,642.6662781834602,730,,,,,,,,,,,,
train,Mass-Test_P_00498_LEFT_MLO_1,Mass-Test_P_00498_LEFT_MLO,1,ok,1,True,4711.0,4903.0,2606.0,2833.0,0.9388560157790927,4711,4903,2606,2833,663.0838263630867,695,,,,,,,,,,,,
train,Mass-Test_P_00500_RIGHT_MLO_1,Mass-Test_P_00500_RIGHT_MLO,1,ok,1,True,2570.0,2823.0,741.0,1044.0,1.0,2570,2823,741,1044,1011.3086894154549,1183,,,,,,,,,,,,
train,Mass-Test_P_00510_LEFT_CC_4,Mass-Test_P_00510_LEFT_CC,1,ok,1,True,821.0,1010.0,456.0,631.0,0.9298013245033112,821,1010,456,631,449.4346954524517,473,3030.0,3093.0,267.0,330.0,22.222703486680984,55.0,,,,,,
train,Mass-Test_P_00510_LEFT_MLO_2,Mass-Test_P_00510_LEFT_MLO,1,ok,1,True,1093.0,1266.0,1527.0,1693.0,0.8900928792569659,1093,1266,1527,1693,423.3009464740753,449,,,,,,,,,,,,
train,Mass-Test_P_00514_LEFT_MLO_1,Mass-Test_P_00514_LEFT_MLO,1,ok,1,True,4629.0,4818.0,2522.0,2682.0,0.8922413793103449,4629,4818,2522,2682,372.236954331398,414,,,,,,,,,,,,
train,Mass-Test_P_00516_LEFT_CC_1,Mass-Test_P_00516_LEFT_CC,1,ok,1,True,2868.0,3291.0,562.0,985.0,0.9163484901076016,2868,3291,562,985,5226.236310094595,5624,,,,,,,,,,,,
train,Mass-Test_P_00516_LEFT_MLO_1,Mass-Test_P_00516_LEFT_MLO,1,ok,1,True,2909.0,3345.0,334.0,769.0,0.9269806094182825,2909,3345,334,769,5192.312521964312,5718,,,,,,,,,,,,
train,Mass-Test_P_00524_LEFT_CC_1,Mass-Test_P_00524_LEFT_CC,1,ok,1,True,1691.0,1980.0,1320.0,1644.0,0.9363057324840764,1691,1980,1320,1644,1353.0633179843426,1416,,,,,,,,,,,,
train,Mass-Test_P_00524_LEFT_MLO_1,Mass-Test_P_00524_LEFT_MLO,1,ok,1,True,2822.0,3087.0,1418.0,1689.0,0.34727061556329847,2822,3087,1418,1689,808.4817667603493,1177,,,,,,,,,,,,
train,Mass-Test_P_00533_LEFT_CC_1,Mass-Test_P_00533_LEFT_CC,1,ok,1,True,2126.0,2418.0,133.0,470.0,0.90920245398773,2126,2418,133,470,2655.495025664568,2878,,,,,,,,,,,,
train,Mass-Test_P_00533_LEFT_MLO_1,Mass-Test_P_00533_LEFT_MLO,1,ok,1,True,2799.0,3065.0,167.0,449.0,0.8637873754152824,2799,3065,167,449,1655.262671560049,1905,,,,,,,,,,,,
train,Mass-Test_P_00544_LEFT_CC_1,Mass-Test_P_00544_LEFT_CC,1,ok,1,True,1513.0,1674.0,845.0,1096.0,0.8910891089108911,1513,1674,845,1096,801.1965026259422,1000,,,,,,,,,,,,
train,Mass-Test_P_00544_LEFT_MLO_1,Mass-Test_P_00544_LEFT_MLO,1,ok,1,True,1960.0,2347.0,1676.0,1932.0,0.903954802259887,1960,2347,1676,1932,1870.7366673350334,2359,,,,,,,,,,,,
train,Mass-Test_P_00591_RIGHT_MLO_3,Mass-Test_P_00591_RIGHT_MLO,1,ok,2,True,457.0,768.0,2689.0,3018.0,0.9026392961876832,2115,2689,2807,3217,3170.69207662344,5583,457.0,768.0,2689.0,3018.0,1867.7728069722652,2200.0,,,,,,
train,Mass-Test_P_00598_LEFT_CC_1,Mass-Test_P_00598_LEFT_CC,1,ok,1,True,2343.0,2891.0,387.0,870.0,0.8754805281631288,2343,2891,387,870,6607.353310883045,7279,,,,,,,,,,,,
train,Mass-Test_P_00598_LEFT_MLO_1,Mass-Test_P_00598_LEFT_MLO,1,ok,1,True,2343.0,2775.0,427.0,835.0,0.8529650690495532,2343,2775,427,835,4512.1713607907295,4896,,,,,,,,,,,,
train,Mass-Test_P_00612_RIGHT_MLO_1,Mass-Test_P_00612_RIGHT_MLO,1,ok,1,True,2773.0,3028.0,1835.0,2186.0,0.8790476190476191,2773,3028,1835,2186,2003.117465853691,2434,,,,,,,,,,,,
train,Mass-Test_P_00615_RIGHT_CC_1,Mass-Test_P_00615_RIGHT_CC,1,ok,1,True,1442.0,1875.0,88.0,410.0,0.7803790412486065,1442,1875,88,410,1913.9985808432102,3077,,,,,,,,,,,,
train,Mass-Test_P_00615_RIGHT_MLO_1,Mass-Test_P_00615_RIGHT_MLO,1,ok,1,True,1981.0,2294.0,735.0,1114.0,0.8258488499452354,1981,2294,735,1114,2150.2086251676083,2417,,,,,,,,,,,,
train,Mass-Test_P_00623_LEFT_CC_1,Mass-Test_P_00623_LEFT_CC,1,ok,1,True,2184.0,2536.0,188.0,553.0,0.9140396490087748,2184,2536,188,553,4013.552031517029,4255,,,,,,,,,,,,
train,Mass-Test_P_00623_LEFT_MLO_1,Mass-Test_P_00623_LEFT_MLO,1,ok,1,True,1472.0,1813.0,818.0,1112.0,0.9030378693300042,1472,1813,818,1112,3097.285236507654,3354,,,,,,,,,,,,
train,Mass-Test_P_00629_RIGHT_CC_1,Mass-Test_P_00629_RIGHT_CC,1,ok,1,True,2400.0,2796.0,1998.0,2369.0,0.9634146341463414,2400,2796,1998,2369,3654.3584110438824,4035,,,,,,,,,,,,
train,Mass-Test_P_00629_RIGHT_MLO_1,Mass-Test_P_00629_RIGHT_MLO,1,ok,1,True,3584.0,3987.0,2099.0,2450.0,0.7018984094407389,3584,3987,2099,2450,2387.406012535095,3763,,,,,,,,,,,,
train,Mass-Test_P_00636_RIGHT_CC_1,Mass-Test_P_00636_RIGHT_CC,1,ok,1,True,3519.0,3933.0,2836.0,3204.0,0.6901041666666666,3519,3933,2836,3204,2651.0023324787617,3392,,,,,,,,,,,,
train,Mass-Test_P_00636_RIGHT_MLO_1,Mass-Test_P_00636_RIGHT_MLO,1,ok,1,True,4511.0,4923.0,2900.0,3179.0,0.9149171270718232,4511,4923,2900,3179,2545.607775479555,2878,,,,,,,,,,,,
train,Mass-Test_P_00639_LEFT_MLO_1,Mass-Test_P_00639_LEFT_MLO,1,ok,1,True,2336.0,2926.0,882.0,1500.0,0.9554150863885377,2336,2926,882,1500,5583.664500266314,6882,,,,,,,,,,,,
train,Mass-Test_P_00641_RIGHT_CC_1,Mass-Test_P_00641_RIGHT_CC,1,ok,1,True,1462.0,1773.0,3036.0,3385.0,0.8400752587017873,1462,1773,3036,3385,1771.7467722594738,2152,,,,,,,,,,,,
train,Mass-Test_P_00641_RIGHT_MLO_1,Mass-Test_P_00641_RIGHT_MLO,1,ok,1,True,1942.0,2267.0,1759.0,2214.0,0.8547486033519553,1942,2267,1759,2214,2339.8159296810627,2979,,,,,,,,,,,,
train,Mass-Test_P_00652_LEFT_CC_1,Mass-Test_P_00652_LEFT_CC,1,ok,1,True,2302.0,2653.0,324.0,702.0,0.9330772341285888,2302,2653,324,702,3169.697440356016,3326,,,,,,,,,,,,
train,Mass-Test_P_00662_LEFT_CC_1,Mass-Test_P_00662_LEFT_CC,1,ok,1,True,1616.0,1989.0,416.0,837.0,0.8054577464788732,1616,1989,416,837,3054.887361615896,3895,,,,,,,,,,,,
train,Mass-Test_P_00662_LEFT_MLO_1,Mass-Test_P_00662_LEFT_MLO,1,ok,1,True,1395.0,1889.0,838.0,1374.0,0.9214092140921409,1395,1889,838,1374,6061.9979121387005,6458,,,,,,,,,,,,
train,Mass-Test_P_00677_RIGHT_CC_1,Mass-Test_P_00677_RIGHT_CC,1,ok,1,True,2848.0,3134.0,1812.0,2065.0,0.9772727272727273,2848,3134,1812,2065,925.6362406611443,1132,,,,,,,,,,,,
train,Mass-Test_P_00677_RIGHT_MLO_1,Mass-Test_P_00677_RIGHT_MLO,1,ok,1,True,3388.0,3668.0,1197.0,1463.0,0.8478260869565217,3388,3668,1197,1463,873.5669891834259,1096,,,,,,,,,,,,
train,Mass-Test_P_00738_RIGHT_CC_1,Mass-Test_P_00738_RIGHT_CC,1,ok,1,True,776.0,984.0,1881.0,2113.0,0.8821603927986906,776,984,1881,2113,1263.349256336689,1512,,,,,,,,,,,,
train,Mass-Test_P_00738_RIGHT_MLO_1,Mass-Test_P_00738_RIGHT_MLO,1,ok,1,True,1550.0,1733.0,1443.0,1652.0,0.9285714285714286,1550,1733,1443,1652,1081.2206664383411,1170,,,,,,,,,,,,
train,Mass-Test_P_00741_LEFT_CC_1,Mass-Test_P_00741_LEFT_CC,1,ok,1,True,1030.0,1446.0,0.0,248.0,0.9574468085106383,1030,1446,0,248,2708.4462816119194,3656,,,,,,,,,,,,
train,Mass-Test_P_00741_LEFT_MLO_1,Mass-Test_P_00741_LEFT_MLO,1,ok,1,True,2102.0,2427.0,511.0,855.0,0.971830985915493,2102,2427,511,855,3349.5633393228054,3809,1113.0,1194.0,0.0,53.0,44.401445150375366,90.0,,,,,,
train,Mass-Test_P_00766_LEFT_CC_1,Mass-Test_P_00766_LEFT_CC,1,ok,1,True,1733.0,2094.0,382.0,785.0,0.9231584525702172,1733,2094,382,785,2937.0473094284534,3751,,,,,,,,,,,,
train,Mass-Test_P_00766_LEFT_MLO_1,Mass-Test_P_00766_LEFT_MLO,1,ok,1,True,2087.0,2353.0,900.0,1200.0,0.7571606475716065,2087,2353,900,1200,2103.5597738027573,2560,,,,,,,,,,,,
train,Mass-Test_P_00773_LEFT_CC_1,Mass-Test_P_00773_LEFT_CC,1,ok,1,True,2510.0,2739.0,1225.0,1449.0,0.7944915254237288,2510,2739,1225,1449,1200.8119849562645,1605,,,,,,,,,,,,
train,Mass-Test_P_00773_LEFT_MLO_1,Mass-Test_P_00773_LEFT_MLO,1,ok,1,True,3036.0,3234.0,1288.0,1560.0,0.7693474962063733,3036,3234,1288,1560,935.3036042749882,1530,,,,,,,,,,,,
train,Mass-Test_P_00788_RIGHT_MLO_1,Mass-Test_P_00788_RIGHT_MLO,1,ok,1,True,3961.0,4463.0,3173.0,3589.0,0.8460268804527235,3961,4463,3173,3589,2295.3725827634335,2788,,,,,,,,,,,,
train,Mass-Test_P_00813_RIGHT_MLO_1,Mass-Test_P_00813_RIGHT_MLO,1,ok,1,True,4160.0,4296.0,336.0,523.0,0.8212290502793296,4160,4296,336,523,356.11063477396965,417,,,,,,,,,,,,
train,Mass-Test_P_00820_LEFT_CC_1,Mass-Test_P_00820_LEFT_CC,1,ok,1,True,2923.0,3085.0,0.0,153.0,0.6535947712418301,2923,3085,0,153,793.2845472693443,952,,,,,,,,,,,,
train,Mass-Test_P_00820_LEFT_MLO_1,Mass-Test_P_00820_LEFT_MLO,1,ok,1,True,3186.0,3396.0,96.0,315.0,0.9215686274509803,3186,3396,96,315,1439.40687251091,1523,,,,,,,,,,,,
train,Mass-Test_P_00820_RIGHT_CC_1,Mass-Test_P_00820_RIGHT_CC,1,ok,1,True,1222.0,1456.0,2092.0,2339.0,0.8959575878064944,1222,1456,2092,2339,1958.7392919063568,2101,,,,,,,,,,,,
train,Mass-Test_P_00820_RIGHT_MLO_1,Mass-Test_P_00820_RIGHT_MLO,1,ok,1,True,1960.0,2221.0,1650.0,1887.0,0.9162444113263786,1960,2221,1650,1887,2141.822664797306,2305,,,,,,,,,,,,
train,Mass-Test_P_00837_RIGHT_CC_1,Mass-Test_P_00837_RIGHT_CC,1,ok,1,True,1310.0,1615.0,1041.0,1325.0,0.8735436203466894,1310,1615,1041,1325,2071.15363702178,2326,,,,,,,,,,,,
train,Mass-Test_P_00837_RIGHT_MLO_1,Mass-Test_P_00837_RIGHT_MLO,1,ok,1,True,2346.0,2656.0,1485.0,1812.0,0.9338794616734932,2346,2656,1485,1812,2144.6077917814255,2332,,,,,,,,,,,,
train,Mass-Test_P_00875_RIGHT_CC_1,Mass-Test_P_00875_RIGHT_CC,1,ok,1,True,2625.0,2854.0,1246.0,1430.0,0.9459459459459459,2625,2854,1246,1430,608.8022844493389,715,,,,,,,,,,,,
train,Mass-Test_P_00875_RIGHT_MLO_1,Mass-Test_P_00875_RIGHT_MLO,1,ok,1,True,2854.0,3120.0,1759.0,2006.0,0.8324873096446701,2854,3120,1759,2006,978.0904379189014,1077,,,,,,,,,,,,
train,Mass-Test_P_00882_RIGHT_CC_1,Mass-Test_P_00882_RIGHT_CC,1,ok,1,True,2477.0,2790.0,858.0,1192.0,0.9701492537313433,2477,2790,858,1192,2479.3236263394356,2715,401.0,534.0,2364.0,2503.0,369.64788261055946,495.0,,,,,,
train,Mass-Test_P_00882_RIGHT_MLO_1,Mass-Test_P_00882_RIGHT_MLO,1,ok,1,True,3731.0,3983.0,781.0,1064.0,0.8544973544973545,3731,3983,781,1064,1682.0287565290928,1892,1896.0,2012.0,1679.0,1815.0,441.2516143023968,471.0,,,,,,
train,Mass-Test_P_00893_LEFT_CC_1,Mass-Test_P_00893_LEFT_CC,1,ok,1,True,2884.0,3220.0,1385.0,1745.0,0.7916279069767442,2884,3220,1385,1745,2692.7771308124065,3589,,,,,,,,,,,,
train,Mass-Test_P_00893_LEFT_MLO_1,Mass-Test_P_00893_LEFT_MLO,1,ok,1,True,3210.0,3509.0,1405.0,1769.0,0.7866379310344828,3210,3509,1405,1769,1760.9987822771072,3022,354.0,627.0,0.0,131.0,843.7788551151752,993.0,,,,,,
train,Mass-Test_P_00924_RIGHT_CC_1,Mass-Test_P_00924_RIGHT_CC,1,ok,1,True,722.0,873.0,2425.0,2597.0,0.8235294117647058,722,873,2425,2597,610.1626573801041,676,,,,,,,,,,,,
train,Mass-Test_P_00928_RIGHT_CC_1,Mass-Test_P_00928_RIGHT_CC,1,ok,1,True,1705.0,2034.0,2372.0,2670.0,0.871157005397794,1705,2034,2372,2670,2335.5614410936832,2738,,,,,,,,,,,,
train,Mass-Test_P_00928_RIGHT_MLO_1,Mass-Test_P_00928_RIGHT_MLO,2,ok,1,True,2035.0,2320.0,2185.0,2475.0,0.8608534322820037,2035,2320,2185,2475,1937.929061383009,2335,2715.0,2950.0,2395.0,2680.0,1072.9735865592957,1706.0,,,,,,
train,Mass-Test_P_00928_RIGHT_MLO_2,Mass-Test_P_00928_RIGHT_MLO,2,ok,2,True,2715.0,2950.0,2395.0,2680.0,0.8976377952755905,2035,2320,2185,2475,1937.929061383009,2335,2715.0,2950.0,2395.0,2680.0,1072.9735865592957,1706.0,,,,,,
train,Mass-Test_P_00942_LEFT_CC_1,Mass-Test_P_00942_LEFT_CC,1,ok,1,True,2822.0,3167.0,443.0,742.0,0.8722490606548577,2822,3167,443,742,2812.3204797804356,3603,,,,,,,,,,,,
train,Mass-Test_P_00947_RIGHT_CC_1,Mass-Test_P_00947_RIGHT_CC,1,ok,1,True,2664.0,3039.0,1522.0,1878.0,0.8325515947467167,2664,3039,1522,1878,4067.4807121753693,4336,,,,,,,,,,,,
train,Mass-Test_P_00947_RIGHT_MLO_1,Mass-Test_P_00947_RIGHT_MLO,1,ok,1,True,3136.0,3575.0,1511.0,1870.0,0.9768108034374574,3136,3575,1511,1870,5339.261370152235,5593,,,,,,,,,,,,
train,Mass-Test_P_00966_RIGHT_MLO_1,Mass-Test_P_00966_RIGHT_MLO,1,ok,1,True,2087.0,2338.0,1996.0,2207.0,0.8356004663816556,2087,2338,1996,2207,1452.8271054029465,1548,,,,,,,,,,,,
train,Mass-Test_P_00969_LEFT_CC_1,Mass-Test_P_00969_LEFT_CC,2,ok,2,True,857.0,1133.0,106.0,333.0,0.6558303886925795,1247,1572,659,1062,1472.145742982626,1932,857.0,1133.0,106.0,333.0,421.44882225990295,854.0,,,,,,
train,Mass-Test_P_00969_LEFT_CC_3,Mass-Test_P_00969_LEFT_CC,2,ok,1,True,1247.0,1572.0,659.0,1062.0,0.829700272479564,1247,1572,659,1062,1472.145742982626,1932,857.0,1133.0,106.0,333.0,421.44882225990295,854.0,,,,,,
train,Mass-Test_P_00969_LEFT_MLO_1,Mass-Test_P_00969_LEFT_MLO,2,ok,2,True,1475.0,1656.0,988.0,1239.0,0.9369369369369369,2011,2331,1273,1677,911.4369499087334,1869,1475.0,1656.0,988.0,1239.0,473.48669266700745,713.0,,,,,,
train,Mass-Test_P_00969_LEFT_MLO_4,Mass-Test_P_00969_LEFT_MLO,2,ok,1,True,2011.0,2331.0,1273.0,1677.0,0.8217107523187908,2011,2331,1273,1677,911.4369499087334,1869,1475.0,1656.0,988.0,1239.0,473.48669266700745,713.0,,,,,,
train,Mass-Test_P_00985_RIGHT_CC_1,Mass-Test_P_00985_RIGHT_CC,1,ok,1,True,2680.0,3060.0,1666.0,2076.0,0.7739340305711987,2680,3060,1666,2076,3577.624971151352,4209,,,,,,,,,,,,
train,Mass-Test_P_00985_RIGHT_MLO_1,Mass-Test_P_00985_RIGHT_MLO,1,ok,1,True,2359.0,2745.0,1439.0,1850.0,0.975609756097561,2359,2745,1439,1850,4245.605903595686,4572,,,,,,,,,,,,
train,Mass-Test_P_00986_LEFT_MLO_1,Mass-Test_P_00986_LEFT_MLO,1,ok,1,True,2247.0,2670.0,1614.0,2048.0,0.82930200414651,2247,2670,1614,2048,3984.3120530843735,4606,4167.0,4424.0,2408.0,2665.0,747.1154839098454,1627.0,,,,,,
train,Mass-Test_P_00987_LEFT_CC_1,Mass-Test_P_00987_LEFT_CC,1,ok,1,True,2345.0,2920.0,585.0,1215.0,0.9226436349981224,2345,2920,585,1215,9246.964420199394,10491,,,,,,,,,,,,
train,Mass-Test_P_00987_LEFT_MLO_1,Mass-Test_P_00987_LEFT_MLO,1,ok,1,True,2602.0,3226.0,535.0,1106.0,0.9027979274611398,2602,3226,535,1106,7866.691316455603,9055,618.0,722.0,156.0,260.0,112.34220999479294,247.0,,,,,,
train,Mass-Test_P_01014_LEFT_CC_1,Mass-Test_P_01014_LEFT_CC,1,ok,1,True,3047.0,3339.0,519.0,783.0,0.8973487423521413,3047,3339,519,783,1740.7316431701183,1866,1102.0,1280.0,286.0,492.0,888.7036391794682,949.0,,,,,,
train,Mass-Test_P_01014_LEFT_MLO_1,Mass-Test_P_01014_LEFT_MLO,1,ok,1,True,3553.0,3851.0,477.0,764.0,0.8941798941798942,3553,3851,477,764,2064.296661823988,2238,1685.0,1836.0,450.0,699.0,566.9498489797115,902.0,,,,,,
train,Mass-Test_P_01044_LEFT_MLO_1,Mass-Test_P_01044_LEFT_MLO,1,ok,1,True,2121.0,2446.0,241.0,562.0,0.8367634124890062,2121,2446,241,562,2815.606219023466,3308,,,,,,,,,,,,
train,Mass-Test_P_01090_LEFT_CC_1,Mass-Test_P_01090_LEFT_CC,3,ok,1,True,2278.0,2575.0,0.0,228.0,0.8311111111111111,2278,2575,0,228,1091.070297986269,1201,2471.0,2727.0,676.0,884.0,712.2256184518337,829.0,,,,,,
train,Mass-Test_P_01090_LEFT_CC_2,Mass-Test_P_01090_LEFT_CC,3,ok,0,False,,,,,0.0,2278,2575,0,228,1091.070297986269,1201,2471.0,2727.0,676.0,884.0,712.2256184518337,829.0,,,,,,
train,Mass-Test_P_01090_LEFT_CC_3,Mass-Test_P_01090_LEFT_CC,3,ok,2,True,2471.0,2727.0,676.0,884.0,0.9203125,2278,2575,0,228,1091.070297986269,1201,2471.0,2727.0,676.0,884.0,712.2256184518337,829.0,,,,,,
train,Mass-Test_P_01090_LEFT_MLO_1,Mass-Test_P_01090_LEFT_MLO,4,ok,0,False,,,,,0.0,2528,2829,232,608,1757.2198858559132,1858,2713.0,2925.0,1114.0,1333.0,688.4399529099464,736.0,3301.0,3430.0,301.0,431.0,120.54303631186485,289.0
train,Mass-Test_P_01090_LEFT_MLO_2,Mass-Test_P_01090_LEFT_MLO,4,ok,1,True,2528.0,2829.0,232.0,608.0,0.8873015873015873,2528,2829,232,608,1757.2198858559132,1858,2713.0,2925.0,1114.0,1333.0,688.4399529099464,736.0,3301.0,3430.0,301.0,431.0,120.54303631186485,289.0
train,Mass-Test_P_01090_LEFT_MLO_3,Mass-Test_P_01090_LEFT_MLO,4,ok,2,True,2713.0,2925.0,1114.0,1333.0,0.8620408163265306,2528,2829,232,608,1757.2198858559132,1858,2713.0,2925.0,1114.0,1333.0,688.4399529099464,736.0,3301.0,3430.0,301.0,431.0,120.54303631186485,289.0
train,Mass-Test_P_01090_LEFT_MLO_4,Mass-Test_P_01090_LEFT_MLO,4,ok,3,True,3301.0,3430.0,301.0,431.0,0.3673094582185491,2528,2829,232,608,1757.2198858559132,1858,2713.0,2925.0,1114.0,1333.0,688.4399529099464,736.0,3301.0,3430.0,301.0,431.0,120.54303631186485,289.0
train,Mass-Test_P_01090_RIGHT_MLO_1,Mass-Test_P_01090_RIGHT_MLO,1,ok,1,True,1917.0,2102.0,3848.0,3937.0,0.6363636363636364,1917,2102,3848,3937,220.1696645617485,285,,,,,,,,,,,,
train,Mass-Test_P_01106_LEFT_MLO_1,Mass-Test_P_01106_LEFT_MLO,1,ok,1,True,3513.0,3742.0,1294.0,1576.0,0.8741865509761388,3513,3742,1294,1576,498.15956073999405,594,,,,,,,,,,,,
train,Mass-Test_P_01110_RIGHT_CC_1,Mass-Test_P_01110_RIGHT_CC,1,ok,1,True,4628.0,4979.0,1477.0,1843.0,0.9444444444444444,4628,4979,1477,1843,1647.1670223772526,1801,,,,,,,,,,,,
train,Mass-Test_P_01114_RIGHT_MLO_1,Mass-Test_P_01114_RIGHT_MLO,1,ok,1,True,2712.0,2961.0,434.0,734.0,0.9022746419545071,2712,2961,434,734,1230.326544612646,1477,,,,,,,,,,,,
train,Mass-Test_P_01119_LEFT_CC_1,Mass-Test_P_01119_LEFT_CC,1,ok,1,True,3194.0,3579.0,1526.0,1936.0,0.9179115738644937,3194,3579,1526,1936,3834.5123966634274,4310,1272.0,1394.0,1582.0,1759.0,261.7868965268135,590.0,,,,,,
train,Mass-Test_P_01119_LEFT_MLO_1,Mass-Test_P_01119_LEFT_MLO,1,ok,1,True,2093.0,2473.0,1884.0,2238.0,0.8996452103395844,2093,2473,1884,2238,3711.6264476776123,3910,,,,,,,,,,,,
train,Mass-Test_P_01145_LEFT_MLO_1,Mass-Test_P_01145_LEFT_MLO,1,ok,1,True,1449.0,1670.0,200.0,425.0,0.839396628216504,1449,1670,200,425,1150.1978647112846,1322,,,,,,,,,,,,
train,Mass-Test_P_01167_LEFT_MLO_1,Mass-Test_P_01167_LEFT_MLO,1,ok,1,True,2922.0,3185.0,1609.0,1818.0,0.9423076923076923,2922,3185,1609,1818,968.6455351412296,1105,,,,,,,,,,,,
train,Mass-Test_P_01187_LEFT_MLO_1,Mass-Test_P_01187_LEFT_MLO,1,ok,1,True,4367.0,4577.0,2013.0,2295.0,0.8934169278996865,4367,4577,2013,2295,628.4313789308071,778,1238.0,1441.0,3613.0,3823.0,392.62601202726364,636.0,,,,,,
train,Mass-Test_P_01192_LEFT_CC_1,Mass-Test_P_01192_LEFT_CC,1,ok,1,True,1673.0,2047.0,1739.0,2128.0,0.9866666666666667,1673,2047,1739,2128,3133.8363885581493,3874,,,,,,,,,,,,
train,Mass-Test_P_01192_LEFT_MLO_1,Mass-Test_P_01192_LEFT_MLO,1,ok,1,True,2675.0,2944.0,1213.0,1542.0,0.953125,2675,2944,1213,1542,1614.882790416479,2084,,,,,,,,,,,,
train,Mass-Test_P_01204_RIGHT_CC_1,Mass-Test_P_01204_RIGHT_CC,1,ok,1,True,1241.0,1831.0,1888.0,2411.0,0.8902908333859062,1241,1831,1888,2411,9026.908014416695,9596,,,,,,,,,,,,
train,Mass-Test_P_01204_RIGHT_MLO_1,Mass-Test_P_01204_RIGHT_MLO,1,ok,1,True,1736.0,2295.0,1242.0,1768.0,0.9251537211110326,1736,2295,1242,1768,8279.32808214426,8818,,,,,,,,,,,,
train,Mass-Test_P_01213_LEFT_CC_1,Mass-Test_P_01213_LEFT_CC,1,ok,1,True,2677.0,2911.0,3011.0,3226.0,0.8536585365853658,2677,2911,3011,3226,839.156377851963,929,,,,,,,,,,,,
train,Mass-Test_P_01213_LEFT_MLO_1,Mass-Test_P_01213_LEFT_MLO,1,ok,1,True,3296.0,3503.0,2953.0,3160.0,0.8911392405063291,3296,3503,2953,3160,555.8699753880501,681,,,,,,,,,,,,
train,Mass-Test_P_01235_RIGHT_MLO_1,Mass-Test_P_01235_RIGHT_MLO,1,ok,1,True,3566.0,3866.0,733.0,1093.0,0.9201520912547528,3566,3866,733,1093,1605.4783892333508,1692,,,,,,,,,,,,
train,Mass-Test_P_01257_RIGHT_CC_1,Mass-Test_P_01257_RIGHT_CC,1,ok,1,True,3040.0,3282.0,252.0,477.0,0.8775510204081632,3040,3282,252,477,1149.165668785572,1367,,,,,,,,,,,,
train,Mass-Test_P_01257_RIGHT_MLO_1,Mass-Test_P_01257_RIGHT_MLO,1,ok,1,True,3754.0,3968.0,413.0,654.0,0.803921568627451,3754,3968,413,654,1086.9895040094852,1242,,,,,,,,,,,,
train,Mass-Test_P_01277_RIGHT_CC_1,Mass-Test_P_01277_RIGHT_CC,1,ok,1,True,1342.0,1475.0,2525.0,2690.0,0.7804878048780488,1342,1475,2525,2690,503.7342725992203,551,,,,,,,,,,,,
train,Mass-Test_P_01277_RIGHT_MLO_1,Mass-Test_P_01277_RIGHT_MLO,1,ok,1,True,1781.0,1917.0,1922.0,2084.0,0.75,1781,1917,1922,2084,556.5693652927876,605,,,,,,,,,,,,
train,Mass-Test_P_01294_RIGHT_CC_1,Mass-Test_P_01294_RIGHT_CC,1,ok,1,True,1248.0,1658.0,2034.0,2401.0,0.7639257294429708,1248,1658,2034,2401,4237.132005274296,4788,3521.0,3654.0,1401.0,1548.0,311.5080510675907,564.0,,,,,,
train,Mass-Test_P_01294_RIGHT_MLO_1,Mass-Test_P_01294_RIGHT_MLO,1,ok,1,True,2120.0,2615.0,1838.0,2229.0,0.9048273155416012,2120,2615,1838,2229,6332.738166302443,6593,3481.0,3609.0,1375.0,1521.0,437.53581404685974,687.0,,,,,,
train,Mass-Test_P_01298_LEFT_CC_1,Mass-Test_P_01298_LEFT_CC,1,ok,1,True,2486.0,2786.0,615.0,925.0,0.8311552535284893,2486,2786,615,925,2324.983230024576,2762,,,,,,,,,,,,
train,Mass-Test_P_01298_LEFT_MLO_1,Mass-Test_P_01298_LEFT_MLO,1,ok,1,True,2894.0,3191.0,810.0,1155.0,0.9710726351351351,2894,3191,810,1155,3084.1545648276806,3586,,,,,,,,,,,,
train,Mass-Test_P_01307_RIGHT_CC_1,Mass-Test_P_01307_RIGHT_CC,1,ok,1,True,2439.0,2902.0,1704.0,2181.0,1.0,2439,2902,1704,2181,7064.464749753475,7498,,,,,,,,,,,,
train,Mass-Test_P_01307_RIGHT_MLO_1,Mass-Test_P_01307_RIGHT_MLO,1,ok,1,True,3052.0,3567.0,1633.0,2208.0,0.9113752122241087,3052,3567,1633,2208,8522.584719210863,9941,,,,,,,,,,,,
train,Mass-Test_P_01316_RIGHT_CC_1,Mass-Test_P_01316_RIGHT_CC,1,ok,1,True,1632.0,1810.0,1834.0,1977.0,0.9090909090909091,1632,1810,1834,1977,606.0233336389065,710,,,,,,,,,,,,
train,Mass-Test_P_01316_RIGHT_MLO_1,Mass-Test_P_01316_RIGHT_MLO,1,ok,1,True,2275.0,2430.0,1215.0,1365.0,0.8581314878892734,2275,2430,1215,1365,552.9007419347763,618,,,,,,,,,,,,
train,Mass-Test_P_01323_LEFT_CC_1,Mass-Test_P_01323_LEFT_CC,1,ok,1,True,3106.0,3377.0,2999.0,3251.0,0.8723404255319149,3106,3377,2999,3251,1240.9421548247337,1324,,,,,,,,,,,,
train,Mass-Test_P_01323_LEFT_MLO_1,Mass-Test_P_01323_LEFT_MLO,1,ok,1,True,4268.0,4482.0,2912.0,3167.0,0.8942598187311178,4268,4482,2912,3167,876.7365605831146,926,,,,,,,,,,,,
train,Mass-Test_P_01331_LEFT_CC_1,Mass-Test_P_01331_LEFT_CC,1,ok,1,True,1938.0,2175.0,1204.0,1410.0,0.8354603463992707,1938,2175,1204,1410,781.0294153392315,1235,,,,,,,,,,,,
train,Mass-Test_P_01331_LEFT_MLO_1,Mass-Test_P_01331_LEFT_MLO,1,ok,1,True,1860.0,2175.0,1173.0,1405.0,0.9013406668958405,1860,2175,1173,1405,1785.4269742667675,2066,,,,,,,,,,,,
train,Mass-Test_P_01333_LEFT_CC_1,Mass-Test_P_01333_LEFT_CC,1,ok,1,True,2840.0,3242.0,929.0,1319.0,0.9473299195318216,2840,3242,929,1319,2901.2826141417027,3244,,,,,,,,,,,,
train,Mass-Test_P_01333_LEFT_MLO_1,Mass-Test_P_01333_LEFT_MLO,1,ok,1,True,4192.0,4563.0,940.0,1291.0,0.9315448658649399,4192,4563,940,1291,1940.9131681919098,2133,,,,,,,,,,,,
train,Mass-Test_P_01351_LEFT_CC_1,Mass-Test_P_01351_LEFT_CC,1,ok,1,True,1065.0,1401.0,282.0,642.0,0.933997509339975,1065,1401,282,642,3202.1219725608826,3573,,,,,,,,,,,,
train,Mass-Test_P_01365_LEFT_CC_2,Mass-Test_P_01365_LEFT_CC,1,ok,1,True,3836.0,4554.0,1973.0,2672.0,0.9644422795908427,3836,4554,1973,2672,7938.779757708311,8656,,,,,,,,,,,,
train,Mass-Test_P_01378_LEFT_CC_1,Mass-Test_P_01378_LEFT_CC,1,ok,1,True,3596.0,3798.0,969.0,1316.0,0.730879815986199,3596,3798,969,1316,1598.4309859871864,2174,,,,,,,,,,,,
train,Mass-Test_P_01378_RIGHT_CC_1,Mass-Test_P_01378_RIGHT_CC,1,ok,1,True,3939.0,4225.0,2470.0,2787.0,0.8938244853737811,3939,4225,2470,2787,2086.6076118946075,2251,,,,,,,,,,,,
train,Mass-Test_P_01378_RIGHT_MLO_1,Mass-Test_P_01378_RIGHT_MLO,1,ok,1,True,3866.0,4178.0,2642.0,2918.0,0.7099762470308789,3866,4178,2642,2918,1890.1609527468681,2256,,,,,,,,,,,,
train,Mass-Test_P_01395_RIGHT_CC_1,Mass-Test_P_01395_RIGHT_CC,1,ok,1,True,1366.0,1602.0,1316.0,1573.0,0.8015432098765433,1366,1602,1316,1573,1482.5711525380611,1892,,,,,,,,,,,,
train,Mass-Test_P_01395_RIGHT_MLO_1,Mass-Test_P_01395_RIGHT_MLO,1,ok,1,True,2468.0,2685.0,1195.0,1381.0,0.8417989417989418,2468,2685,1195,1381,898.5446006655693,1218,,,,,,,,,,,,
train,Mass-Test_P_01467_RIGHT_CC_2,Mass-Test_P_01467_RIGHT_CC,1,ok,1,True,2156.0,2482.0,2427.0,2764.0,0.8916218293620292,2156,2482,2427,2764,2425.6038900613785,2659,,,,,,,,,,,,
train,Mass-Test_P_01502_LEFT_CC_1,Mass-Test_P_01502_LEFT_CC,1,ok,1,True,3231.0,3497.0,514.0,787.0,0.9139676113360324,3231,3497,514,787,1135.68310546875,1260,,,,,,,,,,,,
train,Mass-Test_P_01502_LEFT_MLO_1,Mass-Test_P_01502_LEFT_MLO,1,ok,1,True,3274.0,3501.0,991.0,1225.0,0.8095238095238095,3274,3501,991,1225,725.267202526331,826,,,,,,,,,,,,
train,Mass-Test_P_01510_RIGHT_CC_1,Mass-Test_P_01510_RIGHT_CC,1,ok,1,True,2227.0,2534.0,895.0,1217.0,0.8715397923875432,2227,2534,895,1217,2178.2234615385532,2945,,,,,,,,,,,,
train,Mass-Test_P_01510_RIGHT_MLO_1,Mass-Test_P_01510_RIGHT_MLO,1,ok,1,True,3315.0,3578.0,1121.0,1439.0,0.9636666666666667,3315,3578,1121,1439,1426.6902052760124,1957,,,,,,,,,,,,
train,Mass-Test_P_01512_LEFT_CC_1,Mass-Test_P_01512_LEFT_CC,1,ok,1,True,2513.0,2821.0,1062.0,1374.0,0.7806707855251545,2513,2821,1062,1374,2261.5347898304462,2801,,,,,,,,,,,,
train,Mass-Test_P_01512_LEFT_MLO_1,Mass-Test_P_01512_LEFT_MLO,1,ok,1,True,3129.0,3470.0,693.0,1024.0,0.7847834419317746,3129,3470,693,1024,2577.509490221739,2863,,,,,,,,,,,,
train,Mass-Test_P_01518_LEFT_CC_1,Mass-Test_P_01518_LEFT_CC,1,ok,1,True,2283.0,2417.0,2042.0,2252.0,0.6428571428571429,2283,2417,2042,2252,348.91145819425583,831,,,,,,,,,,,,
train,Mass-Test_P_01518_LEFT_MLO_1,Mass-Test_P_01518_LEFT_MLO,1,ok,1,True,3158.0,3389.0,2075.0,2279.0,0.9098621420996819,3158,3389,2075,2279,913.1185716986656,1105,,,,,,,,,,,,
train,Mass-Test_P_01534_RIGHT_CC_1,Mass-Test_P_01534_RIGHT_CC,1,ok,1,True,1688.0,1902.0,1170.0,1463.0,0.920665083135392,1688,1902,1170,1463,1469.2162670195103,1556,,,,,,,,,,,,
train,Mass-Test_P_01534_RIGHT_MLO_1,Mass-Test_P_01534_RIGHT_MLO,1,ok,1,True,3263.0,3517.0,1609.0,1889.0,0.8619318181818182,3263,3517,1609,1889,1150.278265953064,1224,,,,,,,,,,,,
train,Mass-Test_P_01539_RIGHT_CC_1,Mass-Test_P_01539_RIGHT_CC,1,ok,1,True,2026.0,2311.0,382.0,696.0,0.7761194029850746,2026,2311,382,696,2206.4873538017273,2715,,,,,,,,,,,,
train,Mass-Test_P_01539_RIGHT_MLO_1,Mass-Test_P_01539_RIGHT_MLO,1,ok,1,True,2484.0,2807.0,520.0,888.0,0.8423268274014543,2484,2807,520,888,2835.8265599906445,3570,,,,,,,,,,,,
train,Mass-Test_P_01546_LEFT_CC_1,Mass-Test_P_01546_LEFT_CC,1,ok,1,True,2216.0,2549.0,1845.0,2183.0,0.8257229832572298,2216,2549,1845,2183,3097.228799045086,3610,,,,,,,,,,,,
train,Mass-Test_P_01546_LEFT_MLO_1,Mass-Test_P_01546_LEFT_MLO,1,ok,1,True,2677.0,3113.0,1995.0,2412.0,0.9351331083614548,2677,3113,1995,2412,4692.105028778315,5442,,,,,,,,,,,,
train,Mass-Test_P_01558_RIGHT_CC_1,Mass-Test_P_01558_RIGHT_CC,1,ok,1,True,2815.0,3180.0,450.0,788.0,0.8218166014776185,2815,3180,450,788,2920.462837457657,3195,,,,,,,,,,,,
train,Mass-Test_P_01558_RIGHT_MLO_1,Mass-Test_P_01558_RIGHT_MLO,1,ok,1,True,2655.0,3027.0,1185.0,1557.0,0.8183650615901455,2655,3027,1185,1557,2644.047142982483,2903,,,,,,,,,,,,
train,Mass-Test_P_01566_RIGHT_CC_1,Mass-Test_P_01566_RIGHT_CC,2,ok,2,True,903.0,1123.0,2655.0,2876.0,0.851063829787234,1312,1575,1978,2209,1200.029120594263,1594,903.0,1123.0,2655.0,2876.0,806.8592483103275,1245.0,,,,,,
train,Mass-Test_P_01566_RIGHT_CC_2,Mass-Test_P_01566_RIGHT_CC,2,ok,1,True,1312.0,1575.0,1978.0,2209.0,0.938207136640557,1312,1575,1978,2209,1200.029120594263,1594,903.0,1123.0,2655.0,2876.0,806.8592483103275,1245.0,,,,,,
train,Mass-Test_P_01566_RIGHT_MLO_1,Mass-Test_P_01566_RIGHT_MLO,3,ok,2,True,1021.0,1273.0,2150.0,2374.0,0.8468992248062015,2374,2690,1369,1610,1352.388975739479,1888,1021.0,1273.0,2150.0,2374.0,983.28699696064,1235.0,,,,,,
train,Mass-Test_P_01566_RIGHT_MLO_2,Mass-Test_P_01566_RIGHT_MLO,3,ok,0,False,,,,,0.0,2374,2690,1369,1610,1352.388975739479,1888,1021.0,1273.0,2150.0,2374.0,983.28699696064,1235.0,,,,,,
train,Mass-Test_P_01566_RIGHT_MLO_3,Mass-Test_P_01566_RIGHT_MLO,3,ok,1,True,2374.0,2690.0,1369.0,1610.0,0.9,2374,2690,1369,1610,1352.388975739479,1888,1021.0,1273.0,2150.0,2374.0,983.28699696064,1235.0,,,,,,
train,Mass-Test_P_01578_LEFT_MLO_1,Mass-Test_P_01578_LEFT_MLO,1,ok,1,True,3473.0,3719.0,2344.0,2615.0,0.8202020202020202,3473,3719,2344,2615,674.2575083673,752,,,,,,,,,,,,
train,Mass-Test_P_01590_LEFT_CC_1,Mass-Test_P_01590_LEFT_CC,1,ok,1,True,2291.0,2516.0,2137.0,2408.0,0.8471683475562451,2291,2516,2137,2408,1270.6626724898815,1536,,,,,,,,,,,,
train,Mass-Test_P_01590_LEFT_MLO_1,Mass-Test_P_01590_LEFT_MLO,1,ok,1,True,2981.0,3158.0,2402.0,2703.0,0.7953216374269005,2981,3158,2402,2703,1144.836569070816,1372,,,,,,,,,,,,
train,Mass-Test_P_01595_LEFT_CC_1,Mass-Test_P_01595_LEFT_CC,1,ok,1,True,2624.0,3052.0,1512.0,1940.0,0.9046183145532455,2624,3052,1512,1940,3697.811159223318,3961,,,,,,,,,,,,
train,Mass-Test_P_01595_LEFT_MLO_1,Mass-Test_P_01595_LEFT_MLO,1,ok,1,True,3923.0,4304.0,1444.0,1841.0,0.8688888888888889,3923,4304,1444,1841,3659.967292368412,3989,,,,,,,,,,,,
train,Mass-Test_P_01605_LEFT_CC_2,Mass-Test_P_01605_LEFT_CC,1,ok,1,True,1845.0,2148.0,1331.0,1586.0,0.6052710392333034,1845,2148,1331,1586,1670.1056921184063,2201,,,,,,,,,,,,
train,Mass-Test_P_01614_LEFT_MLO_1,Mass-Test_P_01614_LEFT_MLO,1,ok,1,True,1731.0,1914.0,2121.0,2298.0,0.7591836734693878,1731,1914,2121,2298,381.92528688907623,616,,,,,,,,,,,,
train,Mass-Test_P_01623_RIGHT_CC_1,Mass-Test_P_01623_RIGHT_CC,1,ok,1,True,3656.0,4079.0,739.0,1276.0,0.8566973335412443,3656,4079,739,1276,2742.951936006546,3836,,,,,,,,,,,,
train,Mass-Test_P_01623_RIGHT_MLO_1,Mass-Test_P_01623_RIGHT_MLO,1,ok,1,True,3414.0,3974.0,655.0,1234.0,0.8923821039903265,3414,3974,655,1234,3311.714905321598,4915,1017.0,1297.0,458.0,795.0,1264.7006572782993,1674.0,,,,,,
train,Mass-Test_P_01640_LEFT_MLO_1,Mass-Test_P_01640_LEFT_MLO,1,ok,1,True,1846.0,2393.0,1418.0,2120.0,0.9284897410023545,1846,2393,1418,2120,8289.70807620883,9637,,,,,,,,,,,,
train,Mass-Test_P_01651_RIGHT_CC_1,Mass-Test_P_01651_RIGHT_CC,1,ok,1,True,1318.0,1658.0,1913.0,2276.0,0.9365131578947369,1318,1658,1913,2276,3913.4526646733284,4117,,,,,,,,,,,,
train,Mass-Test_P_01651_RIGHT_MLO_1,Mass-Test_P_01651_RIGHT_MLO,1,ok,1,True,3152.0,3503.0,1701.0,2095.0,0.8438055720213397,3152,3503,1701,2095,3651.3522531688213,3975,,,,,,,,,,,,
train,Mass-Test_P_01661_LEFT_CC_1,Mass-Test_P_01661_LEFT_CC,1,ok,1,True,1320.0,1836.0,2182.0,2713.0,0.8531513970110461,1320,1836,2182,2713,6600.327993422747,7123,,,,,,,,,,,,
train,Mass-Test_P_01661_LEFT_MLO_1,Mass-Test_P_01661_LEFT_MLO,1,ok,1,True,2338.0,2836.0,1302.0,2005.0,0.8642186165670367,2338,2836,1302,2005,7224.913417816162,8915,,,,,,,,,,,,
train,Mass-Test_P_01673_RIGHT_CC_1,Mass-Test_P_01673_RIGHT_CC,1,ok,1,True,3205.0,3441.0,2084.0,2336.0,0.8499245852187028,3205,3441,2084,2336,1304.7103661596775,1596,,,,,,,,,,,,
train,Mass-Test_P_01673_RIGHT_MLO_1,Mass-Test_P_01673_RIGHT_MLO,1,ok,1,True,2502.0,2724.0,1787.0,1970.0,0.9469153515064562,2502,2724,1787,1970,880.5332631766796,954,,,,,,,,,,,,
train,Mass-Test_P_01697_LEFT_CC_1,Mass-Test_P_01697_LEFT_CC,1,ok,1,True,2657.0,2979.0,1644.0,1952.0,0.8215371254884932,2657,2979,1644,1952,1430.1153202056885,1654,,,,,,,,,,,,
train,Mass-Test_P_01697_LEFT_MLO_1,Mass-Test_P_01697_LEFT_MLO,1,ok,1,True,3003.0,3261.0,1942.0,2229.0,0.8609188168659534,3003,3261,1942,2229,993.541835218668,1079,,,,,,,,,,,,
train,Mass-Test_P_01716_RIGHT_CC_1,Mass-Test_P_01716_RIGHT_CC,1,ok,1,True,2439.0,2615.0,65.0,340.0,0.7619047619047619,2439,2615,65,340,709.7285001575947,833,,,,,,,,,,,,
train,Mass-Test_P_01716_RIGHT_MLO_1,Mass-Test_P_01716_RIGHT_MLO,1,ok,1,True,3312.0,3569.0,135.0,475.0,0.7653468942971304,3312,3569,135,475,1304.5448181033134,1553,,,,,,,,,,,,
train,Mass-Test_P_01726_RIGHT_CC_1,Mass-Test_P_01726_RIGHT_CC,1,ok,1,True,2168.0,2454.0,1657.0,1990.0,0.8787234042553191,2168,2454,1657,1990,1973.4499268829823,2060,,,,,,,,,,,,
train,Mass-Test_P_01726_RIGHT_MLO_1,Mass-Test_P_01726_RIGHT_MLO,1,ok,1,True,2728.0,3042.0,1127.0,1417.0,0.9265073135925794,2728,3042,1127,1417,1771.5495155453682,1857,,,,,,,,,,,,
train,Mass-Test_P_01741_LEFT_CC_1,Mass-Test_P_01741_LEFT_CC,1,ok,1,True,2720.0,3118.0,758.0,1172.0,0.8610538710627024,2720,3118,758,1172,3858.9322431385517,4056,,,,,,,,,,,,
train,Mass-Test_P_01741_LEFT_MLO_1,Mass-Test_P_01741_LEFT_MLO,1,ok,1,True,3784.0,4128.0,441.0,779.0,0.8651442307692307,3784,4128,441,779,2834.4781987071037,3211,,,,,,,,,,,,
train,Mass-Test_P_01765_RIGHT_CC_1,Mass-Test_P_01765_RIGHT_CC,1,ok,1,True,2542.0,2916.0,1559.0,1879.0,0.9131058673469388,2542,2916,1559,1879,3161.655476629734,3744,,,,,,,,,,,,
train,Mass-Test_P_01765_RIGHT_MLO_1,Mass-Test_P_01765_RIGHT_MLO,1,ok,1,True,2590.0,2904.0,1704.0,1988.0,0.8917308169853488,2590,2904,1704,1988,2505.2968612611294,2854,,,,,,,,,,,,
train,Mass-Test_P_01787_LEFT_CC_1,Mass-Test_P_01787_LEFT_CC,1,ok,1,True,1989.0,2178.0,312.0,501.0,0.8797653958944281,1989,2178,312,501,618.5515195131302,659,,,,,,,,,,,,
train,Mass-Test_P_01787_LEFT_MLO_1,Mass-Test_P_01787_LEFT_MLO,1,ok,1,True,1722.0,1902.0,865.0,1114.0,0.9065335753176044,1722,1902,865,1114,608.5369672179222,647,,,,,,,,,,,,
train,Mass-Test_P_01795_LEFT_CC_1,Mass-Test_P_01795_LEFT_CC,1,ok,1,True,4250.0,4426.0,1504.0,1687.0,0.8888888888888888,4250,4426,1504,1687,422.0903001129627,509,,,,,,,,,,,,
train,Mass-Test_P_01795_LEFT_MLO_1,Mass-Test_P_01795_LEFT_MLO,1,ok,1,True,5447.0,5618.0,1799.0,1963.0,0.6990679094540613,5447,5618,1799,1963,328.95449328422546,403,,,,,,,,,,,,
train,Mass-Test_P_01797_LEFT_CC_1,Mass-Test_P_01797_LEFT_CC,1,ok,1,True,3452.0,3677.0,3147.0,3445.0,0.8930232558139535,3452,3677,3147,3445,859.8514280319214,897,,,,,,,,,,,,
train,Mass-Test_P_01797_LEFT_MLO_1,Mass-Test_P_01797_LEFT_MLO,1,ok,1,True,4735.0,4993.0,2722.0,3094.0,0.925,4735,4993,2722,3094,1079.9762783050537,1289,,,,,,,,,,,,
train,Mass-Test_P_01807_RIGHT_MLO_1,Mass-Test_P_01807_RIGHT_MLO,1,ok,1,True,2977.0,3252.0,1001.0,1260.0,0.8491834774255523,2977,3252,1001,1260,1831.120795816183,1996,1084.0,1266.0,2209.0,2427.0,947.2937416136265,1053.0,,,,,,
train,Mass-Test_P_01815_RIGHT_CC_1,Mass-Test_P_01815_RIGHT_CC,1,ok,1,True,1190.0,1591.0,2095.0,2473.0,0.7765528367840817,1190,1591,2095,2473,3547.7012868225574,4906,,,,,,,,,,,,
train,Mass-Test_P_01815_RIGHT_MLO_1,Mass-Test_P_01815_RIGHT_MLO,1,ok,1,True,1858.0,2186.0,1563.0,1877.0,0.7940685820203892,1858,2186,1563,1877,2833.900605291128,3207,,,,,,,,,,,,
train,Mass-Test_P_01825_RIGHT_CC_1,Mass-Test_P_01825_RIGHT_CC,1,ok,1,True,1835.0,2131.0,2412.0,2692.0,0.9344073647871116,1835,2131,2412,2692,2160.1341314017773,2311,,,,,,,,,,,,
train,Mass-Test_P_01825_RIGHT_MLO_1,Mass-Test_P_01825_RIGHT_MLO,1,ok,1,True,2953.0,3164.0,2452.0,2617.0,0.833048433048433,2953,3164,2452,2617,853.7016630470753,1042,,,,,,,,,,,,
train,Mass-Test_P_01833_RIGHT_MLO_1,Mass-Test_P_01833_RIGHT_MLO,1,ok,1,True,1670.0,2174.0,1870.0,2391.0,0.8556149732620321,1670,2174,1870,2391,6355.926199048758,7060,,,,,,,,,,,,
train,Mass-Test_P_01865_LEFT_MLO_1,Mass-Test_P_01865_LEFT_MLO,1,ok,1,True,2802.0,2954.0,1537.0,1826.0,0.9158249158249159,2802,2954,1537,1826,1086.0503790974617,1374,,,,,,,,,,,,
