lesion_id,status,n_comp,n_specks,largest_frac,raw_area,lcc_area,area_ratio,box_iou
Mass-Training_P_00018_RIGHT_CC_1,ok,11,10,0.9996995305164319,80864,80864,1.0,1.0
Mass-Training_P_00018_RIGHT_MLO_1,ok,8,7,0.999721059972106,63500,63500,1.0,1.0
Mass-Training_P_00001_LEFT_MLO_1,ok,6,5,0.9998447108516056,54432,54432,1.0,1.0
Mass-Training_P_00009_RIGHT_CC_1,ok,7,5,0.9991907459418289,36200,36200,1.0,1.0
Mass-Training_P_00009_RIGHT_MLO_1,ok,14,13,0.9994537571267624,41580,41400,1.0043478260869565,0.9956709956709957
Mass-Training_P_00004_LEFT_MLO_1,ok,21,20,0.9995976529756916,147834,147834,1.0,1.0
Mass-Training_P_00001_LEFT_CC_1,ok,24,23,0.9997262796426705,185725,185725,1.0,1.0
Mass-Training_P_00004_LEFT_CC_1,ok,30,29,0.9996204397602592,163158,163158,1.0,1.0
Mass-Training_P_00004_RIGHT_MLO_1,ok,12,11,0.9998256282830925,152575,152575,1.0,1.0
Mass-Training_P_00021_RIGHT_MLO_1,ok,29,28,0.999207083388397,68204,67445,1.0112536140558974,0.9888716204328192
Mass-Training_P_00015_LEFT_MLO_1,ok,16,15,0.9994566291246789,57340,57340,1.0,1.0
Mass-Training_P_00021_RIGHT_CC_1,ok,3,2,0.999881698805158,22330,22330,1.0,1.0
Mass-Training_P_00021_LEFT_CC_1,ok,18,17,0.99929900242653,62178,62178,1.0,1.0
Mass-Training_P_00021_LEFT_MLO_1,ok,9,8,0.9996133148583766,50955,50955,1.0,1.0
Mass-Training_P_00039_RIGHT_MLO_1,ok,14,13,0.9998913895159851,189660,189660,1.0,1.0
Mass-Training_P_00039_RIGHT_CC_1,ok,7,6,0.999932857967745,214968,214968,1.0,1.0
Mass-Training_P_00023_RIGHT_CC_1,ok,4,3,0.9999045437189767,49950,49950,1.0,1.0
Mass-Training_P_00044_RIGHT_CC_1,ok,2,1,0.9999727416453142,46161,46161,1.0,1.0
Mass-Training_P_00026_LEFT_MLO_1,ok,11,10,0.9996659682366159,47470,47470,1.0,1.0
Mass-Training_P_00026_LEFT_CC_1,ok,12,11,0.9993637185626737,48279,48048,1.0048076923076923,0.9952153110047847
Mass-Training_P_00027_RIGHT_MLO_1,ok,15,14,0.9997837178894798,151739,151739,1.0,1.0
Mass-Training_P_00023_RIGHT_MLO_1,ok,4,3,0.9998126428598194,46762,46762,1.0,1.0
Mass-Training_P_00034_RIGHT_MLO_1,ok,25,24,0.9996072410468811,140096,140096,1.0,1.0
Mass-Training_P_00034_RIGHT_CC_1,ok,17,16,0.9997571886177495,171430,171430,1.0,1.0
Mass-Training_P_00041_LEFT_CC_1,ok,9,8,0.9988918132705361,24165,23986,1.007462686567164,0.9925925925925926
Mass-Training_P_00027_RIGHT_CC_1,ok,22,21,0.9994815233785822,94094,93436,1.0070422535211268,0.993006993006993
Mass-Training_P_00041_LEFT_MLO_1,ok,8,7,0.9991005460970125,28036,28036,1.0,1.0
Mass-Training_P_00051_LEFT_CC_1,ok,30,28,0.9997913188647746,400542,400542,1.0,1.0
Mass-Training_P_00044_RIGHT_MLO_1,ok,13,12,0.9999213451194646,256320,256320,1.0,1.0
Mass-Training_P_00044_RIGHT_CC_2,ok,21,20,0.9995244737509511,97818,97818,1.0,1.0
Mass-Training_P_00044_RIGHT_CC_3,ok,6,5,0.9994573475146517,15360,15104,1.0169491525423728,0.9833333333333333
Mass-Training_P_00051_LEFT_MLO_1,ok,27,26,0.9998338156732086,393720,393720,1.0,1.0
Mass-Training_P_00044_RIGHT_CC_4,ok,24,23,0.9997629401955335,181830,181830,1.0,1.0
Mass-Training_P_00044_RIGHT_MLO_2,ok,10,9,0.9999269913119662,248878,248878,1.0,1.0
Mass-Training_P_00046_RIGHT_MLO_1,ok,1,0,1.0,133796,133796,1.0,1.0
Mass-Training_P_00045_LEFT_MLO_1,ok,9,8,0.999789628694646,58080,58080,1.0,1.0
Mass-Training_P_00045_LEFT_CC_1,ok,15,14,0.9997038627403801,97680,97680,1.0,1.0
Mass-Training_P_00057_RIGHT_CC_1,ok,11,10,0.9996057226540498,75609,75609,1.0,1.0
Mass-Training_P_00055_LEFT_CC_1,ok,24,22,0.999539301155291,172334,172334,1.0,1.0
Mass-Training_P_00054_RIGHT_MLO_1,ok,17,16,0.9994049305752338,56334,55842,1.0088105726872247,0.9912663755458515
Mass-Training_P_00059_LEFT_MLO_1,ok,5,4,0.9996431583728022,53800,53000,1.0150943396226415,0.9851301115241635
Mass-Training_P_00059_LEFT_CC_1,ok,11,10,0.9995322262688362,51815,51815,1.0,1.0
Mass-Training_P_00057_RIGHT_MLO_1,ok,16,15,0.9993217332324629,66120,66120,1.0,1.0
Mass-Training_P_00064_RIGHT_MLO_1,ok,24,23,0.9998061463025258,260160,260160,1.0,1.0
Mass-Training_P_00061_RIGHT_CC_1,ok,18,17,0.9988190739911227,41128,40934,1.004739336492891,0.9952830188679245
Mass-Training_P_00058_RIGHT_CC_1,ok,19,18,0.9997797125773629,155296,155296,1.0,1.0
Mass-Training_P_00061_RIGHT_MLO_1,ok,16,15,0.9995028531903856,71550,71550,1.0,1.0
Mass-Training_P_00068_RIGHT_CC_1,ok,11,9,0.9997023071198213,175392,175392,1.0,1.0
Mass-Training_P_00065_LEFT_CC_1,ok,18,17,0.9997473120317376,122840,122840,1.0,1.0
Mass-Training_P_00068_RIGHT_MLO_1,ok,18,17,0.9997016180439706,117710,117710,1.0,1.0
Mass-Training_P_00065_LEFT_MLO_1,ok,20,19,0.9997814661436423,140890,140525,1.0025974025974025,0.9974093264248705
Mass-Training_P_00074_RIGHT_CC_1,ok,8,7,0.9995068303989743,36400,36400,1.0,1.0
Mass-Training_P_00079_RIGHT_CC_1,ok,32,31,0.9997847639211621,344533,344533,1.0,1.0
Mass-Training_P_00074_LEFT_MLO_1,ok,17,16,0.9997635312664215,109440,109440,1.0,1.0
Mass-Training_P_00080_RIGHT_CC_1,ok,16,15,0.9997233420282982,116490,116137,1.0030395136778116,0.996969696969697
Mass-Training_P_00081_RIGHT_CC_1,ok,14,13,0.9998092740493504,123868,123868,1.0,1.0
Mass-Training_P_00080_RIGHT_MLO_1,ok,20,19,0.9997223487078108,141200,141200,1.0,1.0
Mass-Training_P_00079_RIGHT_MLO_1,ok,28,27,0.9996272517039922,215380,215380,1.0,1.0
Mass-Training_P_00081_RIGHT_MLO_1,ok,8,7,0.9998621336200954,108225,108225,1.0,1.0
Mass-Training_P_00086_RIGHT_CC_1,ok,10,9,0.9996950010674963,47586,47586,1.0,1.0
Mass-Training_P_00076_LEFT_MLO_1,ok,3,2,0.9998996118324187,43248,43248,1.0,1.0
Mass-Training_P_00074_RIGHT_MLO_1,ok,8,7,0.9994078380706287,32870,32870,1.0,1.0
Mass-Training_P_00076_LEFT_CC_1,ok,12,11,0.9994452978323946,38218,38218,1.0,1.0
Mass-Training_P_00092_RIGHT_CC_1,ok,2,1,0.9993431136413401,6545,6380,1.0258620689655173,0.9747899159663865
Mass-Training_P_00092_RIGHT_MLO_1,ok,7,6,0.9996076508092202,31872,31680,1.006060606060606,0.9939759036144579
Mass-Training_P_00092_LEFT_MLO_1,ok,15,14,0.9997071265863977,101361,101361,1.0,1.0
Mass-Training_P_00092_LEFT_CC_1,ok,8,7,0.999898449664884,123840,123840,1.0,1.0
Mass-Training_P_00090_LEFT_CC_1,ok,14,13,0.9995971351835273,116046,115739,1.0026525198938991,0.9973544973544973
Mass-Training_P_00086_RIGHT_MLO_1,ok,11,10,0.9993687078446357,47088,47088,1.0,1.0
Mass-Training_P_00092_LEFT_MLO_2,ok,17,16,0.9997468577340465,128492,128492,1.0,1.0
Mass-Training_P_00092_RIGHT_MLO_2,ok,15,14,0.9990162515248101,43255,43255,1.0,1.0
Mass-Training_P_00090_LEFT_MLO_1,ok,15,14,0.9996009400079812,82350,82350,1.0,1.0
Mass-Training_P_00094_RIGHT_CC_1,ok,9,8,0.9998207421275918,76544,76544,1.0,1.0
Mass-Training_P_00094_RIGHT_MLO_1,ok,19,18,0.9995922963423157,76450,76450,1.0,1.0
Mass-Training_P_00096_RIGHT_CC_1,ok,14,13,0.9997448266643985,132066,132066,1.0,1.0
Mass-Training_P_00095_LEFT_CC_1,ok,15,14,0.999641938010518,70488,70488,1.0,1.0
Mass-Training_P_00096_RIGHT_MLO_1,ok,13,12,0.9996896734269181,108097,107415,1.0063492063492063,0.9936908517350158
Mass-Training_P_00106_LEFT_MLO_1,ok,21,20,0.997705233548005,24167,24167,1.0,1.0
Mass-Training_P_00106_LEFT_CC_2,ok,1,0,1.0,19575,19575,1.0,1.0
Mass-Training_P_00106_LEFT_CC_1,ok,8,7,0.9963774366051406,10368,10152,1.0212765957446808,0.9791666666666666
Mass-Training_P_00095_LEFT_MLO_1,ok,14,13,0.9993005362555374,63120,62857,1.00418410041841,0.9958333333333333
Mass-Training_P_00106_LEFT_MLO_2,ok,9,7,0.997123595505618,17760,17760,1.0,1.0
Mass-Training_P_00106_LEFT_CC_3,ok,7,6,0.9990392432192743,21545,21390,1.0072463768115942,0.9928057553956835
Mass-Training_P_00106_LEFT_MLO_5,ok,7,6,0.9992941304229788,32308,32308,1.0,1.0
Mass-Training_P_00106_LEFT_MLO_3,ok,7,6,0.9995574894903754,26180,26010,1.0065359477124183,0.9935064935064936
Mass-Training_P_00106_RIGHT_MLO_3,ok,6,5,0.9991162731978286,16006,16006,1.0,1.0
Mass-Training_P_00106_LEFT_MLO_4,ok,7,6,0.9988490312679839,19596,18886,1.037593984962406,0.9637681159420289
Mass-Training_P_00106_RIGHT_MLO_1,ok,6,5,0.9987562189054726,7224,7138,1.0120481927710843,0.9880952380952381
Mass-Training_P_00106_RIGHT_CC_3,ok,7,6,0.9987978142076502,15930,15930,1.0,1.0
Mass-Training_P_00106_RIGHT_MLO_2,ok,15,13,0.998284625158831,32490,32490,1.0,1.0
Mass-Training_P_00106_RIGHT_CC_4,ok,1,0,1.0,12896,12896,1.0,1.0
Mass-Training_P_00107_RIGHT_MLO_1,ok,10,9,0.9997642520360052,77982,77982,1.0,1.0
Mass-Training_P_00106_RIGHT_CC_2,ok,7,6,0.997822367397729,11748,11748,1.0,1.0
Mass-Training_P_00110_LEFT_MLO_1,ok,48,47,0.9998675762806287,736656,736656,1.0,1.0
Mass-Training_P_00119_LEFT_MLO_1,ok,1,0,1.0,18354,18354,1.0,1.0
Mass-Training_P_00109_LEFT_CC_1,ok,5,4,0.9998304395008139,52272,52272,1.0,1.0
Mass-Training_P_00108_LEFT_CC_1,ok,6,4,0.9983946858566288,30832,30456,1.0123456790123457,0.9878048780487805
Mass-Training_P_00110_LEFT_CC_1,ok,24,23,0.9998421254426126,535625,535625,1.0,1.0
Mass-Training_P_00108_LEFT_MLO_1,ok,9,8,0.9994487016924858,32706,32706,1.0,1.0
Mass-Training_P_00119_LEFT_CC_1,ok,15,14,0.9994671923701948,61000,60756,1.0040160642570282,0.996
Mass-Training_P_00110_RIGHT_CC_1,ok,16,15,0.9996134518747584,63754,63754,1.0,1.0
Mass-Training_P_00122_RIGHT_MLO_1,ok,17,16,0.9994769737702346,58032,58032,1.0,1.0
Mass-Training_P_00120_LEFT_CC_1,ok,21,20,0.9998962843882075,400960,400960,1.0,1.0
Mass-Training_P_00117_LEFT_MLO_1,ok,6,5,0.999864281642735,50175,50175,1.0,1.0
Mass-Training_P_00133_LEFT_CC_1,ok,23,22,0.9995738006750997,106140,106140,1.0,1.0
Mass-Training_P_00133_LEFT_MLO_1,ok,12,11,0.9997532835062768,109077,109077,1.0,1.0
Mass-Training_P_00120_LEFT_MLO_1,ok,39,38,0.9998330029696428,629160,629160,1.0,1.0
Mass-Training_P_00134_LEFT_CC_1,ok,7,6,0.9995574396720395,68120,68120,1.0,1.0
Mass-Training_P_00148_RIGHT_MLO_1,ok,7,6,0.9998026516442706,81810,81810,1.0,1.0
Mass-Training_P_00137_LEFT_CC_1,ok,7,6,0.9996457669146298,53560,53560,1.0,1.0
Mass-Training_P_00137_LEFT_MLO_1,ok,7,6,0.9995199519951995,22950,22950,1.0,1.0
Mass-Training_P_00148_RIGHT_CC_1,ok,27,24,0.997420577474798,64260,63495,1.0120481927710843,0.9880952380952381
Mass-Training_P_00128_LEFT_CC_1,ok,31,30,0.999804567645001,423114,423114,1.0,1.0
Mass-Training_P_00146_RIGHT_CC_1,ok,17,15,0.9997726176149252,274445,274445,1.0,1.0
Mass-Training_P_00134_LEFT_MLO_1,ok,4,3,0.9999456625098486,137228,137228,1.0,1.0
Mass-Training_P_00149_LEFT_CC_1,ok,21,20,0.9996138399752857,115150,115150,1.0,1.0
Mass-Training_P_00146_RIGHT_MLO_1,ok,30,29,0.9996497132979493,204472,204472,1.0,1.0
Mass-Training_P_00160_RIGHT_MLO_1,ok,4,3,0.9996284662410916,58056,56826,1.0216450216450217,0.9788135593220338
Mass-Training_P_00160_RIGHT_CC_1,ok,5,4,0.9997781018195651,52864,52864,1.0,1.0
Mass-Training_P_00160_LEFT_MLO_1,ok,10,9,0.9997659039035524,83496,83496,1.0,1.0
Mass-Training_P_00160_LEFT_CC_1,ok,2,1,0.9999674309536217,42600,42600,1.0,1.0
Mass-Training_P_00149_LEFT_MLO_1,ok,7,6,0.9998948751642576,80300,80300,1.0,1.0
Mass-Training_P_00169_RIGHT_MLO_1,ok,20,18,0.9995313791019744,151755,151755,1.0,1.0
Mass-Training_P_00172_LEFT_CC_1,ok,11,9,0.9996342670280969,201200,201200,1.0,1.0
Mass-Training_P_00166_RIGHT_MLO_1,ok,12,11,0.9995305898920357,56444,56444,1.0,1.0
Mass-Training_P_00166_RIGHT_CC_1,ok,9,8,0.9996573288786088,53965,53965,1.0,1.0
Mass-Training_P_00172_LEFT_MLO_1,ok,8,7,0.9999519652228214,236919,236919,1.0,1.0
Mass-Training_P_00174_RIGHT_MLO_1,ok,12,11,0.9998580167303619,141960,141960,1.0,1.0
Mass-Training_P_00174_RIGHT_CC_1,ok,8,7,0.9997745301002317,77748,77180,1.0073594195387405,0.9926943458352626
Mass-Training_P_00187_LEFT_MLO_1,ok,11,10,0.9994451636767153,45045,44850,1.0043478260869565,0.9956709956709957
Mass-Training_P_00175_RIGHT_MLO_1,ok,22,21,0.9993823347745522,85500,85500,1.0,1.0
Mass-Training_P_00175_RIGHT_CC_1,ok,8,7,0.9997537442073922,70854,70854,1.0,1.0
Mass-Training_P_00187_LEFT_CC_1,ok,8,7,0.9998693216158382,90662,90662,1.0,1.0
Mass-Training_P_00205_RIGHT_CC_1,ok,14,12,0.9987862999911192,53760,53760,1.0,1.0
Mass-Training_P_00199_LEFT_MLO_1,ok,1,0,1.0,163611,163611,1.0,1.0
Mass-Training_P_00199_LEFT_CC_1,ok,16,15,0.9997772061653131,155067,155067,1.0,1.0
Mass-Training_P_00207_LEFT_CC_3,ok,6,5,0.99936,26640,26640,1.0,1.0
Mass-Training_P_00207_LEFT_CC_2,ok,13,12,0.9986595773200483,46566,46367,1.0042918454935623,0.9957264957264957
Mass-Training_P_00207_LEFT_CC_1,ok,7,6,0.9996012229163898,36750,36750,1.0,1.0
Mass-Training_P_00207_LEFT_MLO_1,ok,6,5,0.9992889872017696,22605,22605,1.0,1.0
Mass-Training_P_00206_RIGHT_MLO_1,ok,1,0,1.0,202464,202464,1.0,1.0
Mass-Training_P_00207_LEFT_MLO_3,ok,4,3,0.9998192743866624,35705,35705,1.0,1.0
Mass-Training_P_00207_LEFT_MLO_2,ok,6,5,0.9995628824778319,33630,33630,1.0,1.0
Mass-Training_P_00190_LEFT_MLO_1,ok,28,27,0.9998144544508304,361662,360456,1.003345762034756,0.996665394760854
Mass-Training_P_00205_RIGHT_MLO_1,ok,13,12,0.999500546277509,51480,51246,1.004566210045662,0.9954545454545455
Mass-Training_P_00217_LEFT_CC_1,ok,13,12,0.9995640259093174,53743,53743,1.0,1.0
Mass-Training_P_00224_LEFT_CC_1,ok,12,11,0.9994013171023748,40848,40848,1.0,1.0
Mass-Training_P_00218_LEFT_MLO_1,ok,4,3,0.999684807732717,30276,30276,1.0,1.0
Mass-Training_P_00215_RIGHT_CC_1,ok,11,10,0.9994374384698327,37840,37840,1.0,1.0
Mass-Training_P_00224_RIGHT_CC_1,ok,14,13,0.9998581484830753,171275,171275,1.0,1.0
Mass-Training_P_00224_LEFT_MLO_1,ok,25,24,0.9990058619862192,47470,47470,1.0,1.0
Mass-Training_P_00208_RIGHT_MLO_3,ok,12,11,0.9997878321752506,89148,89148,1.0,1.0
Mass-Training_P_00221_RIGHT_MLO_1,ok,9,8,0.999539453484802,31200,31044,1.0050251256281406,0.995
Mass-Training_P_00219_RIGHT_CC_1,ok,5,4,0.9999088605749075,80416,80416,1.0,1.0
Mass-Training_P_00218_LEFT_CC_1,ok,7,5,0.9987393115544837,32860,32436,1.0130718954248366,0.9870967741935484
Mass-Training_P_00234_LEFT_CC_1,ok,38,37,0.9998352610083399,421301,421301,1.0,1.0
Mass-Training_P_00229_LEFT_MLO_1,ok,28,27,0.9995620848929715,146231,146231,1.0,1.0
Mass-Training_P_00229_LEFT_CC_1,ok,5,4,0.999894080886896,77686,77686,1.0,1.0
Mass-Training_P_00231_LEFT_MLO_1,ok,20,19,0.9995310888117791,78477,78477,1.0,1.0
Mass-Training_P_00224_RIGHT_MLO_1,ok,27,26,0.9997674696296482,249873,248979,1.0035906642728905,0.9964221824686941
Mass-Training_P_00231_LEFT_CC_1,ok,12,11,0.9998025276461295,90592,90592,1.0,1.0
Mass-Training_P_00226_LEFT_MLO_1,ok,15,14,0.9998887366744783,208675,208675,1.0,1.0
Mass-Training_P_00225_RIGHT_CC_1,ok,5,4,0.9998661060975284,52224,52224,1.0,1.0
Mass-Training_P_00225_RIGHT_MLO_1,ok,13,12,0.9995792241946088,55825,55419,1.0073260073260073,0.9927272727272727
Mass-Training_P_00226_LEFT_CC_1,ok,38,37,0.9997525002525508,265224,264708,1.0019493177387915,0.9980544747081712
Mass-Training_P_00239_RIGHT_CC_1,ok,7,6,0.9998590656049609,68580,68580,1.0,1.0
Mass-Training_P_00240_RIGHT_CC_1,ok,12,11,0.999788298982323,112880,112880,1.0,1.0
Mass-Training_P_00239_RIGHT_MLO_1,ok,10,9,0.9996730067033626,56196,56196,1.0,1.0
Mass-Training_P_00236_RIGHT_MLO_1,ok,18,17,0.999784795825039,229235,229235,1.0,1.0
Mass-Training_P_00240_RIGHT_MLO_1,ok,9,8,0.9997572962805655,54250,54000,1.0046296296296295,0.9953917050691244
Mass-Training_P_00235_RIGHT_CC_1,ok,11,9,0.999637201085242,122100,122100,1.0,1.0
Mass-Training_P_00242_RIGHT_CC_1,ok,9,8,0.9998391507157793,98475,98475,1.0,1.0
Mass-Training_P_00242_RIGHT_MLO_1,ok,7,6,0.999878707016799,78432,78128,1.0038910505836576,0.9961240310077519
Mass-Training_P_00235_RIGHT_MLO_1,ok,8,7,0.9996194520108956,86688,86688,1.0,1.0
Mass-Training_P_00247_RIGHT_CC_1,ok,3,1,0.999861562083113,116424,116424,1.0,1.0
Mass-Training_P_00247_RIGHT_MLO_1,ok,12,11,0.9998562764092098,150508,150508,1.0,1.0
Mass-Training_P_00254_LEFT_CC_1,ok,10,9,0.999783435198999,55860,55860,1.0,1.0
Mass-Training_P_00241_RIGHT_CC_1,ok,8,7,0.9997224599301524,66240,66240,1.0,1.0
Mass-Training_P_00241_RIGHT_MLO_1,ok,20,19,0.9995840006655989,72891,72624,1.0036764705882353,0.9963369963369964
Mass-Training_P_00259_RIGHT_CC_1,ok,28,27,0.9993404869701615,88350,87756,1.0067687679474908,0.993276740237691
Mass-Training_P_00259_RIGHT_MLO_1,ok,9,8,0.9997911396811399,76410,76410,1.0,1.0
Mass-Training_P_00264_LEFT_MLO_1,ok,11,10,0.9997724549081476,111188,111188,1.0,1.0
Mass-Training_P_00264_LEFT_CC_1,ok,7,6,0.9997588385665365,61745,61745,1.0,1.0
Mass-Training_P_00248_LEFT_MLO_1,ok,11,10,0.9998656600123593,109935,109586,1.0031847133757963,0.9968253968253968
Mass-Training_P_00254_LEFT_MLO_1,ok,10,9,0.9997309592525558,60025,60025,1.0,1.0
Mass-Training_P_00265_RIGHT_CC_1,ok,9,8,0.9999413778548984,236944,236944,1.0,1.0
Mass-Training_P_00265_RIGHT_MLO_1,ok,40,38,0.9997582054161986,425714,425714,1.0,1.0
Mass-Training_P_00283_RIGHT_CC_1,ok,15,14,0.9998290659164559,205884,205884,1.0,1.0
Mass-Training_P_00289_LEFT_CC_1,ok,5,4,0.9997414818261724,35112,35112,1.0,1.0
Mass-Training_P_00273_LEFT_CC_1,ok,1,0,1.0,143637,143637,1.0,1.0
Mass-Training_P_00287_RIGHT_CC_1,ok,23,22,0.9996533649856619,142048,142048,1.0,1.0
Mass-Training_P_00281_LEFT_MLO_1,ok,7,6,0.9998874840016315,125730,125730,1.0,1.0
Mass-Training_P_00279_LEFT_CC_1,ok,3,2,0.9999504827927704,89676,89676,1.0,1.0
Mass-Training_P_00283_RIGHT_MLO_1,ok,9,8,0.9998493417392916,135682,135682,1.0,1.0
Mass-Training_P_00287_RIGHT_MLO_1,ok,2,1,0.9999867167886508,97319,97319,1.0,1.0
Mass-Training_P_00289_LEFT_MLO_1,ok,8,7,0.9997422182122833,45576,45576,1.0,1.0
Mass-Training_P_00294_LEFT_MLO_1,ok,3,2,0.9999162584264958,33674,33674,1.0,1.0
Mass-Training_P_00294_LEFT_CC_1,ok,5,4,0.9998527159184636,62937,62937,1.0,1.0
Mass-Training_P_00303_LEFT_MLO_1,ok,7,6,0.9998709261051952,71906,71906,1.0,1.0
Mass-Training_P_00298_LEFT_CC_1,ok,9,8,0.9995900659310627,47488,47488,1.0,1.0
Mass-Training_P_00303_RIGHT_MLO_1,ok,14,13,0.9995978706292368,80518,80518,1.0,1.0
Mass-Training_P_00303_RIGHT_CC_1,ok,8,7,0.9997042243719118,94997,94997,1.0,1.0
Mass-Training_P_00304_LEFT_MLO_1,ok,2,1,0.9999610985762079,36608,36608,1.0,1.0
Mass-Training_P_00303_LEFT_CC_1,ok,6,5,0.9997073598985514,27966,27966,1.0,1.0
Mass-Training_P_00298_LEFT_MLO_1,ok,10,9,0.9998134850321738,88184,88184,1.0,1.0
Mass-Training_P_00309_LEFT_CC_1,ok,15,14,0.9994869383043311,72630,72630,1.0,1.0
Mass-Training_P_00309_LEFT_MLO_2,ok,7,6,0.9993888697910699,48672,48672,1.0,1.0
Mass-Training_P_00309_LEFT_CC_2,ok,6,5,0.999578710855217,35150,35150,1.0,1.0
Mass-Training_P_00313_RIGHT_CC_1,ok,4,3,0.9999400059994,68200,68200,1.0,1.0
Mass-Training_P_00314_RIGHT_MLO_1,ok,33,32,0.999874033129287,472872,472872,1.0,1.0
Mass-Training_P_00309_LEFT_MLO_1,ok,12,11,0.9996619413580943,65604,65604,1.0,1.0
Mass-Training_P_00313_RIGHT_MLO_1,ok,3,2,0.9999444706666296,55430,55430,1.0,1.0
Mass-Training_P_00314_RIGHT_CC_1,ok,26,25,0.9999140812276074,467142,467142,1.0,1.0
Mass-Training_P_00319_LEFT_MLO_1,ok,11,9,0.9998387419290335,261422,261422,1.0,1.0
Mass-Training_P_00319_LEFT_CC_1,ok,13,12,0.9999251216772744,402845,402132,1.00177304964539,0.9982300884955753
Mass-Training_P_00317_RIGHT_MLO_1,ok,6,5,0.999647623662071,33048,33048,1.0,1.0
Mass-Training_P_00332_LEFT_CC_1,ok,1,0,1.0,31416,31416,1.0,1.0
Mass-Training_P_00320_LEFT_CC_1,ok,14,13,0.999741653418124,69966,69966,1.0,1.0
Mass-Training_P_00330_LEFT_CC_1,ok,9,8,0.9996358891889432,51040,51040,1.0,1.0
Mass-Training_P_00330_LEFT_MLO_1,ok,6,5,0.9997893480321596,45570,45150,1.0093023255813953,0.9907834101382489
Mass-Training_P_00320_LEFT_MLO_1,ok,13,12,0.9997365802259556,108514,108514,1.0,1.0
Mass-Training_P_00328_RIGHT_CC_2,ok,7,6,0.9997278372961872,60198,59944,1.0042372881355932,0.9957805907172996
Mass-Training_P_00328_RIGHT_MLO_1,ok,10,9,0.9997662944689691,58824,58824,1.0,1.0
Mass-Training_P_00328_LEFT_MLO_1,ok,21,20,0.9997611764813947,204000,204000,1.0,1.0
Mass-Training_P_00328_RIGHT_CC_1,ok,18,17,0.9996441626500178,98580,98580,1.0,1.0
Mass-Training_P_00328_RIGHT_MLO_2,ok,4,3,0.9999012020418244,44426,44426,1.0,1.0
Mass-Training_P_00333_RIGHT_CC_1,ok,29,28,0.999403281949279,118260,118260,1.0,1.0
Mass-Training_P_00333_RIGHT_MLO_1,ok,19,18,0.9997092325002213,115591,115591,1.0,1.0
Mass-Training_P_00332_RIGHT_MLO_1,ok,19,18,0.9995795858921037,103994,103994,1.0,1.0
Mass-Training_P_00332_RIGHT_CC_1,ok,8,7,0.9998911319170114,94116,93840,1.0029411764705882,0.9970674486803519
Mass-Training_P_00332_LEFT_MLO_1,ok,12,11,0.9995826921572207,53172,53172,1.0,1.0
Mass-Training_P_00334_LEFT_MLO_1,ok,28,27,0.9998083807707767,313740,313740,1.0,1.0
Mass-Training_P_00348_LEFT_CC_1,ok,7,6,0.999428053953577,34390,34209,1.0052910052910053,0.9947368421052631
Mass-Training_P_00348_LEFT_MLO_1,ok,16,15,0.9992249217469071,53250,53250,1.0,1.0
Mass-Training_P_00335_LEFT_MLO_1,ok,19,18,0.9998601502918197,313500,313500,1.0,1.0
Mass-Training_P_00342_RIGHT_MLO_1,ok,7,6,0.999706558419328,33000,33000,1.0,1.0
Mass-Training_P_00351_LEFT_CC_1,ok,11,10,0.9998542683751965,136510,136510,1.0,1.0
Mass-Training_P_00361_RIGHT_MLO_1,ok,5,4,0.9999133846673538,174048,174048,1.0,1.0
Mass-Training_P_00342_RIGHT_MLO_3,ok,9,8,0.9995563245929279,33971,33971,1.0,1.0
Mass-Training_P_00342_RIGHT_MLO_2,ok,13,12,0.9990264481583644,32868,32868,1.0,1.0
Mass-Training_P_00356_LEFT_CC_1,ok,5,4,0.9999460694759975,248110,248110,1.0,1.0
Mass-Training_P_00351_LEFT_MLO_1,ok,17,16,0.9997388276262333,156792,156792,1.0,1.0
Mass-Training_P_00354_LEFT_CC_1,ok,15,13,0.9995476016233118,142766,141440,1.009375,0.9907120743034056
Mass-Training_P_00342_RIGHT_CC_1,ok,3,2,0.9998690842442888,20572,20572,1.0,1.0
Mass-Training_P_00363_LEFT_CC_1,ok,25,24,0.9996663175359404,173436,173436,1.0,1.0
Mass-Training_P_00354_LEFT_MLO_1,ok,3,2,0.9999498759429588,59752,59752,1.0,1.0
Mass-Training_P_00376_RIGHT_MLO_1,ok,2,1,0.9999375234287142,24650,24650,1.0,1.0
Mass-Training_P_00363_LEFT_MLO_1,ok,16,14,0.999751421222143,311220,311220,1.0,1.0
Mass-Training_P_00370_RIGHT_CC_1,ok,9,8,0.9993962347000385,36256,36256,1.0,1.0
Mass-Training_P_00366_RIGHT_MLO_1,ok,3,2,0.9999295452143587,46366,46366,1.0,1.0
Mass-Training_P_00370_RIGHT_MLO_1,ok,12,11,0.9994874184529356,42420,42420,1.0,1.0
Mass-Training_P_00366_RIGHT_CC_1,ok,5,4,0.9996180178062469,53312,53312,1.0,1.0
Mass-Training_P_00376_RIGHT_CC_1,ok,13,12,0.9994763222862273,46556,46330,1.0048780487804878,0.9951456310679612
Mass-Training_P_00376_RIGHT_MLO_3,ok,13,12,0.9993848046754845,42224,42224,1.0,1.0
Mass-Training_P_00376_RIGHT_MLO_2,ok,10,9,0.9995353159851301,38340,38340,1.0,1.0
Mass-Training_P_00376_RIGHT_MLO_4,ok,12,11,0.9992916262769368,41790,41790,1.0,1.0
Mass-Training_P_00386_LEFT_MLO_1,ok,15,14,0.9990252756117236,51940,51940,1.0,1.0
Mass-Training_P_00384_RIGHT_CC_1,ok,10,9,0.9996999193533262,85785,85785,1.0,1.0
Mass-Training_P_00386_LEFT_CC_1,ok,10,8,0.998410343365833,43862,43680,1.0041666666666667,0.995850622406639
Mass-Training_P_00385_RIGHT_CC_1,ok,12,11,0.9996153390933838,50268,50268,1.0,1.0
Mass-Training_P_00389_LEFT_MLO_1,ok,9,8,0.9998993193991381,138744,138744,1.0,1.0
Mass-Training_P_00385_RIGHT_MLO_1,ok,10,9,0.9998278088678433,78010,78010,1.0,1.0
Mass-Training_P_00384_RIGHT_MLO_1,ok,5,4,0.9998885069218619,98235,98235,1.0,1.0
Mass-Training_P_00396_LEFT_CC_1,ok,2,1,0.9999601498366143,44232,44232,1.0,1.0
Mass-Training_P_00401_LEFT_MLO_1,ok,10,9,0.9992804560801462,27984,27984,1.0,1.0
Mass-Training_P_00408_RIGHT_CC_1,ok,10,8,0.99984823507863,304080,304080,1.0,1.0
Mass-Training_P_00383_LEFT_MLO_1,ok,14,13,0.9998420720151611,197072,197072,1.0,1.0
Mass-Training_P_00406_RIGHT_CC_1,ok,17,15,0.9993229931310427,214344,214344,1.0,1.0
Mass-Training_P_00399_RIGHT_MLO_1,ok,15,14,0.9996630727762803,104664,104370,1.0028169014084507,0.9971910112359551
Mass-Training_P_00396_LEFT_MLO_1,ok,6,5,0.999716240501939,52405,52405,1.0,1.0
Mass-Training_P_00401_LEFT_CC_1,ok,3,2,0.9998846397877372,26100,26100,1.0,1.0
Mass-Training_P_00406_RIGHT_MLO_1,ok,18,17,0.9998428249593965,210485,210040,1.0021186440677967,0.9978858350951374
Mass-Training_P_00399_RIGHT_CC_1,ok,16,15,0.9996563263091255,90252,90252,1.0,1.0
Mass-Training_P_00413_LEFT_MLO_1,ok,40,39,0.9997256920999325,296400,296400,1.0,1.0
Mass-Training_P_00413_LEFT_CC_1,ok,44,43,0.9997838936756884,429760,429760,1.0,1.0
Mass-Training_P_00408_RIGHT_MLO_1,ok,26,25,0.9997376779536045,236919,236919,1.0,1.0
Mass-Training_P_00412_RIGHT_MLO_1,ok,7,6,0.9998615394297942,123396,123396,1.0,1.0
Mass-Training_P_00411_RIGHT_CC_1,ok,20,19,0.9996114948948001,119880,119880,1.0,1.0
Mass-Training_P_00412_RIGHT_CC_1,ok,7,6,0.9999401305154763,241654,241654,1.0,1.0
Mass-Training_P_00411_RIGHT_MLO_1,ok,9,8,0.9997801086263386,73440,73440,1.0,1.0
Mass-Training_P_00419_LEFT_CC_2,ok,16,15,0.9996747967479674,93440,93120,1.0034364261168385,0.9965753424657534
Mass-Training_P_00417_RIGHT_CC_1,ok,12,11,0.9994641787751757,48807,48807,1.0,1.0
Mass-Training_P_00419_LEFT_CC_1,ok,16,15,0.9993504384540435,46413,46222,1.0041322314049588,0.9958847736625515
Mass-Training_P_00415_RIGHT_CC_1,ok,9,7,0.9990003042552267,38220,38220,1.0,1.0
Mass-Training_P_00419_LEFT_MLO_2,ok,8,7,0.9993622177813682,42558,42558,1.0,1.0
Mass-Training_P_00417_RIGHT_MLO_1,ok,12,11,0.9997606510292005,86688,86688,1.0,1.0
Mass-Training_P_00414_LEFT_CC_1,ok,15,14,0.9996051705491563,90720,90720,1.0,1.0
Mass-Training_P_00415_RIGHT_MLO_1,ok,10,9,0.9996480360411094,45954,45954,1.0,1.0
Mass-Training_P_00419_LEFT_MLO_1,ok,12,11,0.9998640431106937,133176,133176,1.0,1.0
Mass-Training_P_00414_LEFT_MLO_1,ok,8,7,0.9997563798038858,46438,46438,1.0,1.0
Mass-Training_P_00426_RIGHT_CC_1,ok,12,10,0.999181789573062,77182,76884,1.003875968992248,0.9961389961389961
Mass-Training_P_00421_LEFT_CC_1,ok,14,13,0.9993418346359523,40352,40158,1.0048309178743962,0.9951923076923077
Mass-Training_P_00419_RIGHT_CC_1,ok,16,15,0.9992074071405411,54720,54720,1.0,1.0
Mass-Training_P_00419_RIGHT_MLO_1,ok,15,14,0.9994104435710275,60024,60024,1.0,1.0
Mass-Training_P_00423_RIGHT_CC_1,ok,1,0,1.0,621824,621824,1.0,1.0
Mass-Training_P_00420_RIGHT_CC_1,ok,14,13,0.9989962238898714,34903,34903,1.0,1.0
Mass-Training_P_00420_RIGHT_CC_2,ok,15,13,0.9971227798373264,27900,27900,1.0,1.0
Mass-Training_P_00420_RIGHT_MLO_2,ok,6,5,0.9997809227533628,33580,33580,1.0,1.0
Mass-Training_P_00420_RIGHT_MLO_1,ok,7,6,0.9994211623060894,29684,29684,1.0,1.0
Mass-Training_P_00421_LEFT_MLO_1,ok,13,12,0.9985387238188017,27360,27360,1.0,1.0
Mass-Training_P_00426_RIGHT_MLO_1,ok,10,9,0.999523225718567,43240,43240,1.0,1.0
Mass-Training_P_00431_RIGHT_CC_1,ok,26,25,0.9996242591928405,174902,174902,1.0,1.0
Mass-Training_P_00427_RIGHT_MLO_1,ok,4,3,0.9994892747701737,34278,33884,1.0116279069767442,0.9885057471264368
Mass-Training_P_00428_LEFT_CC_1,ok,4,3,0.9998441153546376,30644,30644,1.0,1.0
Mass-Training_P_00431_RIGHT_MLO_2,ok,14,13,0.9998838141491129,279169,279169,1.0,1.0
Mass-Training_P_00432_LEFT_MLO_1,ok,3,2,0.9997396002864397,30227,30227,1.0,1.0
Mass-Training_P_00430_LEFT_MLO_1,ok,11,10,0.9997334967886363,57856,57856,1.0,1.0
Mass-Training_P_00430_LEFT_CC_1,ok,7,6,0.9998404403845387,70738,70738,1.0,1.0
Mass-Training_P_00436_LEFT_MLO_1,ok,3,2,0.999861470262283,58555,58555,1.0,1.0
Mass-Training_P_00432_LEFT_CC_2,ok,10,9,0.9992507577563601,50456,50456,1.0,1.0
Mass-Training_P_00432_LEFT_CC_1,ok,15,14,0.9994006951935754,35638,35638,1.0,1.0
Mass-Training_P_00435_RIGHT_MLO_1,ok,19,18,0.998146470055194,37022,37022,1.0,1.0
Mass-Training_P_00432_LEFT_MLO_2,ok,12,11,0.9994935049457753,55221,55221,1.0,1.0
Mass-Training_P_00436_LEFT_CC_1,ok,5,4,0.9997975357204836,48530,48530,1.0,1.0
Mass-Training_P_00437_LEFT_CC_1,ok,12,10,0.9995329025656995,155155,155155,1.0,1.0
Mass-Training_P_00439_RIGHT_MLO_1,ok,18,17,0.9997869888943756,144364,144364,1.0,1.0
Mass-Training_P_00440_RIGHT_MLO_1,ok,1,0,1.0,66550,66550,1.0,1.0
Mass-Training_P_00439_RIGHT_CC_1,ok,22,21,0.9997160538161532,186238,186238,1.0,1.0
Mass-Training_P_00437_LEFT_MLO_1,ok,1,0,1.0,153300,153300,1.0,1.0
Mass-Training_P_00444_LEFT_CC_1,ok,2,1,0.9999617693160531,40392,40188,1.0050761421319796,0.9949494949494949
Mass-Training_P_00450_LEFT_CC_1,ok,29,28,0.999663780208319,222740,222740,1.0,1.0
Mass-Training_P_00441_RIGHT_MLO_1,ok,21,20,0.9998162327718224,213345,213345,1.0,1.0
Mass-Training_P_00444_LEFT_MLO_1,ok,4,3,0.9997835497835498,44576,44576,1.0,1.0
Mass-Training_P_00442_RIGHT_CC_1,ok,13,12,0.99991493033402,251500,251500,1.0,1.0
Mass-Training_P_00442_RIGHT_MLO_1,ok,16,15,0.999893847527584,225487,225487,1.0,1.0
Mass-Training_P_00450_LEFT_MLO_1,ok,36,35,0.9997621340635624,293752,293752,1.0,1.0
Mass-Training_P_00453_LEFT_MLO_1,ok,2,1,0.9999329061692778,44238,44238,1.0,1.0
Mass-Training_P_00454_RIGHT_CC_1,ok,9,8,0.9997499471041951,86710,86710,1.0,1.0
Mass-Training_P_00453_LEFT_CC_1,ok,3,2,0.9998956267612984,43485,43485,1.0,1.0
Mass-Training_P_00454_RIGHT_MLO_1,ok,18,17,0.9996570527109984,92412,92412,1.0,1.0
Mass-Training_P_00451_LEFT_CC_1,ok,9,8,0.9997620747085415,80282,80282,1.0,1.0
Mass-Training_P_00462_LEFT_CC_1,ok,24,23,0.9998541691167823,327712,327712,1.0,1.0
Mass-Training_P_00451_LEFT_MLO_1,ok,19,18,0.9994653571216412,87290,87290,1.0,1.0
Mass-Training_P_00462_LEFT_MLO_1,ok,41,40,0.9997721552709249,428064,428064,1.0,1.0
Mass-Training_P_00465_LEFT_CC_1,ok,20,19,0.9995864087554085,97785,97785,1.0,1.0
Mass-Training_P_00471_RIGHT_CC_1,ok,12,11,0.9998166513876157,85094,85094,1.0,1.0
Mass-Training_P_00484_RIGHT_CC_1,ok,12,11,0.9998888888888889,224660,224660,1.0,1.0
Mass-Training_P_00475_RIGHT_MLO_1,ok,8,7,0.9994800017333275,37536,37536,1.0,1.0
Mass-Training_P_00471_RIGHT_MLO_1,ok,10,9,0.9997750143172707,75815,75815,1.0,1.0
Mass-Training_P_00465_LEFT_MLO_1,ok,11,10,0.999768380011195,72675,72675,1.0,1.0
Mass-Training_P_00487_RIGHT_CC_1,ok,18,17,0.9990669552884974,43802,43318,1.011173184357542,0.988950276243094
Mass-Training_P_00468_LEFT_CC_1,ok,16,14,0.9983533573214612,56935,56935,1.0,1.0
Mass-Training_P_00475_LEFT_MLO_1,ok,12,11,0.9995814148179154,56595,56595,1.0,1.0
Mass-Training_P_00488_LEFT_MLO_1,ok,11,10,0.9995364419814998,71380,71380,1.0,1.0
Mass-Training_P_00487_RIGHT_MLO_1,ok,13,12,0.9994300274927915,53124,53124,1.0,1.0
Mass-Training_P_00488_LEFT_CC_1,ok,3,2,0.9998122418325197,25311,25311,1.0,1.0
Mass-Training_P_00496_LEFT_CC_1,ok,3,2,0.9998500637229177,18626,18626,1.0,1.0
Mass-Training_P_00495_RIGHT_MLO_2,ok,23,21,0.9997713135748262,272435,272435,1.0,1.0
Mass-Training_P_00492_RIGHT_MLO_1,ok,11,10,0.9998793457090164,185373,185373,1.0,1.0
Mass-Training_P_00468_LEFT_MLO_1,ok,15,13,0.9991265344664778,85904,85904,1.0,1.0
Mass-Training_P_00496_LEFT_MLO_1,ok,13,12,0.9996353261685651,73948,73948,1.0,1.0
Mass-Training_P_00495_RIGHT_CC_1,ok,1,0,1.0,162720,162720,1.0,1.0
Mass-Training_P_00499_RIGHT_CC_1,ok,10,9,0.999788068242026,81012,81012,1.0,1.0
Mass-Training_P_00509_RIGHT_CC_1,ok,11,10,0.9998060919447362,117936,117936,1.0,1.0
Mass-Training_P_00512_RIGHT_MLO_1,ok,15,13,0.9991432020874713,89999,89999,1.0,1.0
Mass-Training_P_00515_RIGHT_CC_1,ok,17,16,0.9998786725499837,238632,238143,1.002053388090349,0.9979508196721312
Mass-Training_P_00515_LEFT_CC_2,ok,10,9,0.9997286630488407,64944,64944,1.0,1.0
Mass-Training_P_00515_LEFT_MLO_2,ok,12,11,0.999793374199325,84672,84672,1.0,1.0
Mass-Training_P_00499_RIGHT_MLO_1,ok,10,9,0.9996892108345884,64860,64860,1.0,1.0
Mass-Training_P_00504_RIGHT_MLO_1,ok,12,11,0.9996518971604754,67452,67160,1.0043478260869565,0.9956709956709957
Mass-Training_P_00506_LEFT_MLO_1,ok,11,10,0.999526014511248,41516,41516,1.0,1.0
Mass-Training_P_00509_RIGHT_MLO_1,ok,13,12,0.9997311523658592,101472,101472,1.0,1.0
Mass-Training_P_00512_RIGHT_CC_1,ok,3,2,0.9998310097169413,17082,17082,1.0,1.0
Mass-Training_P_00518_LEFT_MLO_1,ok,7,6,0.999752256237834,54366,54366,1.0,1.0
Mass-Training_P_00519_RIGHT_MLO_1,ok,20,19,0.9994774843245298,63700,63700,1.0,1.0
Mass-Training_P_00517_LEFT_CC_1,ok,17,16,0.9998559174200985,321936,321936,1.0,1.0
Mass-Training_P_00517_LEFT_MLO_1,ok,36,35,0.9997193404007031,337440,337440,1.0,1.0
Mass-Training_P_00518_LEFT_CC_1,ok,11,10,0.9993318093898365,52851,52851,1.0,1.0
Mass-Training_P_00522_RIGHT_MLO_1,ok,10,9,0.9998260415760634,78396,78396,1.0,1.0
Mass-Training_P_00526_RIGHT_MLO_1,ok,4,3,0.9999407501036873,78279,78279,1.0,1.0
Mass-Training_P_00519_RIGHT_CC_1,ok,5,4,0.9998956637869871,72891,72624,1.0036764705882353,0.9963369963369964
Mass-Training_P_00528_LEFT_MLO_1,ok,7,6,0.9997560049883425,60009,60009,1.0,1.0
Mass-Training_P_00526_RIGHT_CC_1,ok,8,6,0.9993671420133322,76986,76986,1.0,1.0
Mass-Training_P_00534_LEFT_CC_1,ok,9,8,0.9997388010970354,59532,59286,1.004149377593361,0.9958677685950413
Mass-Training_P_00534_LEFT_MLO_1,ok,5,4,0.999919465249255,80276,80276,1.0,1.0
Mass-Training_P_00540_LEFT_CC_1,ok,14,13,0.9996810805740549,94424,94128,1.0031446540880504,0.9968652037617555
Mass-Training_P_00528_LEFT_MLO_2,ok,11,10,0.999731154999483,69500,69500,1.0,1.0
Mass-Training_P_00532_LEFT_CC_1,ok,7,6,0.999869109947644,110405,110405,1.0,1.0
Mass-Training_P_00535_LEFT_CC_1,ok,17,16,0.9990582161917053,47632,47424,1.0043859649122806,0.9956331877729258
Mass-Training_P_00528_RIGHT_MLO_1,ok,13,12,0.9997610124382162,127734,127734,1.0,1.0
Mass-Training_P_00528_RIGHT_CC_1,ok,5,4,0.999945331790475,165424,165424,1.0,1.0
Mass-Training_P_00539_RIGHT_MLO_1,ok,20,19,0.9996678172706134,91692,91409,1.0030959752321982,0.9969135802469136
Mass-Training_P_00539_RIGHT_CC_1,ok,35,34,0.9998086314854789,399848,399848,1.0,1.0
Mass-Training_P_00553_LEFT_CC_1,ok,13,12,0.9994168756195696,60480,60480,1.0,1.0
Mass-Training_P_00543_RIGHT_MLO_1,ok,29,28,0.9997260293725352,247434,246945,1.001980198019802,0.9980237154150198
Mass-Training_P_00540_LEFT_MLO_1,ok,16,15,0.9992281903475555,69527,69527,1.0,1.0
Mass-Training_P_00549_LEFT_CC_1,ok,14,13,0.9995130886410536,70308,70308,1.0,1.0
Mass-Training_P_00543_RIGHT_CC_1,ok,9,7,0.9996701896409564,108438,108438,1.0,1.0
Mass-Training_P_00549_LEFT_MLO_1,ok,15,14,0.9994379165439897,61065,61065,1.0,1.0
Mass-Training_P_00553_LEFT_MLO_1,ok,11,10,0.9994224898935732,63840,63840,1.0,1.0
Mass-Training_P_00550_RIGHT_MLO_1,ok,24,23,0.999382777009678,58911,58911,1.0,1.0
Mass-Training_P_00545_LEFT_MLO_1,ok,8,7,0.999360179149838,43130,43130,1.0,1.0
Mass-Training_P_00554_LEFT_CC_1,ok,2,1,0.9999636019509355,36855,36855,1.0,1.0
Mass-Training_P_00566_RIGHT_CC_1,ok,33,32,0.9996858609373686,275028,275028,1.0,1.0
Mass-Training_P_00566_RIGHT_MLO_1,ok,15,14,0.9998459377407223,196578,196578,1.0,1.0
Mass-Training_P_00554_LEFT_MLO_1,ok,7,6,0.999685195178989,43152,43152,1.0,1.0
Mass-Training_P_00560_RIGHT_MLO_1,ok,11,10,0.9996575845032529,75460,75460,1.0,1.0
Mass-Training_P_00568_LEFT_MLO_1,ok,31,30,0.9999161391419357,576008,576008,1.0,1.0
Mass-Training_P_00564_RIGHT_CC_1,ok,10,9,0.9998610176434444,218569,218569,1.0,1.0
Mass-Training_P_00568_LEFT_CC_1,ok,38,37,0.9998899382966575,569240,569240,1.0,1.0
Mass-Training_P_00569_RIGHT_CC_1,ok,10,9,0.9998581459677991,170144,170144,1.0,1.0
Mass-Training_P_00559_LEFT_CC_1,ok,15,14,0.9995021934600666,56404,56404,1.0,1.0
Mass-Training_P_00559_LEFT_MLO_1,ok,6,5,0.9994885346517773,38445,38445,1.0,1.0
Mass-Training_P_00573_RIGHT_MLO_1,ok,8,7,0.9996662110182153,105480,105480,1.0,1.0
Mass-Training_P_00572_RIGHT_MLO_1,ok,8,7,0.99979767882433,93074,93074,1.0,1.0
Mass-Training_P_00575_RIGHT_MLO_1,ok,3,2,0.999974189885016,126160,126160,1.0,1.0
Mass-Training_P_00572_RIGHT_CC_1,ok,34,33,0.999660202566961,248196,247680,1.0020833333333334,0.997920997920998
Mass-Training_P_00577_RIGHT_MLO_1,ok,8,7,0.9996423311592678,75504,75504,1.0,1.0
Mass-Training_P_00573_RIGHT_MLO_2,ok,3,2,0.9997169744569447,45760,45760,1.0,1.0
Mass-Training_P_00577_RIGHT_CC_1,ok,5,4,0.9998626750892612,78848,78848,1.0,1.0
Mass-Training_P_00581_LEFT_MLO_1,ok,16,15,0.9996122186381824,90552,90209,1.0038022813688212,0.9962121212121212
Mass-Training_P_00584_LEFT_MLO_1,ok,17,16,0.999785230286825,143439,143439,1.0,1.0
Mass-Training_P_00569_RIGHT_MLO_1,ok,21,20,0.9998411929584958,165126,165126,1.0,1.0
Mass-Training_P_00592_LEFT_MLO_1,ok,17,16,0.9997522328539236,124890,124890,1.0,1.0
Mass-Training_P_00586_LEFT_MLO_1,ok,22,21,0.9995613985762323,143871,143871,1.0,1.0
Mass-Training_P_00586_LEFT_MLO_2,ok,19,18,0.9997918967808033,194502,194502,1.0,1.0
Mass-Training_P_00586_LEFT_CC_1,ok,21,20,0.9998208068810158,217070,217070,1.0,1.0
Mass-Training_P_00597_RIGHT_MLO_1,ok,4,3,0.9998388483025354,70308,70308,1.0,1.0
Mass-Training_P_00592_LEFT_CC_1,ok,4,3,0.9997793190416141,41612,41612,1.0,1.0
Mass-Training_P_00596_RIGHT_CC_1,ok,5,4,0.9994373512226791,34322,34322,1.0,1.0
Mass-Training_P_00596_LEFT_CC_1,ok,11,10,0.9998430253300036,90812,90812,1.0,1.0
Mass-Training_P_00596_LEFT_MLO_1,ok,20,18,0.9994734694414827,121644,121644,1.0,1.0
Mass-Training_P_00596_RIGHT_MLO_1,ok,24,23,0.9989875354362597,78385,78385,1.0,1.0
Mass-Training_P_00611_RIGHT_CC_1,ok,11,10,0.9996805792163543,104880,104880,1.0,1.0
Mass-Training_P_00604_LEFT_CC_1,ok,2,1,0.9999773258055008,62094,62094,1.0,1.0
Mass-Training_P_00611_RIGHT_MLO_1,ok,17,16,0.999370820031226,64900,64900,1.0,1.0
Mass-Training_P_00617_RIGHT_MLO_1,ok,5,4,0.9986541049798116,18354,18354,1.0,1.0
Mass-Training_P_00622_LEFT_CC_1,ok,8,7,0.9997770676971093,62738,62738,1.0,1.0
Mass-Training_P_00607_RIGHT_MLO_1,ok,9,8,0.9991068070703272,37674,37674,1.0,1.0
Mass-Training_P_00604_LEFT_MLO_1,ok,4,3,0.9999324826142731,67760,67760,1.0,1.0
Mass-Training_P_00605_RIGHT_MLO_1,ok,15,14,0.9996918715720713,69160,69160,1.0,1.0
Mass-Training_P_00607_RIGHT_CC_1,ok,8,7,0.9994127243066884,30090,30090,1.0,1.0
Mass-Training_P_00616_LEFT_MLO_1,ok,4,3,0.9998972329984842,60909,60909,1.0,1.0
Mass-Training_P_00634_LEFT_MLO_2,ok,15,14,0.9996571758507452,83142,83142,1.0,1.0
Mass-Training_P_00634_RIGHT_MLO_1,ok,4,3,0.9999334841027006,131080,131080,1.0,1.0
Mass-Training_P_00634_LEFT_MLO_1,ok,10,9,0.9998283904585095,95734,95734,1.0,1.0
Mass-Training_P_00626_LEFT_CC_1,ok,11,10,0.99980024585126,105400,105400,1.0,1.0
Mass-Training_P_00630_LEFT_CC_1,ok,15,14,0.9998930890511935,286677,285475,1.0042105263157894,0.9958071278825996
Mass-Training_P_00634_LEFT_CC_1,ok,4,3,0.9998634004189054,76998,76998,1.0,1.0
Mass-Training_P_00634_LEFT_CC_2,ok,28,27,0.999378280294377,102723,102723,1.0,1.0
Mass-Training_P_00626_LEFT_MLO_1,ok,23,22,0.9996103737976378,118875,118875,1.0,1.0
Mass-Training_P_00630_LEFT_MLO_1,ok,19,18,0.9997486267572852,168462,168462,1.0,1.0
Mass-Training_P_00640_RIGHT_MLO_1,ok,2,1,0.9999554764024933,72420,72420,1.0,1.0
Mass-Training_P_00640_RIGHT_CC_1,ok,13,12,0.9996577920744645,73297,73297,1.0,1.0
Mass-Training_P_00653_LEFT_CC_1,ok,12,11,0.9997614693488113,92664,92664,1.0,1.0
Mass-Training_P_00651_RIGHT_MLO_1,ok,17,16,0.9998917426723322,202796,202796,1.0,1.0
Mass-Training_P_00648_LEFT_MLO_1,ok,9,8,0.9998882044516987,133578,133578,1.0,1.0
Mass-Training_P_00644_LEFT_MLO_1,ok,16,15,0.9997414417209639,111758,111758,1.0,1.0
Mass-Training_P_00637_RIGHT_CC_1,ok,4,3,0.999734223193456,56000,56000,1.0,1.0
Mass-Training_P_00648_LEFT_CC_1,ok,14,13,0.9997763216757454,116886,116886,1.0,1.0
Mass-Training_P_00644_LEFT_CC_1,ok,10,9,0.9998507771069125,151281,149988,1.0086206896551724,0.9914529914529915
Mass-Training_P_00653_LEFT_MLO_1,ok,19,18,0.999512987012987,80535,80535,1.0,1.0
Mass-Training_P_00659_RIGHT_MLO_1,ok,16,14,0.9995747240892872,178794,178794,1.0,1.0
Mass-Training_P_00661_LEFT_CC_1,ok,3,2,0.9999127209251581,31620,31620,1.0,1.0
Mass-Training_P_00661_LEFT_MLO_1,ok,6,5,0.9996947962765146,26219,26062,1.0060240963855422,0.9940119760479041
Mass-Training_P_00660_LEFT_CC_1,ok,8,7,0.9997268132768747,90746,90457,1.0031948881789137,0.9968152866242038
Mass-Training_P_00666_RIGHT_CC_1,ok,9,7,0.9992807117168275,49560,49560,1.0,1.0
Mass-Training_P_00665_LEFT_MLO_1,ok,11,10,0.9996445617954707,64428,64428,1.0,1.0
Mass-Training_P_00660_LEFT_MLO_1,ok,15,14,0.999351604778174,69966,69966,1.0,1.0
Mass-Training_P_00670_RIGHT_MLO_1,ok,10,9,0.9995749272471635,51584,51584,1.0,1.0
Mass-Training_P_00666_RIGHT_MLO_1,ok,12,11,0.9994397759103641,49776,49776,1.0,1.0
Mass-Training_P_00670_RIGHT_CC_1,ok,9,8,0.9996654704701661,62059,62059,1.0,1.0
Mass-Training_P_00675_LEFT_MLO_1,ok,20,19,0.9995489947787473,91260,91260,1.0,1.0
Mass-Training_P_00675_LEFT_CC_1,ok,14,13,0.9995612572611924,103037,102714,1.0031446540880504,0.9968652037617555
Mass-Training_P_00687_LEFT_CC_1,ok,10,9,0.9997562580739513,60606,60114,1.008184449545863,0.9918819918819919
Mass-Training_P_00673_RIGHT_MLO_3,ok,10,8,0.9985456811925414,33820,33642,1.0052910052910053,0.9947368421052631
Mass-Training_P_00673_RIGHT_MLO_1,ok,10,9,0.9996669655437428,60009,60009,1.0,1.0
Mass-Training_P_00678_LEFT_MLO_2,ok,5,4,0.9999684922270324,252800,252800,1.0,1.0
Mass-Training_P_00678_LEFT_CC_2,ok,3,2,0.9999839828295933,163296,163296,1.0,1.0
Mass-Training_P_00673_RIGHT_MLO_4,ok,3,2,0.9995782567947517,38000,38000,1.0,1.0
Mass-Training_P_00690_LEFT_MLO_1,ok,9,8,0.9997764054514481,159192,159192,1.0,1.0
Mass-Training_P_00687_LEFT_MLO_1,ok,2,1,0.9999590287072191,106904,106904,1.0,1.0
Mass-Training_P_00694_RIGHT_MLO_1,ok,6,5,0.9998317595844461,80598,79689,1.0114068441064639,0.9887218045112782
Mass-Training_P_00694_RIGHT_CC_1,ok,1,0,1.0,127806,127806,1.0,1.0
Mass-Training_P_00692_LEFT_MLO_1,ok,5,3,0.9997282193270031,90482,90482,1.0,1.0
Mass-Training_P_00698_RIGHT_CC_1,ok,11,10,0.9998567188619384,232224,231280,1.0040816326530613,0.9959349593495935
Mass-Training_P_00702_RIGHT_CC_1,ok,1,0,1.0,58420,58420,1.0,1.0
Mass-Training_P_00700_RIGHT_MLO_1,ok,6,5,0.9998513330470118,92460,92460,1.0,1.0
Mass-Training_P_00698_RIGHT_MLO_1,ok,14,13,0.9998892872654807,347130,347130,1.0,1.0
Mass-Training_P_00695_RIGHT_CC_1,ok,75,71,0.9997724104887186,1358640,1358640,1.0,1.0
Mass-Training_P_00700_RIGHT_CC_1,ok,12,11,0.9998765406695611,136704,136704,1.0,1.0
Mass-Training_P_00695_RIGHT_MLO_1,ok,118,115,0.999842417161567,1814085,1814085,1.0,1.0
Mass-Training_P_00703_LEFT_CC_1,ok,14,13,0.9996818385985926,85183,85183,1.0,1.0
Mass-Training_P_00702_RIGHT_MLO_1,ok,1,0,1.0,48720,48720,1.0,1.0
Mass-Training_P_00708_RIGHT_CC_1,ok,4,3,0.9997942979388653,37485,37485,1.0,1.0
Mass-Training_P_00703_LEFT_MLO_1,ok,10,9,0.9996072848657405,61901,61901,1.0,1.0
Mass-Training_P_00706_RIGHT_MLO_1,ok,40,39,0.999778071583719,330336,329744,1.0017953321364452,0.9982078853046595
Mass-Training_P_00708_RIGHT_MLO_1,ok,7,6,0.9997415686781238,40896,40896,1.0,1.0
Mass-Training_P_00706_RIGHT_CC_1,ok,21,20,0.9998768686149643,374928,374928,1.0,1.0
Mass-Training_P_00710_LEFT_CC_1,ok,16,15,0.9992982456140351,60180,60180,1.0,1.0
Mass-Training_P_00710_LEFT_MLO_1,ok,18,17,0.9995939149720426,102391,101745,1.0063492063492063,0.9936908517350158
Mass-Training_P_00710_RIGHT_CC_1,ok,1,0,1.0,35964,35964,1.0,1.0
Mass-Training_P_00710_LEFT_CC_2,ok,22,21,0.9996933042176804,132561,131634,1.0070422535211268,0.993006993006993
Mass-Training_P_00710_RIGHT_MLO_1,ok,15,14,0.9992080063359493,44528,44528,1.0,1.0
Mass-Training_P_00716_LEFT_MLO_1,ok,7,6,0.9995522865366165,44422,43890,1.0121212121212122,0.9880239520958084
Mass-Training_P_00711_LEFT_CC_1,ok,11,10,0.9997725765185256,82350,82350,1.0,1.0
Mass-Training_P_00715_RIGHT_MLO_1,ok,2,1,0.9996896979726935,30260,30260,1.0,1.0
Mass-Training_P_00715_RIGHT_CC_1,ok,4,3,0.9998281294757949,25258,25258,1.0,1.0
Mass-Training_P_00717_RIGHT_MLO_1,ok,8,7,0.999834550568437,72116,72116,1.0,1.0
Mass-Training_P_00711_LEFT_MLO_1,ok,30,29,0.9994287692574,97635,97635,1.0,1.0
Mass-Training_P_00711_RIGHT_MLO_1,ok,7,6,0.9994041815621276,30240,30240,1.0,1.0
Mass-Training_P_00711_RIGHT_CC_1,ok,5,4,0.9997257117779362,33666,33666,1.0,1.0
Mass-Training_P_00717_RIGHT_CC_1,ok,14,13,0.9996357012750455,58077,58077,1.0,1.0
Mass-Training_P_00726_RIGHT_MLO_1,ok,18,17,0.9996063203478697,93195,93195,1.0,1.0
Mass-Training_P_00719_LEFT_CC_1,ok,1,0,1.0,240458,240458,1.0,1.0
Mass-Training_P_00728_RIGHT_CC_1,ok,7,6,0.9998946858478842,153870,153870,1.0,1.0
Mass-Training_P_00719_LEFT_MLO_1,ok,12,11,0.9998684027752393,182399,182399,1.0,1.0
Mass-Training_P_00730_RIGHT_CC_1,ok,1,0,1.0,8160,8160,1.0,1.0
Mass-Training_P_00723_LEFT_MLO_1,ok,9,8,0.9997852233676976,54332,54332,1.0,1.0
Mass-Training_P_00728_RIGHT_MLO_1,ok,19,18,0.999633725434951,109593,109593,1.0,1.0
Mass-Training_P_00726_RIGHT_CC_1,ok,3,2,0.9999463878836617,54253,54253,1.0,1.0
Mass-Training_P_00720_RIGHT_MLO_1,ok,2,1,0.9998982136495496,29256,29256,1.0,1.0
Mass-Training_P_00732_LEFT_MLO_1,ok,59,57,0.9996705713992214,414086,414086,1.0,1.0
Mass-Training_P_00731_RIGHT_CC_1,ok,27,26,0.9995809350079499,123132,123132,1.0,1.0
Mass-Training_P_00732_LEFT_CC_1,ok,28,27,0.9998872447253746,465423,465423,1.0,1.0
Mass-Training_P_00734_RIGHT_MLO_1,ok,4,3,0.9998067165982121,61425,61425,1.0,1.0
Mass-Training_P_00733_RIGHT_CC_1,ok,10,9,0.9998362553947999,131010,131010,1.0,1.0
Mass-Training_P_00733_RIGHT_MLO_1,ok,4,3,0.9999395039322444,72731,72731,1.0,1.0
Mass-Training_P_00731_RIGHT_MLO_1,ok,18,17,0.9996718322698268,126025,125670,1.002824858757062,0.9971830985915493
Mass-Training_P_00737_LEFT_MLO_1,ok,47,46,0.9998551770898934,625645,624848,1.0012755102040816,0.9987261146496815
Mass-Training_P_00739_LEFT_CC_1,ok,8,7,0.9996950522223069,42228,42228,1.0,1.0
Mass-Training_P_00737_LEFT_CC_1,ok,4,3,0.9999663063316019,271320,271320,1.0,1.0
Mass-Training_P_00739_LEFT_MLO_1,ok,16,15,0.9993876769996173,45045,44583,1.0103626943005182,0.9897435897435898
Mass-Training_P_00753_RIGHT_MLO_1,ok,10,9,0.9998336660013307,105600,105600,1.0,1.0
Mass-Training_P_00746_LEFT_CC_1,ok,10,9,0.9997977755308393,92536,92536,1.0,1.0
Mass-Training_P_00747_LEFT_MLO_1,ok,10,9,0.9998473826117923,95550,95550,1.0,1.0
Mass-Training_P_00747_LEFT_CC_1,ok,17,16,0.9995014955134596,66443,66443,1.0,1.0
Mass-Training_P_00753_RIGHT_CC_1,ok,3,1,0.9998049570905599,105228,105228,1.0,1.0
Mass-Training_P_00754_LEFT_CC_1,ok,6,5,0.9995628096764791,38948,38948,1.0,1.0
Mass-Training_P_00746_LEFT_MLO_1,ok,8,7,0.9998266788516686,91035,91035,1.0,1.0
Mass-Training_P_00742_LEFT_CC_1,ok,16,15,0.9994404358710057,52122,52122,1.0,1.0
Mass-Training_P_00742_LEFT_MLO_1,ok,5,4,0.9998257232485186,41160,41160,1.0,1.0
Mass-Training_P_00775_LEFT_CC_1,ok,53,52,0.9996468006763767,358146,358146,1.0,1.0
Mass-Training_P_00765_RIGHT_CC_1,ok,3,2,0.9993334320841357,20448,20448,1.0,1.0
Mass-Training_P_00765_RIGHT_MLO_1,ok,5,4,0.9984494120687427,12744,12744,1.0,1.0
Mass-Training_P_00754_LEFT_MLO_1,ok,6,5,0.9996360026472535,47250,47250,1.0,1.0
Mass-Training_P_00764_RIGHT_MLO_1,ok,16,15,0.9995235322145164,60945,60945,1.0,1.0
Mass-Training_P_00775_LEFT_MLO_1,ok,39,38,0.9998357233102649,501032,501032,1.0,1.0
Mass-Training_P_00776_RIGHT_CC_1,ok,4,3,0.9999194479499504,69250,69250,1.0,1.0
Mass-Training_P_00776_RIGHT_MLO_1,ok,5,4,0.9998450333178367,45747,45747,1.0,1.0
Mass-Training_P_00770_RIGHT_CC_1,ok,7,6,0.9996759428039049,37206,37206,1.0,1.0
Mass-Training_P_00764_RIGHT_CC_1,ok,9,8,0.9998230491165095,125849,125849,1.0,1.0
Mass-Training_P_00781_RIGHT_MLO_1,ok,25,24,0.9997922476911164,248136,248136,1.0,1.0
Mass-Training_P_00778_RIGHT_CC_1,ok,1,0,1.0,57456,57456,1.0,1.0
Mass-Training_P_00781_RIGHT_CC_1,ok,19,18,0.999888521008216,259424,259424,1.0,1.0
Mass-Training_P_00778_RIGHT_MLO_1,ok,16,15,0.9996284553651045,72240,72240,1.0,1.0
Mass-Training_P_00778_RIGHT_CC_2,ok,9,8,0.9993590839172791,42693,42693,1.0,1.0
Mass-Training_P_00779_LEFT_CC_1,ok,18,17,0.999823285337631,215787,215787,1.0,1.0
Mass-Training_P_00778_RIGHT_MLO_2,ok,3,2,0.9996083039561301,11397,11397,1.0,1.0
Mass-Training_P_00779_LEFT_MLO_1,ok,12,11,0.9998828006933265,234972,234972,1.0,1.0
Mass-Training_P_00782_RIGHT_CC_1,ok,21,20,0.9997857501699223,221364,221364,1.0,1.0
Mass-Training_P_00797_LEFT_MLO_2,ok,14,13,0.9998606170020709,223329,223329,1.0,1.0
Mass-Training_P_00798_RIGHT_MLO_1,ok,17,16,0.9998693692712982,321250,321250,1.0,1.0
Mass-Training_P_00797_LEFT_CC_1,ok,13,12,0.9995265283386715,56048,55800,1.0044444444444445,0.995575221238938
Mass-Training_P_00794_LEFT_CC_1,ok,17,16,0.9997729561114292,154842,154842,1.0,1.0
Mass-Training_P_00797_LEFT_CC_2,ok,18,17,0.9997778559395768,177704,177704,1.0,1.0
Mass-Training_P_00794_LEFT_MLO_1,ok,10,9,0.9998897906021441,134946,134946,1.0,1.0
Mass-Training_P_00797_LEFT_MLO_1,ok,10,9,0.9997561669443654,74807,74807,1.0,1.0
Mass-Training_P_00797_RIGHT_CC_1,ok,20,19,0.9995476629251131,92976,92976,1.0,1.0
Mass-Training_P_00798_RIGHT_CC_1,ok,17,16,0.9998231592386359,383898,383898,1.0,1.0
Mass-Training_P_00797_RIGHT_MLO_1,ok,13,12,0.9997857267212171,112518,112518,1.0,1.0
Mass-Training_P_00802_LEFT_MLO_3,ok,8,7,0.9999487270504249,326096,326096,1.0,1.0
Mass-Training_P_00802_LEFT_MLO_1,ok,4,3,0.999986629094422,421200,421200,1.0,1.0
Mass-Training_P_00814_LEFT_CC_1,ok,13,12,0.9998640417663693,162816,162816,1.0,1.0
Mass-Training_P_00814_LEFT_MLO_1,ok,21,20,0.9998056365403304,164418,164418,1.0,1.0
Mass-Training_P_00802_LEFT_MLO_2,ok,7,6,0.9999607661584576,326952,326952,1.0,1.0
Mass-Training_P_00802_LEFT_CC_1,ok,34,33,0.9999273981024644,998637,998637,1.0,1.0
Mass-Training_P_00801_LEFT_CC_1,ok,4,3,0.9999308425111084,95680,95680,1.0,1.0
Mass-Training_P_00810_RIGHT_MLO_1,ok,6,5,0.9996260284218399,27216,27216,1.0,1.0
Mass-Training_P_00803_LEFT_CC_1,ok,16,15,0.9997108834318137,75946,75946,1.0,1.0
Mass-Training_P_00801_LEFT_MLO_1,ok,6,5,0.9998240808222965,66564,66564,1.0,1.0
Mass-Training_P_00818_RIGHT_CC_1,ok,7,6,0.9998243341165104,76380,76380,1.0,1.0
Mass-Training_P_00823_RIGHT_CC_1,ok,11,10,0.9995029644619591,50745,50745,1.0,1.0
Mass-Training_P_00818_RIGHT_MLO_1,ok,5,4,0.9997248400632868,76250,76250,1.0,1.0
Mass-Training_P_00823_RIGHT_MLO_1,ok,6,5,0.9996724073380756,32538,32538,1.0,1.0
Mass-Training_P_00816_RIGHT_MLO_1,ok,8,7,0.9998006677629939,69920,69920,1.0,1.0
Mass-Training_P_00816_RIGHT_CC_1,ok,6,5,0.9998681984930694,76230,76230,1.0,1.0
Mass-Training_P_00815_LEFT_MLO_1,ok,21,20,0.9997781304934037,308692,307344,1.0043859649122806,0.9956331877729258
Mass-Training_P_00815_LEFT_CC_1,ok,12,11,0.9998204748440375,158368,158368,1.0,1.0
Mass-Training_P_00826_LEFT_CC_1,ok,5,4,0.9995900679315999,60320,60320,1.0,1.0
Mass-Training_P_00826_LEFT_MLO_1,ok,5,3,0.9970958904109589,66240,65520,1.010989010989011,0.9891304347826086
Mass-Training_P_00836_LEFT_MLO_1,ok,20,19,0.9994532211134761,88088,88088,1.0,1.0
Mass-Training_P_00836_LEFT_CC_1,ok,17,16,0.999558749369642,77740,77740,1.0,1.0
Mass-Training_P_00844_RIGHT_CC_1,ok,15,14,0.9992564553197242,44576,44576,1.0,1.0
Mass-Training_P_00828_LEFT_CC_1,ok,5,4,0.999955658034764,161588,161588,1.0,1.0
Mass-Training_P_00841_RIGHT_MLO_1,ok,18,17,0.9996527653052671,157662,157662,1.0,1.0
Mass-Training_P_00831_RIGHT_MLO_1,ok,16,15,0.9999095172746603,359268,359268,1.0,1.0
Mass-Training_P_00844_RIGHT_MLO_1,ok,6,5,0.9998125535561269,56840,56840,1.0,1.0
Mass-Training_P_00829_LEFT_MLO_1,ok,17,16,0.9995654063450674,96074,96074,1.0,1.0
Mass-Training_P_00829_LEFT_CC_1,ok,10,9,0.9998438638492766,82333,82333,1.0,1.0
Mass-Training_P_00841_RIGHT_CC_1,ok,9,8,0.9998036878637033,99180,99180,1.0,1.0
Mass-Training_P_00847_LEFT_MLO_1,ok,18,17,0.9994406927124332,73712,73170,1.0074074074074073,0.9926470588235294
Mass-Training_P_00848_LEFT_MLO_1,ok,2,1,0.9999639093402627,37352,37352,1.0,1.0
Mass-Training_P_00848_LEFT_CC_1,ok,17,16,0.9995113011606598,101439,101439,1.0,1.0
Mass-Training_P_00859_LEFT_CC_1,ok,5,4,0.9997194163860831,75992,75992,1.0,1.0
Mass-Training_P_00845_RIGHT_CC_1,ok,6,5,0.9996546961325967,27864,27702,1.0058479532163742,0.9941860465116279
Mass-Training_P_00849_LEFT_CC_1,ok,29,28,0.9996701037904229,168824,168824,1.0,1.0
Mass-Training_P_00853_RIGHT_CC_1,ok,9,8,0.9996206085438956,41447,41447,1.0,1.0
Mass-Training_P_00849_LEFT_MLO_1,ok,24,23,0.9996129996129997,179740,179740,1.0,1.0
Mass-Training_P_00851_LEFT_CC_1,ok,5,4,0.9999108317171582,67952,67952,1.0,1.0
Mass-Training_P_00859_LEFT_MLO_1,ok,9,8,0.9997990096658079,92416,92112,1.0033003300330032,0.9967105263157895
Mass-Training_P_00851_LEFT_MLO_1,ok,6,5,0.9998412992303013,60836,60836,1.0,1.0
Mass-Training_P_00863_RIGHT_CC_1,ok,21,20,0.9998155099376281,237600,237600,1.0,1.0
Mass-Training_P_00865_RIGHT_MLO_2,ok,14,13,0.999792037641187,136152,135786,1.0026954177897573,0.9973118279569892
Mass-Training_P_00863_RIGHT_MLO_1,ok,27,26,0.9995424205950522,163348,163348,1.0,1.0
Mass-Training_P_00870_LEFT_MLO_1,ok,21,20,0.9995779619398404,81696,81104,1.0072992700729928,0.9927536231884058
Mass-Training_P_00865_RIGHT_MLO_1,ok,13,12,0.9996943181383975,90890,90890,1.0,1.0
Mass-Training_P_00869_LEFT_CC_1,ok,7,6,0.9992111231633961,55973,55973,1.0,1.0
Mass-Training_P_00869_LEFT_MLO_1,ok,8,7,0.9997745547456226,65268,65009,1.00398406374502,0.996031746031746
Mass-Training_P_00870_LEFT_CC_1,ok,18,17,0.9997711545796327,137180,137180,1.0,1.0
Mass-Training_P_00886_LEFT_MLO_1,ok,8,7,0.9998477595277162,85590,85590,1.0,1.0
Mass-Training_P_00891_RIGHT_CC_1,ok,16,15,0.9997255224875505,139482,139482,1.0,1.0
Mass-Training_P_00889_LEFT_CC_1,ok,6,5,0.9998985965766204,72000,72000,1.0,1.0
Mass-Training_P_00889_LEFT_MLO_1,ok,10,9,0.9997524560996364,101400,101400,1.0,1.0
Mass-Training_P_00884_LEFT_MLO_1,ok,11,10,0.9998093785741518,90650,90650,1.0,1.0
Mass-Training_P_00871_LEFT_MLO_1,ok,20,19,0.9998764231486307,320913,320913,1.0,1.0
Mass-Training_P_00871_LEFT_CC_1,ok,33,32,0.9997804420049111,267794,267794,1.0,1.0
Mass-Training_P_00881_LEFT_MLO_1,ok,7,6,0.9994225558566162,36445,36445,1.0,1.0
Mass-Training_P_00886_LEFT_CC_1,ok,13,12,0.999739384251859,90792,90792,1.0,1.0
Mass-Training_P_00881_LEFT_CC_1,ok,6,5,0.9994798777712762,22950,22800,1.006578947368421,0.9934640522875817
Mass-Training_P_00892_LEFT_CC_1,ok,1,0,1.0,108955,108955,1.0,1.0
Mass-Training_P_00891_RIGHT_MLO_1,ok,5,4,0.9999058838292733,95550,95550,1.0,1.0
Mass-Training_P_00892_LEFT_MLO_1,ok,18,17,0.9997815515538333,151125,151125,1.0,1.0
Mass-Training_P_00898_LEFT_CC_1,ok,10,9,0.999773098565983,67208,67208,1.0,1.0
Mass-Training_P_00900_LEFT_MLO_1,ok,20,19,0.99961269733071,102648,102648,1.0,1.0
Mass-Training_P_00901_RIGHT_MLO_1,ok,3,2,0.9999545253009857,133128,133128,1.0,1.0
Mass-Training_P_00894_RIGHT_MLO_1,ok,7,6,0.9998061723343312,74970,74340,1.0084745762711864,0.9915966386554622
Mass-Training_P_00901_RIGHT_CC_1,ok,3,2,0.9999829253925026,170000,170000,1.0,1.0
Mass-Training_P_00896_LEFT_CC_1,ok,20,19,0.9995334139254735,72898,72898,1.0,1.0
Mass-Training_P_00902_LEFT_CC_1,ok,65,64,0.999402614709464,177620,177620,1.0,1.0
Mass-Training_P_00911_LEFT_CC_1,ok,13,11,0.999601310691103,127086,127086,1.0,1.0
Mass-Training_P_00913_LEFT_CC_1,ok,11,9,0.999577194523043,99687,99687,1.0,1.0
Mass-Training_P_00903_LEFT_MLO_1,ok,32,31,0.9997934342314746,357445,357445,1.0,1.0
Mass-Training_P_00913_LEFT_MLO_1,ok,9,8,0.9998743402865041,134316,133952,1.002717391304348,0.997289972899729
Mass-Training_P_00902_LEFT_MLO_1,ok,10,9,0.9998678060525943,171395,171395,1.0,1.0
Mass-Training_P_00906_LEFT_MLO_1,ok,20,19,0.9995998953572472,95285,95285,1.0,1.0
Mass-Training_P_00914_LEFT_CC_2,ok,14,13,0.9995944849959448,76725,76725,1.0,1.0
Mass-Training_P_00914_LEFT_CC_3,ok,21,20,0.9993365914066473,73788,73216,1.0078125,0.9922480620155039
Mass-Training_P_00915_RIGHT_MLO_1,ok,7,6,0.9997212872242351,72358,72072,1.003968253968254,0.9960474308300395
Mass-Training_P_00915_RIGHT_CC_1,ok,5,4,0.9998415527827292,87016,87016,1.0,1.0
Mass-Training_P_00917_RIGHT_MLO_1,ok,2,1,0.999974910304338,64272,64272,1.0,1.0
Mass-Training_P_00906_LEFT_CC_1,ok,35,34,0.9996290371194733,194947,194947,1.0,1.0
Mass-Training_P_00914_LEFT_CC_1,ok,11,10,0.999499735153905,50806,50806,1.0,1.0
Mass-Training_P_00914_LEFT_MLO_2,ok,12,11,0.9997077874640822,61710,61710,1.0,1.0
Mass-Training_P_00914_LEFT_MLO_3,ok,18,16,0.9993857745383072,73164,73164,1.0,1.0
Mass-Training_P_00914_LEFT_MLO_1,ok,25,24,0.999147815308336,55125,55125,1.0,1.0
Mass-Training_P_00931_LEFT_CC_1,ok,2,1,0.999972628236711,52360,52360,1.0,1.0
Mass-Training_P_00920_RIGHT_CC_1,ok,17,16,0.9996718298766081,126650,126054,1.0047281323877069,0.9952941176470588
Mass-Training_P_00931_LEFT_MLO_1,ok,4,3,0.9997587163710943,50752,50508,1.0048309178743962,0.9951923076923077
Mass-Training_P_00929_LEFT_CC_1,ok,22,21,0.9996930466027482,181187,181187,1.0,1.0
Mass-Training_P_00927_LEFT_MLO_1,ok,5,4,0.9996831575612185,79756,79502,1.0031948881789137,0.9968152866242038
Mass-Training_P_00929_LEFT_MLO_1,ok,33,32,0.9995498459087918,137268,136530,1.0054054054054054,0.9946236559139785
Mass-Training_P_00927_LEFT_CC_1,ok,7,6,0.999729642046069,92300,92300,1.0,1.0
Mass-Training_P_00935_LEFT_CC_1,ok,12,11,0.9996722825520251,109430,109430,1.0,1.0
Mass-Training_P_00920_RIGHT_MLO_1,ok,6,5,0.9999073831097665,86640,86640,1.0,1.0
Mass-Training_P_00921_RIGHT_CC_1,ok,10,9,0.999878232376904,143600,143600,1.0,1.0
Mass-Training_P_00939_RIGHT_CC_1,ok,8,7,0.999692118226601,42735,42273,1.010928961748634,0.9891891891891892
Mass-Training_P_00952_RIGHT_CC_1,ok,25,24,0.9998073575649996,215973,215973,1.0,1.0
Mass-Training_P_00949_LEFT_CC_1,ok,7,6,0.9998070083537812,54522,54522,1.0,1.0
Mass-Training_P_00949_LEFT_MLO_1,ok,4,2,0.9994929317762754,97006,97006,1.0,1.0
Mass-Training_P_00939_RIGHT_MLO_1,ok,7,6,0.9996309963099631,33099,33099,1.0,1.0
Mass-Training_P_00935_LEFT_MLO_1,ok,18,17,0.9996615676187898,117120,117120,1.0,1.0
Mass-Training_P_00950_LEFT_CC_1,ok,8,7,0.9997644842204427,106500,106500,1.0,1.0
Mass-Training_P_00941_LEFT_MLO_1,ok,14,13,0.9996126233149114,55335,55335,1.0,1.0
Mass-Training_P_00952_RIGHT_MLO_1,ok,25,24,0.9996634403360954,150512,150512,1.0,1.0
Mass-Training_P_00958_LEFT_MLO_2,ok,1,0,1.0,395829,395829,1.0,1.0
Mass-Training_P_00958_LEFT_CC_2,ok,22,21,0.9997166003772147,139128,139128,1.0,1.0
Mass-Training_P_00972_LEFT_CC_1,ok,7,6,0.9994578476551911,21608,21608,1.0,1.0
Mass-Training_P_00959_RIGHT_MLO_1,ok,5,4,0.9998874797061613,92736,92736,1.0,1.0
Mass-Training_P_00968_LEFT_CC_1,ok,26,25,0.999704223269178,144326,144326,1.0,1.0
Mass-Training_P_00968_LEFT_MLO_1,ok,13,12,0.9997975240078676,115258,115258,1.0,1.0
Mass-Training_P_00970_LEFT_MLO_1,ok,4,3,0.999819949585884,31122,31122,1.0,1.0
Mass-Training_P_00963_LEFT_CC_1,ok,15,14,0.9998315413962245,168420,168420,1.0,1.0
Mass-Training_P_00963_LEFT_MLO_1,ok,20,19,0.9997064607978395,161090,161090,1.0,1.0
Mass-Training_P_00961_LEFT_MLO_1,ok,11,10,0.9998059604387577,129500,129500,1.0,1.0
Mass-Training_P_00976_LEFT_CC_1,ok,4,3,0.9999064896203479,92110,92110,1.0,1.0
Mass-Training_P_00976_LEFT_MLO_1,ok,6,4,0.9985274937944382,76245,74750,1.02,0.9803921568627451
Mass-Training_P_00984_RIGHT_MLO_1,ok,10,9,0.999933672607993,221910,221910,1.0,1.0
Mass-Training_P_00972_LEFT_MLO_1,ok,11,10,0.9993664011585808,35512,35512,1.0,1.0
Mass-Training_P_00988_LEFT_CC_1,ok,23,22,0.9994632313472893,92106,91805,1.0032786885245901,0.9967320261437909
Mass-Training_P_00984_RIGHT_CC_1,ok,15,14,0.9999180572827795,300960,300465,1.00164744645799,0.9983552631578947
Mass-Training_P_00978_RIGHT_MLO_1,ok,31,30,0.9997170446889737,373065,373065,1.0,1.0
Mass-Training_P_00982_RIGHT_MLO_1,ok,9,8,0.9998098642430695,80240,80240,1.0,1.0
Mass-Training_P_00978_RIGHT_CC_1,ok,16,14,0.999770154571051,214695,214110,1.0027322404371584,0.997275204359673
Mass-Training_P_00982_RIGHT_CC_1,ok,10,9,0.9996084337349398,56808,56545,1.0046511627906978,0.9953703703703703
Mass-Training_P_00997_LEFT_CC_1,ok,4,3,0.9999517001545595,94340,94340,1.0,1.0
Mass-Training_P_00996_RIGHT_CC_1,ok,25,24,0.9994787451475289,121056,120474,1.0048309178743962,0.9951923076923077
Mass-Training_P_00994_RIGHT_MLO_1,ok,9,8,0.9998088120274615,86528,86528,1.0,1.0
Mass-Training_P_00997_LEFT_MLO_1,ok,16,15,0.9999195602627698,329676,329676,1.0,1.0
Mass-Training_P_00995_LEFT_CC_1,ok,7,6,0.9999139760279865,167956,167956,1.0,1.0
Mass-Training_P_00999_LEFT_CC_1,ok,5,4,0.9998819048743763,48336,48336,1.0,1.0
Mass-Training_P_00990_RIGHT_CC_1,ok,72,69,0.9997867966192036,1089932,1089932,1.0,1.0
Mass-Training_P_00988_LEFT_MLO_1,ok,5,4,0.9998552073637398,87880,87880,1.0,1.0
Mass-Training_P_00990_RIGHT_MLO_1,ok,40,39,0.9998454468321332,482973,482973,1.0,1.0
Mass-Training_P_00995_LEFT_MLO_1,ok,6,5,0.9998621089063857,122244,122244,1.0,1.0
Mass-Training_P_01000_RIGHT_MLO_1,ok,39,38,0.9998047720225293,566748,566748,1.0,1.0
Mass-Training_P_01000_RIGHT_CC_1,ok,25,24,0.9998481858205557,587480,587480,1.0,1.0
Mass-Training_P_01018_RIGHT_MLO_1,ok,5,4,0.9996258485221017,31878,31878,1.0,1.0
Mass-Training_P_01008_RIGHT_CC_1,ok,9,8,0.9998218639708748,139500,138756,1.0053619302949062,0.9946666666666667
Mass-Training_P_01032_RIGHT_CC_1,ok,20,19,0.9998016581379666,172172,172172,1.0,1.0
Mass-Training_P_01008_RIGHT_MLO_1,ok,24,23,0.9997753266539819,236845,236845,1.0,1.0
Mass-Training_P_01009_RIGHT_CC_1,ok,15,14,0.9997187165975959,77841,77841,1.0,1.0
Mass-Training_P_01009_RIGHT_MLO_1,ok,7,6,0.9998813197246618,76728,76728,1.0,1.0
Mass-Training_P_01031_LEFT_CC_1,ok,13,12,0.9999146076220232,362520,362520,1.0,1.0
Mass-Training_P_00999_LEFT_MLO_1,ok,24,23,0.9995544630511599,106386,106386,1.0,1.0
Mass-Training_P_01035_RIGHT_MLO_1,ok,5,4,0.9998963929961665,112560,112560,1.0,1.0
Mass-Training_P_01035_RIGHT_CC_1,ok,9,7,0.9993420078630061,91840,91840,1.0,1.0
Mass-Training_P_01034_RIGHT_MLO_1,ok,5,4,0.9997482376636455,23275,23275,1.0,1.0
Mass-Training_P_01036_RIGHT_MLO_1,ok,40,39,0.9997236390237955,381696,381696,1.0,1.0
Mass-Training_P_01039_RIGHT_CC_3,ok,4,2,0.9995658329400661,75816,75816,1.0,1.0
Mass-Training_P_01039_LEFT_CC_1,ok,9,8,0.9998235467111067,90565,90565,1.0,1.0
Mass-Training_P_01034_RIGHT_CC_1,ok,3,2,0.999877077392074,60480,60480,1.0,1.0
Mass-Training_P_01039_RIGHT_CC_2,ok,5,4,0.9998567198395262,64236,64236,1.0,1.0
Mass-Training_P_01039_RIGHT_CC_4,ok,13,12,0.9994041412185312,62440,62440,1.0,1.0
Mass-Training_P_01039_RIGHT_CC_1,ok,15,14,0.9994090416625628,44099,43888,1.0048076923076923,0.9952153110047847
Mass-Training_P_01048_RIGHT_CC_1,ok,23,22,0.9995309781375293,101277,101277,1.0,1.0
Mass-Training_P_01039_RIGHT_MLO_3,ok,4,3,0.999715693707354,19710,19575,1.006896551724138,0.9931506849315068
Mass-Training_P_01039_RIGHT_MLO_1,ok,14,13,0.999598116890573,84048,84048,1.0,1.0
Mass-Training_P_01047_LEFT_CC_1,ok,13,12,0.9994095592359696,50561,50561,1.0,1.0
Mass-Training_P_01039_RIGHT_MLO_5,ok,20,19,0.9994122168467695,80460,80460,1.0,1.0
Mass-Training_P_01047_LEFT_MLO_1,ok,3,2,0.999795584627964,16256,16256,1.0,1.0
Mass-Training_P_01039_RIGHT_MLO_2,ok,28,27,0.9994180595519059,105915,105915,1.0,1.0
Mass-Training_P_01039_RIGHT_MLO_4,ok,8,7,0.9997954068845584,63440,63440,1.0,1.0
Mass-Training_P_01039_RIGHT_MLO_6,ok,17,16,0.9994933729918776,101655,101655,1.0,1.0
Mass-Training_P_01039_RIGHT_CC_6,ok,16,15,0.9993467008392382,62244,62244,1.0,1.0
Mass-Training_P_01062_RIGHT_CC_1,ok,2,1,0.9999570188257543,68019,68019,1.0,1.0
Mass-Training_P_01048_RIGHT_MLO_1,ok,3,2,0.9999753055932831,125388,125388,1.0,1.0
Mass-Training_P_01052_LEFT_CC_1,ok,9,8,0.9997148966500357,66006,66006,1.0,1.0
Mass-Training_P_01051_RIGHT_CC_1,ok,2,1,0.9999767138599106,72930,72930,1.0,1.0
Mass-Training_P_01052_LEFT_MLO_1,ok,19,18,0.9998035736915474,250996,250996,1.0,1.0
Mass-Training_P_01062_RIGHT_MLO_1,ok,13,12,0.9996644998951563,69250,69000,1.0036231884057971,0.9963898916967509
Mass-Training_P_01057_RIGHT_CC_1,ok,7,6,0.9997952226652372,131580,131580,1.0,1.0
Mass-Training_P_01057_RIGHT_MLO_1,ok,13,12,0.9997197963853733,97800,97800,1.0,1.0
Mass-Training_P_01054_RIGHT_MLO_1,ok,5,3,0.9981254824126145,33216,32640,1.0176470588235293,0.9826589595375722
Mass-Training_P_01051_RIGHT_MLO_1,ok,12,11,0.9997641578962885,97933,97933,1.0,1.0
Mass-Training_P_01070_LEFT_CC_1,ok,10,9,0.999750270540248,63888,63646,1.0038022813688212,0.9962121212121212
Mass-Training_P_01079_RIGHT_CC_1,ok,14,13,0.9995360308661572,61383,61383,1.0,1.0
Mass-Training_P_01076_RIGHT_MLO_1,ok,15,14,0.9997975000460227,165165,165165,1.0,1.0
Mass-Training_P_01070_LEFT_MLO_1,ok,9,8,0.9995775891862831,35893,35893,1.0,1.0
Mass-Training_P_01079_RIGHT_MLO_1,ok,8,7,0.9998252702850279,64602,64602,1.0,1.0
Mass-Training_P_01071_LEFT_MLO_1,ok,16,15,0.9994300099748255,71630,71630,1.0,1.0
Mass-Training_P_01071_LEFT_CC_1,ok,10,9,0.999505027874746,59392,59392,1.0,1.0
Mass-Training_P_01077_LEFT_CC_1,ok,20,19,0.9994901367839938,96410,96410,1.0,1.0
Mass-Training_P_01076_RIGHT_CC_1,ok,7,6,0.9998879489047006,152019,151620,1.0026315789473683,0.9973753280839895
Mass-Training_P_01082_RIGHT_MLO_1,ok,3,2,0.9999813556319974,157304,157304,1.0,1.0
Mass-Training_P_01084_LEFT_CC_1,ok,14,13,0.9997376901746234,158202,157828,1.0023696682464456,0.9976359338061466
Mass-Training_P_01083_RIGHT_MLO_1,ok,14,13,0.9995707233311869,56650,56650,1.0,1.0
Mass-Training_P_01093_LEFT_CC_1,ok,2,1,0.9998929404963278,65786,65786,1.0,1.0
Mass-Training_P_01097_LEFT_CC_1,ok,16,15,0.9996623842777689,77441,77441,1.0,1.0
Mass-Training_P_01084_LEFT_MLO_1,ok,15,14,0.9997830907162827,118818,118818,1.0,1.0
Mass-Training_P_01093_LEFT_MLO_1,ok,6,5,0.9997618686814019,71680,71680,1.0,1.0
Mass-Training_P_01086_LEFT_MLO_1,ok,15,14,0.9995629595351946,62230,62230,1.0,1.0
Mass-Training_P_01088_LEFT_MLO_1,ok,6,5,0.9999007591921798,103454,103454,1.0,1.0
Mass-Training_P_01097_LEFT_MLO_1,ok,11,10,0.9996351221037817,62451,62451,1.0,1.0
Mass-Training_P_01088_LEFT_CC_1,ok,8,7,0.999849070272881,103500,103500,1.0,1.0
Mass-Training_P_01103_RIGHT_CC_1,ok,19,18,0.9996069553186806,102030,102030,1.0,1.0
Mass-Training_P_01112_LEFT_MLO_1,ok,17,16,0.9994856722997796,63945,63700,1.0038461538461538,0.9961685823754789
Mass-Training_P_01112_LEFT_CC_1,ok,23,22,0.9995978687041319,112896,112560,1.0029850746268656,0.9970238095238095
Mass-Training_P_01109_LEFT_MLO_1,ok,2,1,0.9999758681435362,62238,62238,1.0,1.0
Mass-Training_P_01104_LEFT_MLO_1,ok,16,15,0.999653058864346,89375,89375,1.0,1.0
Mass-Training_P_01103_RIGHT_MLO_2,ok,14,13,0.999717613836922,87702,87702,1.0,1.0
Mass-Training_P_01103_RIGHT_CC_2,ok,9,8,0.9998280309544282,71815,71815,1.0,1.0
Mass-Training_P_01103_RIGHT_MLO_1,ok,10,9,0.9998120621903297,87615,87615,1.0,1.0
Mass-Training_P_01103_RIGHT_CC_3,ok,24,23,0.9996009467195068,105840,105840,1.0,1.0
Mass-Training_P_01103_RIGHT_MLO_3,ok,13,12,0.999582700428984,98592,98592,1.0,1.0
Mass-Training_P_01118_RIGHT_CC_1,ok,8,7,0.9996700486678215,60756,60756,1.0,1.0
Mass-Training_P_01115_RIGHT_MLO_1,ok,14,13,0.9998123338372518,162184,162184,1.0,1.0
Mass-Training_P_01115_RIGHT_CC_1,ok,10,9,0.9996352435762341,84010,83080,1.0111940298507462,0.988929889298893
Mass-Training_P_01120_LEFT_CC_1,ok,15,14,0.999852139540844,163885,163885,1.0,1.0
Mass-Training_P_01124_RIGHT_CC_1,ok,1,0,1.0,40803,40803,1.0,1.0
Mass-Training_P_01123_LEFT_MLO_1,ok,10,9,0.9998463966039686,102399,102399,1.0,1.0
Mass-Training_P_01118_RIGHT_MLO_1,ok,13,12,0.999575538913986,62100,61548,1.0089686098654709,0.9911111111111112
Mass-Training_P_01123_LEFT_CC_1,ok,12,11,0.9996771416272062,68900,68900,1.0,1.0
Mass-Training_P_01120_LEFT_MLO_1,ok,13,12,0.9998801610635306,193551,193551,1.0,1.0
Mass-Training_P_01134_RIGHT_MLO_1,ok,11,10,0.9998035955115028,121028,121028,1.0,1.0
Mass-Training_P_01124_RIGHT_MLO_1,ok,13,12,0.9996579296190191,69310,69310,1.0,1.0
Mass-Training_P_01133_RIGHT_CC_1,ok,17,16,0.9997608769523139,120714,120032,1.0056818181818181,0.9943502824858758
Mass-Training_P_01131_LEFT_CC_1,ok,10,9,0.9999024271252592,163400,163400,1.0,1.0
Mass-Training_P_01130_RIGHT_MLO_1,ok,5,4,0.9999330108924289,105600,105600,1.0,1.0
Mass-Training_P_01134_RIGHT_CC_1,ok,14,13,0.9997507542962089,123903,123903,1.0,1.0
Mass-Training_P_01131_LEFT_MLO_1,ok,17,16,0.9996924141643277,160314,160314,1.0,1.0
Mass-Training_P_01138_RIGHT_CC_1,ok,1,0,1.0,519750,519750,1.0,1.0
Mass-Training_P_01138_RIGHT_MLO_1,ok,1,0,1.0,522315,522315,1.0,1.0
Mass-Training_P_01142_RIGHT_CC_1,ok,21,20,0.9994190999922546,80955,80955,1.0,1.0
Mass-Training_P_01130_RIGHT_CC_1,ok,19,18,0.999752781211372,151620,151620,1.0,1.0
Mass-Training_P_01142_RIGHT_MLO_1,ok,15,14,0.9998172959805116,151455,151455,1.0,1.0
Mass-Training_P_01144_LEFT_CC_1,ok,18,17,0.9996005289547634,116566,116566,1.0,1.0
Mass-Training_P_01146_LEFT_CC_1,ok,6,5,0.9997042586750788,42021,42021,1.0,1.0
Mass-Training_P_01150_LEFT_CC_1,ok,12,11,0.9996732026143791,49203,49203,1.0,1.0
Mass-Training_P_01144_LEFT_MLO_1,ok,15,14,0.9996803631075099,97968,97968,1.0,1.0
Mass-Training_P_01149_RIGHT_CC_1,ok,11,10,0.9997344758916179,128188,128188,1.0,1.0
Mass-Training_P_01150_LEFT_MLO_1,ok,9,8,0.9995685750032357,35875,35875,1.0,1.0
Mass-Training_P_01149_RIGHT_MLO_1,ok,5,4,0.9999277178103315,130680,130680,1.0,1.0
Mass-Training_P_01151_RIGHT_CC_1,ok,3,2,0.9999329736251215,85484,85484,1.0,1.0
Mass-Training_P_01155_RIGHT_MLO_1,ok,17,16,0.999372226431432,78995,78995,1.0,1.0
Mass-Training_P_01151_RIGHT_MLO_1,ok,9,8,0.9997386428435658,65500,65500,1.0,1.0
Mass-Training_P_01155_RIGHT_CC_1,ok,21,20,0.9996971907560597,121644,121644,1.0,1.0
Mass-Training_P_01152_RIGHT_MLO_1,ok,9,8,0.9998550491222419,96237,96237,1.0,1.0
Mass-Training_P_01152_RIGHT_MLO_3,ok,13,12,0.999616942103535,57664,57664,1.0,1.0
Mass-Training_P_01158_RIGHT_CC_1,ok,19,18,0.9997801612151089,229671,229671,1.0,1.0
Mass-Training_P_01158_RIGHT_MLO_1,ok,11,10,0.9998256867940315,178690,178690,1.0,1.0
Mass-Training_P_01153_RIGHT_CC_1,ok,7,6,0.9998311177591739,68388,68388,1.0,1.0
Mass-Training_P_01152_RIGHT_CC_3,ok,13,12,0.9993005129571647,51012,51012,1.0,1.0
Mass-Training_P_01152_RIGHT_CC_1,ok,7,6,0.9998857360502761,109999,109305,1.0063492063492063,0.9936908517350158
Mass-Training_P_01164_RIGHT_CC_1,ok,15,14,0.999645390070922,98890,98890,1.0,1.0
Mass-Training_P_01163_LEFT_CC_1,ok,11,10,0.9997916263562892,96600,96600,1.0,1.0
Mass-Training_P_01163_LEFT_MLO_1,ok,5,4,0.9999171035997761,67518,67518,1.0,1.0
Mass-Training_P_01164_RIGHT_MLO_1,ok,15,14,0.9997187018832169,115320,115320,1.0,1.0
Mass-Training_P_01165_LEFT_CC_1,ok,25,23,0.9998892969706442,816080,816080,1.0,1.0
Mass-Training_P_01165_LEFT_MLO_1,ok,39,38,0.9998626528996397,553158,552447,1.0012870012870012,0.9987146529562982
Mass-Training_P_01162_LEFT_CC_1,ok,5,4,0.9999143701208808,101062,101062,1.0,1.0
Mass-Training_P_01162_LEFT_MLO_1,ok,10,9,0.9998632351112768,137385,137385,1.0,1.0
Mass-Training_P_01165_RIGHT_CC_1,ok,11,10,0.9998510953252692,185437,185437,1.0,1.0
Mass-Training_P_01175_RIGHT_CC_1,ok,14,13,0.999601668306856,72360,72360,1.0,1.0
Mass-Training_P_01175_LEFT_MLO_1,ok,22,21,0.9991791822880848,84168,84168,1.0,1.0
Mass-Training_P_01175_RIGHT_MLO_1,ok,5,4,0.999829152310715,65619,65619,1.0,1.0
Mass-Training_P_01178_RIGHT_CC_1,ok,3,2,0.9997859458137117,60000,60000,1.0,1.0
Mass-Training_P_01178_RIGHT_MLO_1,ok,6,5,0.9998063066553033,86264,86264,1.0,1.0
Mass-Training_P_01179_LEFT_CC_1,ok,4,3,0.9999490385268737,86700,86700,1.0,1.0
Mass-Training_P_01171_LEFT_CC_1,ok,17,16,0.9996856087400771,159580,159580,1.0,1.0
Mass-Training_P_01173_RIGHT_CC_1,ok,30,29,0.9995592072783694,202505,200194,1.0115438025115637,0.9885879361003432
Mass-Training_P_01173_RIGHT_MLO_1,ok,3,2,0.9999761518649242,149876,149876,1.0,1.0
Mass-Training_P_01171_LEFT_MLO_1,ok,14,13,0.9996640316205534,78780,78780,1.0,1.0
Mass-Training_P_01181_LEFT_CC_1,ok,5,4,0.9999452969010695,104972,104972,1.0,1.0
Mass-Training_P_01179_LEFT_MLO_1,ok,8,7,0.9996687644915535,59250,59250,1.0,1.0
Mass-Training_P_01182_LEFT_CC_1,ok,8,7,0.9996685082872928,82404,82077,1.00398406374502,0.996031746031746
Mass-Training_P_01181_LEFT_MLO_1,ok,11,10,0.9998002980168057,105717,105717,1.0,1.0
Mass-Training_P_01189_LEFT_CC_1,ok,6,5,0.9999681912342994,325977,325977,1.0,1.0
Mass-Training_P_01182_LEFT_MLO_1,ok,7,6,0.9997813782884349,69500,69500,1.0,1.0
Mass-Training_P_01185_RIGHT_CC_1,ok,1,0,1.0,67071,67071,1.0,1.0
Mass-Training_P_01185_RIGHT_MLO_1,ok,28,27,0.9998229714246375,307318,307318,1.0,1.0
Mass-Training_P_01190_LEFT_CC_1,ok,28,27,0.9997236524420398,231240,231240,1.0,1.0
Mass-Training_P_01201_LEFT_MLO_1,ok,1,0,1.0,273462,273462,1.0,1.0
Mass-Training_P_01194_LEFT_MLO_1,ok,24,23,0.9996301556305107,94526,93922,1.0064308681672025,0.9936102236421726
Mass-Training_P_01201_LEFT_CC_1,ok,9,8,0.99989409329418,154368,154368,1.0,1.0
Mass-Training_P_01189_LEFT_MLO_1,ok,26,25,0.9999160984241758,560768,560768,1.0,1.0
Mass-Training_P_01203_RIGHT_MLO_1,ok,18,16,0.9992069785884219,95285,95285,1.0,1.0
Mass-Training_P_01190_LEFT_MLO_1,ok,22,21,0.9997512526207313,195264,195264,1.0,1.0
Mass-Training_P_01206_RIGHT_MLO_1,ok,9,7,0.9996335504885994,125780,125118,1.0052910052910053,0.9947368421052631
Mass-Training_P_01207_RIGHT_MLO_1,ok,9,8,0.9999200442831663,297495,297495,1.0,1.0
Mass-Training_P_01206_RIGHT_CC_1,ok,10,8,0.9997119915210304,146880,146880,1.0,1.0
Mass-Training_P_01203_RIGHT_CC_1,ok,9,8,0.9997038694393261,101480,101480,1.0,1.0
Mass-Training_P_01209_LEFT_CC_1,ok,13,12,0.9995049627484468,59670,59670,1.0,1.0
Mass-Training_P_01221_LEFT_CC_1,ok,6,5,0.999949839905699,181467,181467,1.0,1.0
Mass-Training_P_01215_RIGHT_CC_1,ok,16,15,0.9996856608979621,90144,90144,1.0,1.0
Mass-Training_P_01215_RIGHT_MLO_1,ok,8,7,0.9997513168901047,73602,73602,1.0,1.0
Mass-Training_P_01218_RIGHT_MLO_2,ok,16,15,0.9998464062554543,232670,232670,1.0,1.0
Mass-Training_P_01212_RIGHT_CC_1,ok,13,12,0.9997011037810372,70990,70990,1.0,1.0
Mass-Training_P_01212_RIGHT_MLO_1,ok,15,14,0.9997415161921642,78385,77871,1.0066006600660067,0.9934426229508196
Mass-Training_P_01216_RIGHT_CC_1,ok,8,7,0.9997560720632819,46000,45600,1.0087719298245614,0.991304347826087
Mass-Training_P_01218_RIGHT_CC_2,ok,21,20,0.999796541200407,234710,234710,1.0,1.0
Mass-Training_P_01216_RIGHT_MLO_1,ok,15,14,0.9988592722156736,39025,38850,1.0045045045045045,0.9955156950672646
Mass-Training_P_01221_LEFT_MLO_1,ok,61,59,0.9997041320078447,861956,861956,1.0,1.0
Mass-Training_P_01226_LEFT_MLO_1,ok,11,10,0.9992006394884093,30855,30668,1.0060975609756098,0.9939393939393939
Mass-Training_P_01222_LEFT_MLO_1,ok,1,0,1.0,78396,78396,1.0,1.0
Mass-Training_P_01231_LEFT_MLO_1,ok,14,13,0.9998866413971448,208320,208320,1.0,1.0
Mass-Training_P_01232_RIGHT_CC_1,ok,22,21,0.9996222464464184,137016,137016,1.0,1.0
Mass-Training_P_01232_RIGHT_MLO_1,ok,16,15,0.9995027461971385,83520,83520,1.0,1.0
Mass-Training_P_01230_LEFT_MLO_1,ok,8,7,0.9995468962392388,50358,50358,1.0,1.0
Mass-Training_P_01231_LEFT_CC_1,ok,8,7,0.9998293224099676,195615,195615,1.0,1.0
Mass-Training_P_01225_RIGHT_MLO_1,ok,1,0,1.0,305786,305786,1.0,1.0
Mass-Training_P_01225_RIGHT_CC_1,ok,1,0,1.0,279614,279614,1.0,1.0
Mass-Training_P_01239_RIGHT_CC_1,ok,7,5,0.9997114691031498,87904,87904,1.0,1.0
Mass-Training_P_01241_RIGHT_MLO_1,ok,5,4,0.9998557882972203,44505,44290,1.0048543689320388,0.9951690821256038
Mass-Training_P_01237_RIGHT_MLO_1,ok,1,0,1.0,18602,18602,1.0,1.0
Mass-Training_P_01233_LEFT_CC_1,ok,17,16,0.9994470127629455,72210,71920,1.0040322580645162,0.9959839357429718
Mass-Training_P_01238_RIGHT_CC_1,ok,14,13,0.9996891562145443,101003,100674,1.0032679738562091,0.996742671009772
Mass-Training_P_01238_RIGHT_MLO_1,ok,8,7,0.9998331247392575,107400,107400,1.0,1.0
Mass-Training_P_01233_LEFT_MLO_1,ok,18,17,0.9995530541301109,104025,104025,1.0,1.0
Mass-Training_P_01243_LEFT_CC_1,ok,6,4,0.9995895675534495,94554,94554,1.0,1.0
Mass-Training_P_01241_RIGHT_CC_1,ok,10,9,0.9994486963289662,46842,46842,1.0,1.0
Mass-Training_P_01243_LEFT_MLO_1,ok,5,3,0.9997094116440464,98890,98890,1.0,1.0
Mass-Training_P_01248_LEFT_CC_1,ok,10,9,0.9998417777152702,87465,86779,1.007905138339921,0.9921568627450981
Mass-Training_P_01248_LEFT_MLO_1,ok,11,10,0.999831420605589,113230,113230,1.0,1.0
Mass-Training_P_01260_LEFT_MLO_1,ok,10,9,0.9998427045143804,141764,141764,1.0,1.0
Mass-Training_P_01261_LEFT_MLO_1,ok,16,15,0.9996924926268118,106260,106260,1.0,1.0
Mass-Training_P_01261_LEFT_CC_1,ok,10,9,0.9998321161756065,99029,99029,1.0,1.0
Mass-Training_P_01250_RIGHT_CC_1,ok,33,32,0.999703946332399,273980,273980,1.0,1.0
Mass-Training_P_01250_RIGHT_MLO_1,ok,26,24,0.9996989576408314,235926,235926,1.0,1.0
Mass-Training_P_01262_RIGHT_CC_1,ok,11,10,0.9998396825714916,162707,162707,1.0,1.0
Mass-Training_P_01258_LEFT_CC_1,ok,3,2,0.9997589635432359,56134,56134,1.0,1.0
Mass-Training_P_01262_RIGHT_CC_2,ok,2,1,0.9999925907265533,224409,224409,1.0,1.0
Mass-Training_P_01267_RIGHT_MLO_1,ok,7,6,0.9994560783247213,27132,26928,1.0075757575757576,0.9924812030075187
Mass-Training_P_01268_RIGHT_MLO_1,ok,11,10,0.9998547125950972,118180,117800,1.0032258064516129,0.9967845659163987
Mass-Training_P_01268_RIGHT_CC_1,ok,23,22,0.9997126623226154,152380,152380,1.0,1.0
Mass-Training_P_01265_RIGHT_MLO_1,ok,1,0,1.0,50233,50233,1.0,1.0
Mass-Training_P_01262_RIGHT_MLO_1,ok,25,24,0.9997568446541284,436356,435240,1.0025641025641026,0.9974424552429667
Mass-Training_P_01264_LEFT_MLO_1,ok,3,2,0.9999316986544635,85556,85556,1.0,1.0
Mass-Training_P_01270_LEFT_MLO_1,ok,11,10,0.9995784357486485,70308,69984,1.0046296296296295,0.9953917050691244
Mass-Training_P_01265_RIGHT_CC_1,ok,4,3,0.9998562268165742,51414,51205,1.0040816326530613,0.9959349593495935
Mass-Training_P_01270_LEFT_CC_1,ok,13,12,0.9996610935381834,79552,79552,1.0,1.0
Mass-Training_P_01273_RIGHT_CC_1,ok,5,4,0.9998807660779492,103320,103320,1.0,1.0
Mass-Training_P_01270_RIGHT_MLO_1,ok,4,3,0.9999916413119797,647112,647112,1.0,1.0
Mass-Training_P_01270_RIGHT_MLO_2,ok,1,0,1.0,826112,826112,1.0,1.0
Mass-Training_P_01273_RIGHT_CC_3,ok,6,5,0.9995481417328764,44080,43700,1.008695652173913,0.9913793103448276
Mass-Training_P_01273_RIGHT_MLO_1,ok,13,12,0.9992176039119804,49115,49115,1.0,1.0
Mass-Training_P_01271_RIGHT_MLO_1,ok,13,12,0.9996584748054018,109886,109886,1.0,1.0
Mass-Training_P_01273_RIGHT_CC_2,ok,10,9,0.9995173911544692,47488,47488,1.0,1.0
Mass-Training_P_01270_RIGHT_CC_1,ok,23,22,0.9999574501615318,879520,879520,1.0,1.0
Mass-Training_P_01271_RIGHT_CC_1,ok,21,19,0.9997062840526927,201334,201334,1.0,1.0
Mass-Training_P_01273_RIGHT_MLO_2,ok,14,13,0.9993318553163058,51240,51240,1.0,1.0
Mass-Training_P_01274_RIGHT_MLO_1,ok,3,2,0.9996404817544491,27058,27058,1.0,1.0
Mass-Training_P_01280_RIGHT_CC_1,ok,8,7,0.9993974088580898,37994,37994,1.0,1.0
Mass-Training_P_01279_LEFT_CC_1,ok,14,13,0.9998556779339157,218120,218120,1.0,1.0
Mass-Training_P_01281_RIGHT_MLO_1,ok,2,1,0.9999567548866978,47025,47025,1.0,1.0
Mass-Training_P_01273_RIGHT_MLO_3,ok,12,11,0.9997276045544519,92996,92996,1.0,1.0
Mass-Training_P_01280_RIGHT_MLO_1,ok,14,13,0.9992918682875015,42525,42300,1.0053191489361701,0.9947089947089947
Mass-Training_P_01283_RIGHT_MLO_1,ok,9,8,0.9998329602779541,97384,97384,1.0,1.0
Mass-Training_P_01285_RIGHT_MLO_1,ok,8,7,0.9998518255097203,103008,103008,1.0,1.0
Mass-Training_P_01285_RIGHT_CC_1,ok,9,8,0.999791528475315,86052,86052,1.0,1.0
Mass-Training_P_01301_RIGHT_CC_1,ok,8,7,0.999802453960798,75522,75522,1.0,1.0
Mass-Training_P_01297_LEFT_CC_1,ok,19,18,0.9997349982509884,147447,147447,1.0,1.0
Mass-Training_P_01297_LEFT_MLO_1,ok,10,9,0.9998285044636477,154011,153652,1.0023364485981308,0.9976689976689976
Mass-Training_P_01301_RIGHT_MLO_1,ok,17,16,0.9995294318959617,77000,77000,1.0,1.0
Mass-Training_P_01290_RIGHT_CC_1,ok,7,6,0.9998787454192714,107952,107952,1.0,1.0
Mass-Training_P_01302_RIGHT_CC_1,ok,5,4,0.9998962246528714,86548,86267,1.003257328990228,0.9967532467532467
Mass-Training_P_01302_RIGHT_MLO_1,ok,14,13,0.9997505695328999,98560,98560,1.0,1.0
Mass-Training_P_01304_RIGHT_CC_1,ok,9,8,0.9998541795778498,103152,103152,1.0,1.0
Mass-Training_P_01299_LEFT_MLO_1,ok,14,13,0.9997627215834379,152866,152439,1.0028011204481793,0.9972067039106145
Mass-Training_P_01304_RIGHT_MLO_1,ok,12,11,0.9997534473345896,82228,82228,1.0,1.0
Mass-Training_P_01305_LEFT_CC_1,ok,7,6,0.9996667142789125,36091,36091,1.0,1.0
Mass-Training_P_01312_LEFT_CC_1,ok,15,14,0.9997089257906303,101757,101757,1.0,1.0
Mass-Training_P_01305_LEFT_MLO_1,ok,7,6,0.9996771381525845,53352,53352,1.0,1.0
Mass-Training_P_01317_RIGHT_MLO_1,ok,9,7,0.9995333304166485,112302,112302,1.0,1.0
Mass-Training_P_01326_LEFT_MLO_1,ok,40,39,0.9997714343762698,383712,383712,1.0,1.0
Mass-Training_P_01324_LEFT_MLO_1,ok,21,20,0.999825201891815,322623,322623,1.0,1.0
Mass-Training_P_01326_LEFT_CC_1,ok,24,23,0.9997621265883005,222310,222310,1.0,1.0
Mass-Training_P_01324_LEFT_CC_1,ok,16,15,0.9998302171098707,229117,229117,1.0,1.0
Mass-Training_P_01325_RIGHT_MLO_1,ok,14,13,0.9996949147841522,113344,113344,1.0,1.0
Mass-Training_P_01327_LEFT_MLO_1,ok,9,8,0.999798682810388,104625,104625,1.0,1.0
Mass-Training_P_01328_LEFT_CC_1,ok,15,14,0.9996656189393432,89780,89780,1.0,1.0
Mass-Training_P_01343_LEFT_CC_1,ok,28,27,0.9997030677344917,181800,181800,1.0,1.0
Mass-Training_P_01332_RIGHT_MLO_1,ok,10,9,0.999400507263085,34595,34595,1.0,1.0
Mass-Training_P_01328_LEFT_MLO_1,ok,17,15,0.9995918633885134,111930,111930,1.0,1.0
Mass-Training_P_01343_LEFT_CC_2,ok,19,18,0.9997860230239226,160657,160657,1.0,1.0
Mass-Training_P_01330_RIGHT_MLO_1,ok,24,23,0.9996616951970384,158283,158283,1.0,1.0
Mass-Training_P_01343_LEFT_MLO_1,ok,15,14,0.9997861904162998,117274,117274,1.0,1.0
Mass-Training_P_01343_LEFT_MLO_2,ok,15,14,0.9997912277705023,171371,171371,1.0,1.0
Mass-Training_P_01332_RIGHT_CC_1,ok,9,8,0.9993633522398426,27880,27880,1.0,1.0
Mass-Training_P_01340_LEFT_CC_1,ok,9,8,0.9996034263959391,41710,41710,1.0,1.0
Mass-Training_P_01349_LEFT_MLO_1,ok,20,18,0.9989376343047541,62194,62194,1.0,1.0
Mass-Training_P_01354_RIGHT_MLO_1,ok,10,9,0.9997379829450717,70422,70422,1.0,1.0
Mass-Training_P_01357_LEFT_MLO_1,ok,19,18,0.9994415807560137,81469,81469,1.0,1.0
Mass-Training_P_01350_RIGHT_MLO_1,ok,16,15,0.9997234470785257,94815,94815,1.0,1.0
Mass-Training_P_01350_RIGHT_CC_1,ok,4,3,0.9999148229381828,62965,62965,1.0,1.0
Mass-Training_P_01356_LEFT_CC_1,ok,28,27,0.999838548225645,403225,403225,1.0,1.0
Mass-Training_P_01360_LEFT_CC_1,ok,14,13,0.9997285973572168,104247,104247,1.0,1.0
Mass-Training_P_01355_LEFT_MLO_1,ok,6,5,0.9998815820636299,123342,123342,1.0,1.0
Mass-Training_P_01356_LEFT_MLO_1,ok,20,19,0.999868644459472,300300,300300,1.0,1.0
Mass-Training_P_01363_RIGHT_CC_1,ok,21,20,0.9996420409174767,115204,114163,1.0091185410334347,0.9909638554216867
Mass-Training_P_01363_RIGHT_MLO_1,ok,7,6,0.9998491846545386,87904,87904,1.0,1.0
Mass-Training_P_01371_RIGHT_CC_1,ok,19,17,0.9997093172374878,183261,183261,1.0,1.0
Mass-Training_P_01362_LEFT_MLO_1,ok,12,11,0.9998268822943867,103986,103986,1.0,1.0
Mass-Training_P_01364_LEFT_CC_1,ok,13,12,0.9999186871150896,421596,421596,1.0,1.0
Mass-Training_P_01364_LEFT_MLO_1,ok,17,16,0.99988069802501,264741,264741,1.0,1.0
Mass-Training_P_01367_LEFT_MLO_1,ok,17,16,0.9997081144191476,135036,135036,1.0,1.0
Mass-Training_P_01371_RIGHT_MLO_1,ok,16,15,0.9996203793043451,90804,90804,1.0,1.0
Mass-Training_P_01360_LEFT_MLO_1,ok,15,14,0.9996548833998915,89951,89951,1.0,1.0
Mass-Training_P_01382_LEFT_MLO_1,ok,13,12,0.9996577139858065,70081,70081,1.0,1.0
Mass-Training_P_01373_RIGHT_MLO_1,ok,7,6,0.9997904113177888,55692,55692,1.0,1.0
Mass-Training_P_01379_LEFT_CC_1,ok,9,7,0.999326259053394,57722,57722,1.0,1.0
Mass-Training_P_01373_RIGHT_CC_1,ok,16,15,0.9994973927247597,75525,75240,1.003787878787879,0.9962264150943396
Mass-Training_P_01379_LEFT_MLO_1,ok,4,3,0.9999190480045334,96205,95140,1.0111940298507462,0.988929889298893
Mass-Training_P_01374_RIGHT_MLO_1,ok,17,16,0.9997097041747305,114511,114511,1.0,1.0
Mass-Training_P_01382_LEFT_CC_1,ok,8,7,0.999697435768135,68563,68563,1.0,1.0
Mass-Training_P_01383_LEFT_CC_1,ok,10,9,0.9997645911452641,86250,86250,1.0,1.0
Mass-Training_P_01374_RIGHT_CC_1,ok,7,5,0.9997177533163986,152764,152764,1.0,1.0
Mass-Training_P_01383_LEFT_MLO_1,ok,14,13,0.9998517894474086,203810,203810,1.0,1.0
Mass-Training_P_01389_RIGHT_CC_1,ok,15,14,0.9994652406417113,53212,53212,1.0,1.0
Mass-Training_P_01388_LEFT_MLO_1,ok,10,9,0.9996450664232837,67596,67338,1.003831417624521,0.9961832061068703
Mass-Training_P_01391_LEFT_CC_1,ok,15,14,0.99988166458484,260977,260977,1.0,1.0
Mass-Training_P_01388_LEFT_CC_1,ok,5,4,0.9999437325043256,111618,111618,1.0,1.0
Mass-Training_P_01389_RIGHT_MLO_1,ok,15,14,0.9995720570362382,82288,82288,1.0,1.0
Mass-Training_P_01386_LEFT_CC_1,ok,20,19,0.9997105332804023,189658,189658,1.0,1.0
Mass-Training_P_01394_LEFT_CC_2,ok,11,10,0.9998909517188735,175682,175682,1.0,1.0
Mass-Training_P_01394_LEFT_MLO_1,ok,8,7,0.9999025844349411,146464,146464,1.0,1.0
Mass-Training_P_01394_LEFT_CC_1,ok,6,5,0.9999335697144328,186048,186048,1.0,1.0
Mass-Training_P_01398_LEFT_CC_1,ok,5,4,0.9998021564942131,62118,62118,1.0,1.0
Mass-Training_P_01405_RIGHT_MLO_1,ok,17,16,0.9996090259159964,83840,83840,1.0,1.0
Mass-Training_P_01406_LEFT_MLO_1,ok,44,43,0.9996953448696076,312800,312256,1.0017421602787457,0.9982608695652174
Mass-Training_P_01398_LEFT_MLO_1,ok,21,20,0.9993580729962707,110080,110080,1.0,1.0
Mass-Training_P_01394_LEFT_MLO_2,ok,11,10,0.9998196761763757,179751,179751,1.0,1.0
Mass-Training_P_01394_RIGHT_MLO_1,ok,11,10,0.9999023376188516,221559,221559,1.0,1.0
Mass-Training_P_01394_RIGHT_CC_1,ok,8,7,0.9998900549725137,161146,161146,1.0,1.0
Mass-Training_P_01411_RIGHT_MLO_1,ok,4,3,0.9998246344724786,71280,71280,1.0,1.0
Mass-Training_P_01402_RIGHT_MLO_1,ok,1,0,1.0,68643,68643,1.0,1.0
Mass-Training_P_01405_RIGHT_CC_1,ok,10,9,0.9998300974622739,91648,91648,1.0,1.0
Mass-Training_P_01412_LEFT_MLO_1,ok,18,17,0.9994732799297706,73308,72414,1.0123456790123457,0.9878048780487805
Mass-Training_P_01418_RIGHT_MLO_1,ok,31,29,0.9994235451296345,233240,233240,1.0,1.0
Mass-Training_P_01426_RIGHT_CC_1,ok,10,9,0.9997446373850868,71786,71786,1.0,1.0
Mass-Training_P_01423_RIGHT_CC_1,ok,6,5,0.9997408767004966,36456,36288,1.0046296296296295,0.9953917050691244
Mass-Training_P_01413_RIGHT_CC_1,ok,9,8,0.9998286020353508,174382,174382,1.0,1.0
Mass-Training_P_01417_RIGHT_MLO_1,ok,32,31,0.9997757565481823,332262,332262,1.0,1.0
Mass-Training_P_01412_LEFT_CC_1,ok,14,13,0.9992457646785797,54924,54725,1.0036363636363637,0.9963768115942029
Mass-Training_P_01418_RIGHT_CC_1,ok,4,3,0.9998292084588393,94200,94200,1.0,1.0
Mass-Training_P_01413_RIGHT_MLO_1,ok,13,11,0.999825760806269,309821,309821,1.0,1.0
Mass-Training_P_01423_RIGHT_MLO_1,ok,1,0,1.0,33840,33840,1.0,1.0
Mass-Training_P_01426_RIGHT_MLO_1,ok,16,15,0.9996583214263527,94500,94500,1.0,1.0
Mass-Training_P_01431_LEFT_MLO_1,ok,3,2,0.9997509029767094,23940,23940,1.0,1.0
Mass-Training_P_01430_RIGHT_MLO_1,ok,8,7,0.9999087408056362,161976,161976,1.0,1.0
Mass-Training_P_01434_LEFT_MLO_1,ok,14,13,0.9998950032024023,278114,278114,1.0,1.0
Mass-Training_P_01427_LEFT_MLO_1,ok,17,16,0.9997714845343998,195465,195465,1.0,1.0
Mass-Training_P_01433_LEFT_CC_1,ok,14,13,0.9998214425212316,146832,146832,1.0,1.0
Mass-Training_P_01434_LEFT_CC_1,ok,11,10,0.9999190183113889,302080,302080,1.0,1.0
Mass-Training_P_01433_LEFT_MLO_1,ok,19,18,0.9998296781728523,184800,184800,1.0,1.0
Mass-Training_P_01444_RIGHT_MLO_1,ok,5,4,0.9996547557396859,67518,67518,1.0,1.0
Mass-Training_P_01445_RIGHT_CC_1,ok,1,0,1.0,38934,38934,1.0,1.0
Mass-Training_P_01441_RIGHT_CC_1,ok,9,8,0.9997493106041614,59212,59212,1.0,1.0
Mass-Training_P_01439_LEFT_CC_1,ok,8,7,0.9998352519615313,68906,68906,1.0,1.0
Mass-Training_P_01441_RIGHT_MLO_1,ok,4,3,0.9998956086018512,38064,38064,1.0,1.0
Mass-Training_P_01442_RIGHT_CC_1,ok,13,12,0.99986651881058,145161,145161,1.0,1.0
Mass-Training_P_01445_RIGHT_MLO_1,ok,2,1,0.9999356126456764,52341,52341,1.0,1.0
Mass-Training_P_01438_LEFT_MLO_1,ok,11,10,0.9997909614425009,237650,237650,1.0,1.0
Mass-Training_P_01461_RIGHT_MLO_1,ok,25,24,0.9993456705199403,120750,120750,1.0,1.0
Mass-Training_P_01452_RIGHT_CC_1,ok,3,1,0.9991897093082143,28220,28220,1.0,1.0
Mass-Training_P_01461_RIGHT_CC_1,ok,7,6,0.999836512946917,123120,123120,1.0,1.0
Mass-Training_P_01447_RIGHT_MLO_1,ok,12,11,0.9999251548718421,252520,252520,1.0,1.0
Mass-Training_P_01439_LEFT_MLO_1,ok,7,6,0.9997297401644725,48364,48364,1.0,1.0
Mass-Training_P_01453_LEFT_MLO_1,ok,6,5,0.9999193184018589,82503,82503,1.0,1.0
Mass-Training_P_01442_RIGHT_MLO_1,ok,11,10,0.9998278533310381,152852,152852,1.0,1.0
Mass-Training_P_01447_RIGHT_CC_1,ok,19,18,0.999840021025808,244989,244989,1.0,1.0
Mass-Training_P_01454_LEFT_MLO_1,ok,17,16,0.9997395278350028,138088,138088,1.0,1.0
Mass-Training_P_01474_RIGHT_CC_1,ok,6,5,0.9999108677659643,115200,115200,1.0,1.0
Mass-Training_P_01481_RIGHT_CC_1,ok,5,4,0.999901277469544,93148,93148,1.0,1.0
Mass-Training_P_01474_RIGHT_MLO_1,ok,6,5,0.9999695311452633,245430,245430,1.0,1.0
Mass-Training_P_01482_RIGHT_CC_1,ok,17,16,0.9997084264748761,120510,120510,1.0,1.0
Mass-Training_P_01473_RIGHT_MLO_1,ok,13,12,0.9997301809474022,94248,94248,1.0,1.0
Mass-Training_P_01482_RIGHT_MLO_1,ok,37,36,0.9996713885009447,264231,264231,1.0,1.0
Mass-Training_P_01475_LEFT_MLO_1,ok,17,16,0.9995969617113626,101908,101908,1.0,1.0
Mass-Training_P_01475_LEFT_CC_1,ok,15,14,0.9996965979395043,116480,116480,1.0,1.0
Mass-Training_P_01481_RIGHT_MLO_1,ok,14,13,0.9997718020337003,203625,203625,1.0,1.0
Mass-Training_P_01494_LEFT_CC_2,ok,16,15,0.999848413648835,295390,294845,1.0018484288354899,0.9981549815498155
Mass-Training_P_01484_RIGHT_MLO_1,ok,7,6,0.9999005469915465,92961,92961,1.0,1.0
Mass-Training_P_01486_RIGHT_CC_1,ok,4,3,0.9998368234974164,111072,111072,1.0,1.0
Mass-Training_P_01494_LEFT_MLO_1,ok,21,20,0.9996254067848196,142484,142484,1.0,1.0
Mass-Training_P_01486_RIGHT_MLO_1,ok,1,0,1.0,208282,208282,1.0,1.0
Mass-Training_P_01494_LEFT_MLO_2,ok,46,44,0.9996256354625317,344085,344085,1.0,1.0
Mass-Training_P_01491_RIGHT_MLO_1,ok,29,28,0.9996753969431666,154560,154560,1.0,1.0
Mass-Training_P_01485_LEFT_CC_1,ok,15,14,0.9996736174070716,97820,97820,1.0,1.0
Mass-Training_P_01485_LEFT_MLO_1,ok,10,9,0.9998677091188104,112254,112254,1.0,1.0
Mass-Training_P_01493_RIGHT_CC_1,ok,4,3,0.9997245179063361,39672,39672,1.0,1.0
Mass-Training_P_01495_RIGHT_MLO_1,ok,10,9,0.9995283673186295,62260,62260,1.0,1.0
Mass-Training_P_01499_RIGHT_CC_1,ok,5,4,0.9999358041598905,143080,143080,1.0,1.0
Mass-Training_P_01498_RIGHT_MLO_1,ok,3,2,0.9999333299998333,118996,118996,1.0,1.0
Mass-Training_P_01503_LEFT_CC_1,ok,1,0,1.0,54468,54468,1.0,1.0
Mass-Training_P_01504_LEFT_MLO_1,ok,13,12,0.9997105935349112,125701,125701,1.0,1.0
Mass-Training_P_01499_RIGHT_MLO_1,ok,16,15,0.9998268540288333,151788,151788,1.0,1.0
Mass-Training_P_01504_LEFT_CC_1,ok,8,7,0.9998803774092737,103488,103488,1.0,1.0
Mass-Training_P_01503_LEFT_MLO_1,ok,8,7,0.999809896257672,47586,47586,1.0,1.0
Mass-Training_P_01501_RIGHT_CC_1,ok,8,7,0.9997883100082324,74796,74796,1.0,1.0
Mass-Training_P_01506_LEFT_CC_1,ok,10,9,0.9996792657653212,73466,73466,1.0,1.0
Mass-Training_P_01501_RIGHT_MLO_1,ok,5,4,0.9999037850943868,83616,83616,1.0,1.0
Mass-Training_P_01509_RIGHT_CC_1,ok,1,0,1.0,62640,62640,1.0,1.0
Mass-Training_P_01506_LEFT_MLO_1,ok,5,4,0.9998408352963647,49720,49720,1.0,1.0
Mass-Training_P_01509_RIGHT_MLO_1,ok,2,1,0.9999540652273772,72688,72688,1.0,1.0
Mass-Training_P_01514_LEFT_CC_1,ok,7,6,0.9996142662156549,67800,67800,1.0,1.0
Mass-Training_P_01514_LEFT_MLO_1,ok,27,26,0.9994866249412896,147600,147600,1.0,1.0
Mass-Training_P_01508_LEFT_MLO_1,ok,12,11,0.9998471818952224,109305,109305,1.0,1.0
Mass-Training_P_01517_LEFT_MLO_1,ok,8,7,0.9998418368019402,118570,118570,1.0,1.0
Mass-Training_P_01516_RIGHT_CC_1,ok,11,10,0.9998868037419448,225504,225072,1.0019193857965452,0.9980842911877394
Mass-Training_P_01516_RIGHT_MLO_1,ok,19,18,0.9997770653304741,135762,135762,1.0,1.0
Mass-Training_P_01529_RIGHT_MLO_1,ok,58,57,0.9997266273931369,603200,603200,1.0,1.0
Mass-Training_P_01529_RIGHT_CC_1,ok,24,23,0.9999177217640454,666655,666655,1.0,1.0
Mass-Training_P_01532_LEFT_CC_1,ok,3,2,0.9999183406826719,45696,45696,1.0,1.0
Mass-Training_P_01532_LEFT_MLO_1,ok,8,7,0.9996510085851888,43425,43425,1.0,1.0
Mass-Training_P_01531_RIGHT_MLO_1,ok,21,20,0.9997180886409859,160696,160696,1.0,1.0
Mass-Training_P_01543_RIGHT_CC_1,ok,20,19,0.9996146264099486,96234,96234,1.0,1.0
Mass-Training_P_01557_RIGHT_CC_1,ok,5,4,0.9996976633697577,39600,39248,1.0089686098654709,0.9911111111111112
Mass-Training_P_01540_LEFT_CC_1,ok,13,12,0.9998013508144616,149600,149600,1.0,1.0
Mass-Training_P_01544_RIGHT_CC_1,ok,12,11,0.9998109953457603,134112,134112,1.0,1.0
Mass-Training_P_01544_RIGHT_MLO_1,ok,19,18,0.9997894377989232,151317,151317,1.0,1.0
Mass-Training_P_01556_LEFT_CC_1,ok,20,19,0.9998963950175422,320347,320347,1.0,1.0
Mass-Training_P_01553_RIGHT_MLO_1,ok,15,14,0.9995266005410279,72891,72891,1.0,1.0
Mass-Training_P_01540_LEFT_MLO_1,ok,21,20,0.9997572651877823,216221,216221,1.0,1.0
Mass-Training_P_01557_RIGHT_MLO_1,ok,7,6,0.9997417725877256,61776,61776,1.0,1.0
Mass-Training_P_01543_RIGHT_MLO_1,ok,7,6,0.999852662597348,76446,76446,1.0,1.0
Mass-Training_P_01567_LEFT_MLO_1,ok,33,32,0.9997107876217102,250776,250776,1.0,1.0
Mass-Training_P_01564_RIGHT_CC_1,ok,15,14,0.9998046172039694,157002,157002,1.0,1.0
Mass-Training_P_01559_RIGHT_MLO_1,ok,26,25,0.9998243534009573,239598,239598,1.0,1.0
Mass-Training_P_01564_RIGHT_MLO_1,ok,15,14,0.9998258981606652,168896,168896,1.0,1.0
Mass-Training_P_01572_RIGHT_CC_1,ok,18,17,0.9989063512637719,40635,40205,1.0106951871657754,0.9894179894179894
Mass-Training_P_01565_RIGHT_MLO_1,ok,47,45,0.999614836276674,323536,323536,1.0,1.0
Mass-Training_P_01572_RIGHT_MLO_1,ok,6,5,0.9997100188487749,33024,33024,1.0,1.0
Mass-Training_P_01560_RIGHT_CC_1,ok,18,17,0.9997904354750827,140130,140130,1.0,1.0
Mass-Training_P_01565_RIGHT_CC_1,ok,29,28,0.999765890202505,290505,290505,1.0,1.0
Mass-Training_P_01573_RIGHT_CC_1,ok,19,18,0.9998278276439935,323214,323214,1.0,1.0
Mass-Training_P_01591_LEFT_CC_1,ok,11,10,0.9997714599140689,94860,94860,1.0,1.0
Mass-Training_P_01583_RIGHT_MLO_1,ok,4,3,0.999841822208162,29684,29520,1.0055555555555555,0.994475138121547
Mass-Training_P_01589_LEFT_CC_1,ok,6,5,0.9997726009399162,57456,57456,1.0,1.0
Mass-Training_P_01560_RIGHT_MLO_1,ok,20,19,0.999603494534833,110295,110295,1.0,1.0
Mass-Training_P_01589_LEFT_MLO_1,ok,8,7,0.9997019374068554,46575,46575,1.0,1.0
Mass-Training_P_01573_RIGHT_MLO_1,ok,27,26,0.9997668376523883,166618,166618,1.0,1.0
Mass-Training_P_01581_LEFT_CC_1,ok,19,18,0.9986636513157895,52138,52138,1.0,1.0
Mass-Training_P_01581_LEFT_MLO_1,ok,10,8,0.9987486764847435,38367,38367,1.0,1.0
Mass-Training_P_01593_LEFT_CC_1,ok,25,24,0.9996295738942202,133434,133081,1.0026525198938991,0.9973544973544973
Mass-Training_P_01600_RIGHT_MLO_2,ok,14,13,0.9998148942793919,174105,173375,1.0042105263157894,0.9958071278825996
Mass-Training_P_01593_LEFT_MLO_1,ok,16,15,0.9997193089897676,117306,117306,1.0,1.0
Mass-Training_P_01591_LEFT_MLO_1,ok,30,29,0.9995341759572685,87615,87615,1.0,1.0
Mass-Training_P_01600_RIGHT_MLO_1,ok,11,10,0.9998523808854335,227430,227430,1.0,1.0
Mass-Training_P_01600_RIGHT_CC_1,ok,11,10,0.9998144890452583,229670,229670,1.0,1.0
Mass-Training_P_01596_RIGHT_MLO_2,ok,18,17,0.9998714020953894,182204,182204,1.0,1.0
Mass-Training_P_01596_RIGHT_MLO_1,ok,9,8,0.9997501405459429,104160,104160,1.0,1.0
Mass-Training_P_01604_LEFT_CC_1,ok,15,14,0.999526188835286,65720,65720,1.0,1.0
Mass-Training_P_01612_LEFT_MLO_1,ok,17,16,0.9998013323973882,258300,258300,1.0,1.0
Mass-Training_P_01606_RIGHT_MLO_1,ok,4,3,0.999790838736666,46655,46004,1.0141509433962264,0.986046511627907
Mass-Training_P_01608_RIGHT_MLO_1,ok,4,3,0.9996217374858152,35931,35931,1.0,1.0
Mass-Training_P_01612_LEFT_CC_1,ok,30,29,0.9996744668448266,196652,196652,1.0,1.0
Mass-Training_P_01604_LEFT_MLO_1,ok,12,11,0.9998400426552919,116510,116510,1.0,1.0
Mass-Training_P_01611_RIGHT_CC_1,ok,5,4,0.9994513934606101,33480,33480,1.0,1.0
Mass-Training_P_01613_LEFT_CC_1,ok,15,14,0.9997816173164622,149640,149640,1.0,1.0
Mass-Training_P_01608_RIGHT_CC_1,ok,5,4,0.9995934959349594,33507,33507,1.0,1.0
Mass-Training_P_01611_RIGHT_MLO_1,ok,12,11,0.9989659756758088,36270,36270,1.0,1.0
Mass-Training_P_01613_LEFT_MLO_1,ok,17,16,0.9998638685686855,208833,208833,1.0,1.0
Mass-Training_P_01619_LEFT_CC_1,ok,14,13,0.9995633621117396,75858,75858,1.0,1.0
Mass-Training_P_01620_RIGHT_CC_1,ok,7,6,0.9998792392070042,142128,142128,1.0,1.0
Mass-Training_P_01632_LEFT_MLO_1,ok,14,13,0.9985007496251874,25704,25704,1.0,1.0
Mass-Training_P_01621_RIGHT_MLO_1,ok,12,11,0.9995065383666419,52836,52836,1.0,1.0
Mass-Training_P_01619_LEFT_MLO_1,ok,10,9,0.9998900700253939,129536,129536,1.0,1.0
Mass-Training_P_01632_LEFT_CC_2,ok,7,6,0.9996175908221797,29141,29141,1.0,1.0
Mass-Training_P_01620_RIGHT_MLO_1,ok,13,12,0.9998298725835192,174440,174440,1.0,1.0
Mass-Training_P_01630_RIGHT_MLO_1,ok,13,12,0.9997649468612011,90144,90144,1.0,1.0
Mass-Training_P_01632_LEFT_CC_1,ok,9,8,0.9991095280498664,27189,27189,1.0,1.0
Mass-Training_P_01621_RIGHT_CC_1,ok,10,9,0.9994595220630815,42074,42074,1.0,1.0
Mass-Training_P_01632_LEFT_MLO_2,ok,10,9,0.9993259184361307,35478,35478,1.0,1.0
Mass-Training_P_01635_RIGHT_CC_1,ok,7,6,0.9997859130807107,71545,71545,1.0,1.0
Mass-Training_P_01633_RIGHT_MLO_1,ok,3,2,0.9998973516731677,26820,26820,1.0,1.0
Mass-Training_P_01632_RIGHT_CC_1,ok,30,29,0.9995270558650841,130515,130515,1.0,1.0
Mass-Training_P_01632_RIGHT_MLO_1,ok,23,22,0.9996944491597352,150463,150463,1.0,1.0
Mass-Training_P_01633_RIGHT_CC_1,ok,9,8,0.999626233429682,65070,64800,1.0041666666666667,0.995850622406639
Mass-Training_P_01635_LEFT_MLO_1,ok,6,5,0.99963398267518,79170,79170,1.0,1.0
Mass-Training_P_01635_LEFT_CC_1,ok,20,19,0.9993599317260508,78100,78100,1.0,1.0
Mass-Training_P_01634_LEFT_CC_1,ok,12,11,0.9997719119995023,66555,66555,1.0,1.0
Mass-Training_P_01634_LEFT_MLO_1,ok,9,7,0.9995125399107948,58985,58985,1.0,1.0
Mass-Training_P_01638_RIGHT_CC_1,ok,2,1,0.9999600143948179,36582,36582,1.0,1.0
Mass-Training_P_01637_LEFT_MLO_1,ok,14,13,0.9996593591084941,82852,82544,1.0037313432835822,0.9962825278810409
Mass-Training_P_01635_RIGHT_MLO_1,ok,11,10,0.9996697271946627,75763,75446,1.004201680672269,0.99581589958159
Mass-Training_P_01642_RIGHT_CC_1,ok,13,12,0.9993507336709518,44440,44238,1.004566210045662,0.9954545454545455
Mass-Training_P_01642_RIGHT_MLO_1,ok,1,0,1.0,40590,40590,1.0,1.0
Mass-Training_P_01638_RIGHT_MLO_1,ok,2,1,0.9999587186261559,38025,38025,1.0,1.0
Mass-Training_P_01644_LEFT_CC_1,ok,6,5,0.9993440667859272,25550,25200,1.0138888888888888,0.9863013698630136
Mass-Training_P_01641_LEFT_MLO_1,ok,5,4,0.9998938118877592,64190,64190,1.0,1.0
Mass-Training_P_01636_RIGHT_MLO_1,ok,4,3,0.9999586719933875,107512,107512,1.0,1.0
Mass-Training_P_01644_RIGHT_CC_1,ok,6,5,0.9997544694237704,91932,91932,1.0,1.0
Mass-Training_P_01644_LEFT_MLO_1,ok,9,8,0.9994933443876376,32384,32200,1.0057142857142858,0.9943181818181818
Mass-Training_P_01650_LEFT_MLO_1,ok,6,5,0.9997455542676204,62088,62088,1.0,1.0
Mass-Training_P_01644_RIGHT_MLO_1,ok,3,2,0.9999418181818182,106176,106176,1.0,1.0
Mass-Training_P_01641_LEFT_CC_1,ok,10,9,0.9997776903739932,102718,102718,1.0,1.0
Mass-Training_P_01646_LEFT_MLO_1,ok,6,5,0.9997101809299052,40320,40320,1.0,1.0
Mass-Training_P_01652_RIGHT_CC_1,ok,10,9,0.99966359901002,64925,64925,1.0,1.0
Mass-Training_P_01649_LEFT_CC_1,ok,8,7,0.999687640995384,46060,46060,1.0,1.0
Mass-Training_P_01650_LEFT_CC_1,ok,7,6,0.99977518996448,71815,71815,1.0,1.0
Mass-Training_P_01646_LEFT_CC_1,ok,4,3,0.9997016817690271,44660,44660,1.0,1.0
Mass-Training_P_01656_LEFT_CC_1,ok,3,1,0.9992068922617566,91448,90880,1.00625,0.9937888198757764
Mass-Training_P_01654_RIGHT_CC_1,ok,26,25,0.9995802701533921,141515,141515,1.0,1.0
Mass-Training_P_01656_LEFT_MLO_3,ok,20,19,0.9997338065661047,173600,173600,1.0,1.0
Mass-Training_P_01656_LEFT_CC_2,ok,15,14,0.9997742816513554,158800,158800,1.0,1.0
Mass-Training_P_01663_RIGHT_CC_1,ok,10,9,0.9999431152371526,231312,231312,1.0,1.0
Mass-Training_P_01654_RIGHT_MLO_1,ok,4,2,0.9995426181841942,51450,51450,1.0,1.0
Mass-Training_P_01656_LEFT_MLO_1,ok,4,3,0.9998242118832766,51986,51799,1.0036101083032491,0.9964028776978417
Mass-Training_P_01656_LEFT_MLO_2,ok,15,14,0.9997602684992808,138368,137616,1.005464480874317,0.9945652173913043
Mass-Training_P_01653_RIGHT_MLO_1,ok,15,14,0.9995044469366996,63440,63440,1.0,1.0
Mass-Training_P_01652_RIGHT_MLO_1,ok,9,8,0.9994976710201845,36064,36064,1.0,1.0
Mass-Training_P_01671_LEFT_MLO_1,ok,23,22,0.9998524227269,266000,266000,1.0,1.0
Mass-Training_P_01663_RIGHT_MLO_1,ok,29,28,0.9998179542610081,318588,318588,1.0,1.0
Mass-Training_P_01671_LEFT_CC_1,ok,22,21,0.9998212644265142,258456,258456,1.0,1.0
Mass-Training_P_01668_LEFT_MLO_1,ok,35,34,0.9998459930336423,462820,462820,1.0,1.0
Mass-Training_P_01668_LEFT_CC_1,ok,30,27,0.9997073000015908,487720,487720,1.0,1.0
Mass-Training_P_01674_LEFT_CC_1,ok,16,15,0.9996796261048188,70478,70478,1.0,1.0
Mass-Training_P_01675_RIGHT_MLO_1,ok,4,3,0.9999205008446785,80940,80940,1.0,1.0
Mass-Training_P_01669_LEFT_MLO_1,ok,6,5,0.9999663014114092,291760,291760,1.0,1.0
Mass-Training_P_01675_RIGHT_CC_1,ok,6,5,0.9997453905073094,81740,81204,1.0066006600660067,0.9934426229508196
Mass-Training_P_01669_LEFT_CC_1,ok,14,13,0.9998969998340553,260400,260400,1.0,1.0
Mass-Training_P_01682_LEFT_MLO_1,ok,17,16,0.9998670428246752,435169,435169,1.0,1.0
Mass-Training_P_01682_LEFT_CC_1,ok,12,11,0.9998834561526186,174570,174570,1.0,1.0
Mass-Training_P_01685_RIGHT_MLO_1,ok,19,18,0.999793654068983,178476,178476,1.0,1.0
Mass-Training_P_01686_RIGHT_MLO_1,ok,6,5,0.9998456296655677,148852,148852,1.0,1.0
Mass-Training_P_01685_RIGHT_CC_1,ok,22,20,0.9996381229595248,175512,175512,1.0,1.0
Mass-Training_P_01686_RIGHT_CC_1,ok,7,6,0.9998998268435438,125904,125904,1.0,1.0
Mass-Training_P_01689_LEFT_MLO_1,ok,13,12,0.9997416974169742,99855,99855,1.0,1.0
Mass-Training_P_01680_LEFT_MLO_1,ok,17,16,0.9996367598982928,85004,85004,1.0,1.0
Mass-Training_P_01694_RIGHT_CC_1,ok,8,6,0.9994865686355048,83628,83628,1.0,1.0
Mass-Training_P_01687_RIGHT_CC_1,ok,14,13,0.9995807748267613,60552,60552,1.0,1.0
Mass-Training_P_01694_RIGHT_MLO_1,ok,1,0,1.0,26316,26316,1.0,1.0
Mass-Training_P_01698_RIGHT_CC_1,ok,10,9,0.9993235320645801,35898,35898,1.0,1.0
Mass-Training_P_01701_LEFT_CC_1,ok,12,11,0.9998835584536563,201845,201845,1.0,1.0
Mass-Training_P_01687_RIGHT_MLO_1,ok,8,7,0.9997605793978572,48278,48278,1.0,1.0
Mass-Training_P_01710_LEFT_CC_1,ok,1,0,1.0,47520,47520,1.0,1.0
Mass-Training_P_01698_RIGHT_MLO_1,ok,12,11,0.9993554624556881,35175,34800,1.0107758620689655,0.9893390191897654
Mass-Training_P_01701_LEFT_MLO_1,ok,19,17,0.9997758930661315,342160,342160,1.0,1.0
Mass-Training_P_01710_LEFT_MLO_1,ok,7,6,0.9998541529935098,103740,103740,1.0,1.0
Mass-Training_P_01712_LEFT_CC_1,ok,3,2,0.9999622242369296,71424,71424,1.0,1.0
Mass-Training_P_01714_RIGHT_CC_1,ok,2,1,0.9999374570016887,47672,47672,1.0,1.0
Mass-Training_P_01712_LEFT_MLO_1,ok,9,8,0.9998479463250527,72336,72336,1.0,1.0
Mass-Training_P_01702_RIGHT_CC_1,ok,14,13,0.9996266799402688,84708,84708,1.0,1.0
Mass-Training_P_01702_RIGHT_MLO_1,ok,1,0,1.0,52785,52785,1.0,1.0
Mass-Training_P_01712_RIGHT_MLO_1,ok,6,5,0.9995727930182173,48564,48564,1.0,1.0
Mass-Training_P_01714_RIGHT_MLO_1,ok,5,4,0.9998067472806582,52836,52836,1.0,1.0
Mass-Training_P_01715_RIGHT_CC_1,ok,17,16,0.9997630839698102,148980,148980,1.0,1.0
Mass-Training_P_01712_RIGHT_CC_1,ok,6,5,0.9997912055789869,35520,35520,1.0,1.0
Mass-Training_P_01715_RIGHT_MLO_1,ok,19,18,0.9996990001570434,116127,116127,1.0,1.0
Mass-Training_P_01737_RIGHT_CC_1,ok,11,10,0.9997330615414483,61308,60840,1.0076923076923077,0.9923664122137404
Mass-Training_P_01725_RIGHT_CC_1,ok,26,25,0.9997792760253632,229775,229775,1.0,1.0
Mass-Training_P_01735_RIGHT_CC_1,ok,2,1,0.9998849582973828,32526,32526,1.0,1.0
Mass-Training_P_01735_RIGHT_MLO_1,ok,2,1,0.9998907247136988,76796,76796,1.0,1.0
Mass-Training_P_01717_LEFT_MLO_1,ok,21,20,0.9995990979704334,118218,118218,1.0,1.0
Mass-Training_P_01733_RIGHT_MLO_1,ok,9,8,0.9993542327110485,30438,30438,1.0,1.0
Mass-Training_P_01717_LEFT_CC_1,ok,7,6,0.9999061196572027,125488,125488,1.0,1.0
Mass-Training_P_01720_RIGHT_CC_1,ok,19,18,0.999671558258996,115456,115128,1.002849002849003,0.9971590909090909
Mass-Training_P_01725_RIGHT_MLO_1,ok,23,22,0.9997722338873269,229080,229080,1.0,1.0
Mass-Training_P_01720_RIGHT_MLO_1,ok,10,9,0.999759111262257,105944,105944,1.0,1.0
Mass-Training_P_01745_RIGHT_MLO_1,ok,22,21,0.9995926626721329,124560,124560,1.0,1.0
Mass-Training_P_01749_LEFT_CC_1,ok,9,8,0.9997438524590164,57117,57117,1.0,1.0
Mass-Training_P_01737_RIGHT_MLO_1,ok,12,11,0.9994760086832847,63784,63784,1.0,1.0
Mass-Training_P_01739_RIGHT_CC_1,ok,12,11,0.9996312593721576,63869,63580,1.0045454545454546,0.995475113122172
Mass-Training_P_01744_LEFT_MLO_1,ok,5,4,0.9996848209783157,25432,25432,1.0,1.0
Mass-Training_P_01739_LEFT_MLO_1,ok,11,10,0.9997398678528693,99189,99189,1.0,1.0
Mass-Training_P_01751_LEFT_CC_1,ok,8,7,0.9998078524306667,74046,74046,1.0,1.0
Mass-Training_P_01739_LEFT_CC_1,ok,22,21,0.9996923404607794,112189,112189,1.0,1.0
Mass-Training_P_01749_LEFT_MLO_1,ok,17,15,0.9994603859827323,135450,135450,1.0,1.0
Mass-Training_P_01739_RIGHT_MLO_1,ok,11,10,0.999659682045797,73983,73983,1.0,1.0
Mass-Training_P_01757_RIGHT_CC_1,ok,1,0,1.0,98988,98988,1.0,1.0
Mass-Training_P_01753_RIGHT_CC_1,ok,9,8,0.9997345508600552,67077,67077,1.0,1.0
Mass-Training_P_01757_RIGHT_MLO_1,ok,6,5,0.9997930628293087,104308,104308,1.0,1.0
Mass-Training_P_01755_RIGHT_MLO_1,ok,12,11,0.9997796278158668,137472,137088,1.0028011204481793,0.9972067039106145
Mass-Training_P_01753_RIGHT_MLO_1,ok,14,13,0.9997835790612741,105747,105398,1.0033112582781456,0.9966996699669967
Mass-Training_P_01754_RIGHT_CC_1,ok,5,4,0.9998003935099375,52430,52430,1.0,1.0
Mass-Training_P_01751_LEFT_MLO_1,ok,11,10,0.9997197898423817,82818,82818,1.0,1.0
Mass-Training_P_01754_RIGHT_MLO_1,ok,2,1,0.9999771632145059,63736,63736,1.0,1.0
Mass-Training_P_01761_LEFT_CC_1,ok,13,12,0.99967155682067,69222,69222,1.0,1.0
Mass-Training_P_01755_RIGHT_CC_1,ok,13,12,0.9997612795416567,110838,110838,1.0,1.0
Mass-Training_P_01776_RIGHT_CC_1,ok,8,7,0.9997950651692762,95757,95049,1.0074487895716946,0.9926062846580407
Mass-Training_P_01775_LEFT_MLO_1,ok,19,18,0.999887481966976,415494,415494,1.0,1.0
Mass-Training_P_01768_LEFT_MLO_1,ok,15,14,0.9998470870074927,210168,210168,1.0,1.0
Mass-Training_P_01768_LEFT_CC_1,ok,9,8,0.9998132377110414,75852,75852,1.0,1.0
Mass-Training_P_01785_RIGHT_CC_1,ok,8,7,0.9996209454702983,27632,27632,1.0,1.0
Mass-Training_P_01785_RIGHT_MLO_1,ok,14,13,0.9994665402169403,62667,62667,1.0,1.0
Mass-Training_P_01776_RIGHT_MLO_1,ok,9,8,0.9997799674734525,142443,142443,1.0,1.0
Mass-Training_P_01780_LEFT_MLO_1,ok,17,16,0.9998849832340945,343860,343339,1.0015174506828528,0.9984848484848485
Mass-Training_P_01780_LEFT_CC_1,ok,5,4,0.9999298056787206,161325,161325,1.0,1.0
Mass-Training_P_01761_LEFT_MLO_1,ok,13,12,0.9994423843644575,63624,63383,1.0038022813688212,0.9962121212121212
Mass-Training_P_01786_LEFT_CC_1,ok,12,11,0.9998015115657684,103459,103459,1.0,1.0
Mass-Training_P_01801_RIGHT_CC_1,ok,2,1,0.9999477178857114,30798,30798,1.0,1.0
Mass-Training_P_01799_LEFT_MLO_1,ok,20,18,0.9997544261216471,323628,323628,1.0,1.0
Mass-Training_P_01799_LEFT_CC_1,ok,3,2,0.9999697309077701,109512,109512,1.0,1.0
Mass-Training_P_01790_LEFT_MLO_1,ok,20,19,0.9996549058583182,111548,111195,1.0031746031746032,0.9968354430379747
Mass-Training_P_01790_LEFT_CC_1,ok,27,26,0.9995629775794255,114985,114985,1.0,1.0
Mass-Training_P_01788_RIGHT_CC_1,ok,5,4,0.9998330336501413,128520,128520,1.0,1.0
Mass-Training_P_01788_RIGHT_MLO_1,ok,22,21,0.999757747423737,165888,165888,1.0,1.0
Mass-Training_P_01798_LEFT_CC_1,ok,9,8,0.9998597691800704,95858,95858,1.0,1.0
Mass-Training_P_01798_LEFT_MLO_1,ok,9,8,0.9997868418742869,108474,108474,1.0,1.0
Mass-Training_P_01802_LEFT_MLO_1,ok,7,6,0.9996585671200137,30750,30750,1.0,1.0
Mass-Training_P_01801_RIGHT_MLO_1,ok,3,2,0.9996815286624203,35442,35442,1.0,1.0
Mass-Training_P_01803_RIGHT_MLO_2,ok,7,6,0.9998013282624737,64236,64236,1.0,1.0
Mass-Training_P_01803_RIGHT_CC_2,ok,7,6,0.9997823342475295,82077,82077,1.0,1.0
Mass-Training_P_01804_LEFT_MLO_1,ok,12,11,0.999514352171357,70863,70863,1.0,1.0
Mass-Training_P_01814_RIGHT_CC_1,ok,3,2,0.9999423298731257,205656,205656,1.0,1.0
Mass-Training_P_01805_RIGHT_MLO_1,ok,16,14,0.9996386429653514,115656,115656,1.0,1.0
Mass-Training_P_01805_LEFT_CC_1,ok,15,14,0.9996688980061902,105138,105138,1.0,1.0
Mass-Training_P_01805_LEFT_MLO_1,ok,12,11,0.9997499868414127,120754,120754,1.0,1.0
Mass-Training_P_01817_RIGHT_CC_1,ok,10,9,0.9997602493406856,63433,63433,1.0,1.0
Mass-Training_P_01816_LEFT_MLO_1,ok,28,25,0.9991063834368709,157573,157573,1.0,1.0
Mass-Training_P_01822_LEFT_CC_1,ok,12,11,0.9995070606315423,57750,56784,1.0170118343195267,0.9832727272727273
Mass-Training_P_01816_LEFT_CC_1,ok,23,22,0.9996825585778625,179262,178396,1.0048543689320388,0.9951690821256038
Mass-Training_P_01822_LEFT_MLO_1,ok,16,15,0.9995573377773148,68796,68796,1.0,1.0
Mass-Training_P_01817_RIGHT_MLO_1,ok,11,10,0.9997900963648507,74930,74930,1.0,1.0
Mass-Training_P_01819_RIGHT_CC_1,ok,11,10,0.9994657009706432,55414,55414,1.0,1.0
Mass-Training_P_01821_LEFT_CC_1,ok,16,15,0.9997773995024224,111650,111650,1.0,1.0
Mass-Training_P_01824_RIGHT_CC_1,ok,5,4,0.9995617132143466,66216,66216,1.0,1.0
Mass-Training_P_01821_LEFT_MLO_1,ok,12,11,0.9998330811003294,122549,122549,1.0,1.0
Mass-Training_P_01841_RIGHT_CC_1,ok,13,12,0.9997323116561543,94080,93786,1.0031347962382444,0.996875
Mass-Training_P_01841_RIGHT_MLO_1,ok,16,15,0.9996977329974811,91553,91553,1.0,1.0
Mass-Training_P_01831_RIGHT_MLO_1,ok,3,2,0.9998956866426746,61912,61912,1.0,1.0
Mass-Training_P_01824_RIGHT_MLO_1,ok,14,13,0.9995674220758934,73060,73060,1.0,1.0
Mass-Training_P_01829_LEFT_MLO_1,ok,8,7,0.9998877539566731,109989,109989,1.0,1.0
Mass-Training_P_01840_RIGHT_MLO_1,ok,7,6,0.9998436441340491,84656,84656,1.0,1.0
Mass-Training_P_01831_RIGHT_CC_1,ok,3,2,0.9999511360860005,79920,79920,1.0,1.0
Mass-Training_P_01826_RIGHT_CC_1,ok,4,3,0.9999232937657008,73341,73341,1.0,1.0
Mass-Training_P_01832_RIGHT_MLO_1,ok,10,9,0.999874349760008,115500,115500,1.0,1.0
Mass-Training_P_01826_RIGHT_MLO_1,ok,18,17,0.9997394915487994,99936,99936,1.0,1.0
Mass-Training_P_01844_RIGHT_MLO_1,ok,33,32,0.999622171005403,154980,154224,1.0049019607843137,0.9951219512195122
Mass-Training_P_01860_RIGHT_CC_1,ok,10,9,0.999548889139506,78945,78945,1.0,1.0
Mass-Training_P_01848_RIGHT_MLO_1,ok,15,14,0.9996965881335619,101382,101382,1.0,1.0
Mass-Training_P_01853_LEFT_CC_1,ok,6,5,0.9995009268501355,45100,45100,1.0,1.0
Mass-Training_P_01850_RIGHT_CC_1,ok,13,12,0.9998188521620527,148428,148428,1.0,1.0
Mass-Training_P_01849_RIGHT_CC_1,ok,13,12,0.99901093466674,35422,35422,1.0,1.0
Mass-Training_P_01853_LEFT_MLO_1,ok,4,2,0.9993876301285977,37736,36676,1.0289017341040463,0.9719101123595506
Mass-Training_P_01848_RIGHT_CC_1,ok,28,27,0.9994589958435046,124100,124100,1.0,1.0
Mass-Training_P_01849_RIGHT_MLO_1,ok,13,12,0.9988303471742251,31096,31096,1.0,1.0
Mass-Training_P_01850_RIGHT_MLO_1,ok,11,10,0.999805585416619,146205,146205,1.0,1.0
Mass-Training_P_01876_LEFT_MLO_1,ok,18,17,0.9997217474261637,117300,117300,1.0,1.0
Mass-Training_P_01876_LEFT_CC_1,ok,20,19,0.9997145993413831,137416,137416,1.0,1.0
Mass-Training_P_01877_LEFT_CC_1,ok,16,15,0.9997258892153853,135774,135774,1.0,1.0
Mass-Training_P_01878_RIGHT_CC_1,ok,4,3,0.9998055197043899,92380,91486,1.009771986970684,0.9903225806451613
Mass-Training_P_01878_RIGHT_MLO_1,ok,6,5,0.9997779840955879,88416,88416,1.0,1.0
Mass-Training_P_01866_RIGHT_MLO_1,ok,11,10,0.9997925925925926,111475,111475,1.0,1.0
Mass-Training_P_01877_LEFT_MLO_1,ok,27,26,0.999504159550438,153664,153664,1.0,1.0
Mass-Training_P_01864_LEFT_CC_1,ok,10,9,0.9995355906442625,40740,40740,1.0,1.0
Mass-Training_P_01866_RIGHT_CC_1,ok,12,11,0.9997518566440383,101099,100786,1.0031055900621118,0.9969040247678018
Mass-Training_P_01886_RIGHT_CC_1,ok,13,12,0.9998020853949438,158194,158194,1.0,1.0
Mass-Training_P_01908_LEFT_CC_1,ok,8,7,0.999897268629692,138000,138000,1.0,1.0
Mass-Training_P_01888_RIGHT_MLO_1,ok,6,4,0.9997197380824989,122844,121104,1.014367816091954,0.9858356940509915
Mass-Training_P_01887_LEFT_CC_1,ok,18,17,0.9996242779091066,102557,102557,1.0,1.0
Mass-Training_P_01887_LEFT_MLO_1,ok,15,14,0.9997404298975316,117633,117286,1.0029585798816567,0.9970501474926253
Mass-Training_P_01883_LEFT_CC_1,ok,11,10,0.9996339039782435,81787,81787,1.0,1.0
Mass-Training_P_01890_LEFT_MLO_1,ok,10,9,0.9997285866147966,63333,63333,1.0,1.0
Mass-Training_P_01889_RIGHT_MLO_1,ok,16,15,0.9996137640449438,80431,80431,1.0,1.0
Mass-Training_P_01946_RIGHT_CC_1,ok,6,5,0.9999105745584619,181662,181662,1.0,1.0
Mass-Training_P_01889_RIGHT_CC_1,ok,10,9,0.9998167759903258,77559,76632,1.0120967741935485,0.9880478087649402
Mass-Training_P_02033_RIGHT_MLO_1,ok,5,4,0.9998273421043544,91416,91416,1.0,1.0
Mass-Training_P_02033_RIGHT_CC_1,ok,8,7,0.9998045660477924,79910,79910,1.0,1.0
Mass-Training_P_01983_LEFT_MLO_1,ok,8,6,0.9998642917726888,237636,237636,1.0,1.0
Mass-Training_P_02079_RIGHT_MLO_1,ok,3,2,0.99997024783553,96397,96104,1.0030487804878048,0.9969604863221885
Mass-Training_P_01946_RIGHT_MLO_1,ok,4,3,0.9999514221175099,119412,119412,1.0,1.0
Mass-Training_P_02092_LEFT_CC_1,ok,6,5,0.9995735203525565,67760,67760,1.0,1.0
Mass-Training_P_01981_RIGHT_MLO_1,ok,3,2,0.9999652832022774,86336,86336,1.0,1.0
Mass-Training_P_02079_RIGHT_CC_1,ok,1,0,1.0,108438,108438,1.0,1.0
Mass-Training_P_01981_RIGHT_CC_1,ok,3,1,0.9998044792036971,87840,87264,1.0066006600660067,0.9934426229508196
Mass-Test_P_00016_LEFT_CC_1,ok,5,4,0.999906162446211,118680,118680,1.0,1.0
Mass-Test_P_00016_LEFT_MLO_1,ok,6,5,0.9998148936564056,94752,94752,1.0,1.0
Mass-Test_P_00032_RIGHT_MLO_1,ok,28,27,0.99967538395991,155770,155349,1.002710027100271,0.9972972972972973
Mass-Test_P_00037_RIGHT_CC_1,ok,17,16,0.9997714198636138,125647,125647,1.0,1.0
Mass-Training_P_02092_LEFT_MLO_1,ok,4,3,0.9998671478865443,72072,72072,1.0,1.0
Mass-Test_P_00032_RIGHT_CC_1,ok,19,18,0.999621387404821,122640,122640,1.0,1.0
Mass-Test_P_00056_LEFT_MLO_1,ok,7,6,0.9998603904413988,69384,69384,1.0,1.0
Mass-Test_P_00017_LEFT_CC_1,ok,8,7,0.9995566884628172,26970,26970,1.0,1.0
Mass-Test_P_00017_LEFT_MLO_1,ok,4,3,0.9997599961599386,33300,33300,1.0,1.0
Mass-Test_P_00037_RIGHT_MLO_1,ok,28,27,0.9997291705849163,193154,193154,1.0,1.0
Mass-Test_P_00116_RIGHT_CC_1,ok,21,20,0.9996518245731503,118582,118582,1.0,1.0
Mass-Test_P_00066_LEFT_CC_1,ok,1,0,1.0,59540,59540,1.0,1.0
Mass-Test_P_00066_LEFT_MLO_1,ok,4,3,0.9999198705107454,112590,112590,1.0,1.0
Mass-Test_P_00116_RIGHT_CC_2,ok,37,36,0.9995716475786816,227395,227395,1.0,1.0
Mass-Test_P_00116_RIGHT_MLO_1,ok,9,8,0.9997274690258066,108978,108978,1.0,1.0
Mass-Test_P_00114_LEFT_MLO_1,ok,17,16,0.9996773326162947,84036,84036,1.0,1.0
Mass-Test_P_00099_LEFT_MLO_1,ok,3,2,0.9998303071440693,31930,31930,1.0,1.0
Mass-Test_P_00116_RIGHT_MLO_2,ok,22,21,0.999641260094774,203822,203822,1.0,1.0
Mass-Test_P_00145_LEFT_CC_1,ok,8,6,0.9996980198731683,113520,113520,1.0,1.0
Mass-Test_P_00126_RIGHT_MLO_1,ok,9,8,0.9998148748090896,95160,95160,1.0,1.0
Mass-Test_P_00145_LEFT_MLO_1,ok,8,7,0.9998375489383823,102365,102365,1.0,1.0
Mass-Test_P_00126_RIGHT_CC_1,ok,5,4,0.9999014059511367,72036,72036,1.0,1.0
Mass-Test_P_00124_RIGHT_CC_1,ok,2,1,0.99992995236761,19240,19240,1.0,1.0
Mass-Test_P_00118_RIGHT_CC_1,ok,5,4,0.9997954173486089,71680,71680,1.0,1.0
Mass-Test_P_00131_LEFT_CC_1,ok,12,11,0.9996500962235385,60342,60342,1.0,1.0
Mass-Test_P_00118_RIGHT_MLO_1,ok,3,2,0.999956759561542,85936,85936,1.0,1.0
Mass-Test_P_00131_LEFT_MLO_1,ok,12,11,0.9997162749077894,66275,66000,1.0041666666666667,0.995850622406639
Mass-Test_P_00158_RIGHT_MLO_1,ok,1,0,1.0,21024,21024,1.0,1.0
Mass-Test_P_00173_LEFT_CC_1,ok,6,5,0.9998359080147214,79910,79910,1.0,1.0
Mass-Test_P_00171_RIGHT_CC_1,ok,14,12,0.9993949505876313,92016,92016,1.0,1.0
Mass-Test_P_00173_RIGHT_CC_1,ok,8,7,0.9999140905771682,197768,197768,1.0,1.0
Mass-Test_P_00156_RIGHT_MLO_1,ok,15,13,0.9995854591836735,172788,172312,1.0027624309392265,0.9972451790633609
Mass-Test_P_00173_LEFT_MLO_1,ok,9,8,0.999677211103938,65754,65754,1.0,1.0
Mass-Test_P_00147_RIGHT_CC_1,ok,9,8,0.9998737851823805,91805,91805,1.0,1.0
Mass-Test_P_00171_RIGHT_MLO_1,ok,8,7,0.999746391360399,77315,77315,1.0,1.0
Mass-Test_P_00159_RIGHT_MLO_1,ok,10,9,0.9994165353871288,62744,62744,1.0,1.0
Mass-Test_P_00147_RIGHT_MLO_1,ok,1,0,1.0,74844,74844,1.0,1.0
Mass-Test_P_00173_RIGHT_MLO_2,ok,15,14,0.9994351042367182,67328,67072,1.0038167938931297,0.9961977186311787
Mass-Test_P_00173_RIGHT_MLO_1,ok,3,2,0.9998892089519167,44604,43896,1.0161290322580645,0.9841269841269841
Mass-Test_P_00177_LEFT_MLO_1,ok,18,16,0.9975568927294938,41976,41976,1.0,1.0
Mass-Test_P_00173_RIGHT_CC_2,ok,17,15,0.9994468841138413,101745,101745,1.0,1.0
Mass-Test_P_00177_LEFT_CC_1,ok,10,9,0.9989468645284826,19170,19170,1.0,1.0
Mass-Test_P_00194_RIGHT_CC_1,ok,18,17,0.9999257084094171,342792,342792,1.0,1.0
Mass-Test_P_00194_RIGHT_MLO_1,ok,1,0,1.0,405093,405093,1.0,1.0
Mass-Test_P_00192_RIGHT_CC_1,ok,77,74,0.9997074082656183,837084,837084,1.0,1.0
Mass-Test_P_00198_LEFT_CC_1,ok,17,16,0.9995849369858879,92829,92538,1.0031446540880504,0.9968652037617555
Mass-Test_P_00200_LEFT_MLO_1,ok,17,16,0.9997466840948009,147730,147730,1.0,1.0
Mass-Test_P_00200_RIGHT_CC_1,ok,15,14,0.9999404764119181,383786,383786,1.0,1.0
Mass-Test_P_00200_RIGHT_MLO_1,ok,1,0,1.0,276018,276018,1.0,1.0
Mass-Test_P_00200_LEFT_CC_1,ok,36,34,0.9998100379617686,504968,504169,1.0015847860538827,0.9984177215189873
Mass-Test_P_00198_LEFT_MLO_1,ok,8,7,0.9996741875050908,56610,56610,1.0,1.0
Mass-Test_P_00202_RIGHT_CC_1,ok,21,20,0.9998161578836096,164428,164428,1.0,1.0
Mass-Test_P_00202_RIGHT_MLO_1,ok,12,11,0.9998404085541015,160822,160822,1.0,1.0
Mass-Test_P_00212_RIGHT_CC_1,ok,31,30,0.9996910003862495,230256,230256,1.0,1.0
Mass-Test_P_00203_LEFT_CC_1,ok,5,4,0.9997774117437565,40320,40320,1.0,1.0
Mass-Test_P_00212_RIGHT_MLO_1,ok,17,16,0.999676594696153,94710,93720,1.0105633802816902,0.9895470383275261
Mass-Test_P_00230_RIGHT_CC_1,ok,4,3,0.999794457195711,41220,41220,1.0,1.0
Mass-Test_P_00238_RIGHT_CC_1,ok,7,6,0.9988061127029608,24705,24705,1.0,1.0
Mass-Test_P_00203_LEFT_MLO_1,ok,4,3,0.9996001199640108,44392,44034,1.008130081300813,0.9919354838709677
Mass-Test_P_00238_RIGHT_MLO_1,ok,12,11,0.9992455107891958,31486,31486,1.0,1.0
Mass-Test_P_00230_RIGHT_MLO_1,ok,5,4,0.9998695538742499,51700,51700,1.0,1.0
Mass-Test_P_00343_LEFT_CC_1,ok,5,4,0.9997195894789973,60590,60590,1.0,1.0
Mass-Test_P_00340_LEFT_CC_1,ok,13,12,0.9997148221202975,62901,62901,1.0,1.0
Mass-Test_P_00296_LEFT_MLO_1,ok,31,30,0.9998557301907247,367360,366720,1.0017452006980803,0.9982578397212544
Mass-Test_P_00343_LEFT_MLO_1,ok,1,0,1.0,87740,87740,1.0,1.0
Mass-Test_P_00296_LEFT_CC_1,ok,18,17,0.999891665292857,346958,346958,1.0,1.0
Mass-Test_P_00324_RIGHT_CC_1,ok,10,9,0.9998538759406737,158400,158400,1.0,1.0
Mass-Test_P_00209_LEFT_MLO_1,ok,3,2,0.9996715496288511,26128,26128,1.0,1.0
Mass-Test_P_00278_RIGHT_CC_1,ok,7,6,0.9996535263319988,44730,44730,1.0,1.0
Mass-Test_P_00324_RIGHT_MLO_1,ok,22,21,0.999305774692332,82926,82384,1.006578947368421,0.9934640522875817
Mass-Test_P_00278_RIGHT_MLO_1,ok,12,11,0.9994633657698913,40260,40260,1.0,1.0
Mass-Test_P_00343_RIGHT_CC_1,ok,5,4,0.9993284834918859,17374,17228,1.0084745762711864,0.9915966386554622
Mass-Test_P_00347_LEFT_CC_1,ok,15,14,0.9996205221615058,79488,79488,1.0,1.0
Mass-Test_P_00369_LEFT_CC_1,ok,12,11,0.9997661873507356,88086,88086,1.0,1.0
Mass-Test_P_00343_RIGHT_CC_2,ok,3,2,0.9999545743617698,77710,77710,1.0,1.0
Mass-Test_P_00343_RIGHT_MLO_1,ok,4,2,0.9951045838896306,10672,10672,1.0,1.0
Mass-Test_P_00343_RIGHT_MLO_2,ok,1,0,1.0,139200,139200,1.0,1.0
Mass-Test_P_00358_RIGHT_CC_1,ok,19,18,0.9998467502539973,260919,259278,1.0063291139240507,0.9937106918238994
Mass-Test_P_00358_RIGHT_MLO_1,ok,31,29,0.9997032200623238,302059,302059,1.0,1.0
Mass-Test_P_00347_LEFT_MLO_1,ok,14,13,0.9995884773662551,69372,69372,1.0,1.0
Mass-Test_P_00359_LEFT_MLO_1,ok,19,18,0.9996533482041929,121806,121806,1.0,1.0
Mass-Test_P_00375_RIGHT_MLO_1,ok,20,19,0.9996546915465835,113876,113876,1.0,1.0
Mass-Test_P_00387_RIGHT_MLO_1,ok,8,7,0.9997762076792737,46968,46762,1.0044052863436124,0.9956140350877193
Mass-Test_P_00379_LEFT_MLO_1,ok,8,7,0.9998147976664506,113750,113750,1.0,1.0
Mass-Test_P_00391_LEFT_CC_1,ok,3,2,0.9999684860708433,109892,109892,1.0,1.0
Mass-Test_P_00369_LEFT_MLO_1,ok,11,10,0.9998208340176479,111492,111150,1.003076923076923,0.9969325153374233
Mass-Test_P_00375_RIGHT_CC_1,ok,19,17,0.999604538392731,173808,173808,1.0,1.0
Mass-Test_P_00381_LEFT_CC_1,ok,2,1,0.999919224555735,45796,45796,1.0,1.0
Mass-Test_P_00379_LEFT_CC_1,ok,20,19,0.9997740507564165,144005,144005,1.0,1.0
Mass-Test_P_00381_LEFT_MLO_1,ok,1,0,1.0,40950,40950,1.0,1.0
Mass-Test_P_00387_RIGHT_CC_1,ok,4,3,0.999747206633298,33108,33108,1.0,1.0
Mass-Test_P_00394_RIGHT_MLO_1,ok,26,25,0.9994708040170786,128100,128100,1.0,1.0
Mass-Test_P_00391_RIGHT_CC_1,ok,25,23,0.9996036407051329,364026,363308,1.0019762845849802,0.9980276134122288
Mass-Test_P_00429_LEFT_CC_1,ok,13,11,0.9992941478439425,93600,93600,1.0,1.0
Mass-Test_P_00391_RIGHT_MLO_1,ok,15,14,0.999707541976328,100464,100464,1.0,1.0
Mass-Test_P_00391_LEFT_MLO_1,ok,11,10,0.999805544414871,122419,122419,1.0,1.0
Mass-Test_P_00405_LEFT_MLO_1,ok,7,6,0.9999144558859697,146916,146916,1.0,1.0
Mass-Test_P_00409_RIGHT_MLO_1,ok,3,2,0.9999542695126273,149984,149984,1.0,1.0
Mass-Test_P_00405_LEFT_CC_1,ok,8,7,0.9999027899290367,120375,120375,1.0,1.0
Mass-Test_P_00409_RIGHT_CC_1,ok,13,12,0.9998482434175583,160146,160146,1.0,1.0
Mass-Test_P_00429_LEFT_MLO_1,ok,14,13,0.9997131536958354,78740,78740,1.0,1.0
Mass-Test_P_00433_LEFT_MLO_1,ok,9,7,0.9995019920318725,91887,89598,1.0255474452554745,0.9750889679715302
Mass-Test_P_00433_LEFT_CC_1,ok,7,6,0.999478170116542,37168,36966,1.005464480874317,0.9945652173913043
Mass-Test_P_00470_RIGHT_MLO_1,ok,7,6,0.9996766370250606,35400,35400,1.0,1.0
Mass-Test_P_00481_RIGHT_MLO_1,ok,12,11,0.9997789522335871,73656,73656,1.0,1.0
Mass-Test_P_00457_LEFT_MLO_1,ok,16,15,0.99979700926991,127840,127840,1.0,1.0
Mass-Test_P_00470_RIGHT_CC_1,ok,14,13,0.9993669283362877,49032,48816,1.0044247787610618,0.9955947136563876
Mass-Test_P_00481_RIGHT_CC_1,ok,16,15,0.9994718350288194,70308,70308,1.0,1.0
Mass-Test_P_00457_LEFT_CC_1,ok,11,10,0.9996798691020329,95328,95328,1.0,1.0
Mass-Test_P_00464_RIGHT_MLO_1,ok,7,6,0.9998567694345973,78683,78683,1.0,1.0
Mass-Test_P_00464_RIGHT_CC_1,ok,18,17,0.9997104780621332,173430,173430,1.0,1.0
Mass-Test_P_00482_LEFT_CC_1,ok,16,15,0.9999456624114297,523944,523944,1.0,1.0
Mass-Test_P_00493_RIGHT_CC_1,ok,23,22,0.9993917844109665,66732,66732,1.0,1.0
Mass-Test_P_00490_RIGHT_MLO_1,ok,13,12,0.9995722194262707,60180,60180,1.0,1.0
Mass-Test_P_00490_RIGHT_CC_1,ok,9,8,0.9996675833308151,60075,60075,1.0,1.0
Mass-Test_P_00482_LEFT_MLO_1,ok,4,3,0.9999837989339698,350504,350504,1.0,1.0
Mass-Test_P_00494_RIGHT_CC_1,ok,39,38,0.9997020468687204,207855,207855,1.0,1.0
Mass-Test_P_00498_LEFT_CC_1,ok,9,8,0.9996122678453724,38896,38896,1.0,1.0
Mass-Test_P_00498_LEFT_MLO_1,ok,8,7,0.9996975836937128,48556,48556,1.0,1.0
Mass-Test_P_00500_RIGHT_MLO_1,ok,14,13,0.9994254760341431,83108,83108,1.0,1.0
Mass-Test_P_00516_LEFT_CC_1,ok,17,16,0.9997999216359741,176814,176814,1.0,1.0
Mass-Test_P_00516_LEFT_MLO_1,ok,22,21,0.9997793599742021,182666,182666,1.0,1.0
Mass-Test_P_00510_LEFT_CC_4,ok,4,3,0.9998327759197324,39195,39195,1.0,1.0
Mass-Test_P_00494_RIGHT_MLO_1,ok,17,16,0.999780080578476,154336,154336,1.0,1.0
Mass-Test_P_00510_LEFT_MLO_2,ok,8,7,0.9996243269190633,35148,34744,1.0116279069767442,0.9885057471264368
Mass-Test_P_00524_LEFT_CC_1,ok,18,17,0.9995760449706372,96719,96382,1.0034965034965035,0.9965156794425087
Mass-Test_P_00514_LEFT_MLO_1,ok,5,4,0.9996830571402698,38766,38766,1.0,1.0
Mass-Test_P_00524_LEFT_MLO_1,ok,4,3,0.9997221295987552,26296,26296,1.0,1.0
Mass-Test_P_00533_LEFT_CC_1,ok,10,9,0.9998766464275435,102717,102717,1.0,1.0
Mass-Test_P_00544_LEFT_MLO_1,ok,10,9,0.9998066449679353,110936,110936,1.0,1.0
Mass-Test_P_00544_LEFT_CC_1,ok,9,8,0.9996277546158427,46814,46551,1.0056497175141244,0.9943820224719101
Mass-Test_P_00533_LEFT_MLO_1,ok,17,16,0.9995775867531206,78548,78548,1.0,1.0
Mass-Test_P_00576_LEFT_MLO_1,ok,5,4,0.9996463396150154,28704,28704,1.0,1.0
Mass-Test_P_00587_RIGHT_CC_1,ok,8,7,0.9998308811094199,80634,80332,1.0037593984962405,0.9962546816479401
Mass-Test_P_00576_LEFT_CC_1,ok,7,6,0.9997262992233741,49275,49275,1.0,1.0
Mass-Test_P_00587_RIGHT_MLO_1,ok,12,11,0.999767133593666,93288,93288,1.0,1.0
Mass-Test_P_00598_LEFT_MLO_1,ok,15,14,0.9998760842627014,169150,169150,1.0,1.0
Mass-Test_P_00598_LEFT_CC_1,ok,33,32,0.9997337025990626,301938,301938,1.0,1.0
Mass-Test_P_00612_RIGHT_MLO_1,ok,15,14,0.99966434907696,105937,105937,1.0,1.0
Mass-Test_P_00591_RIGHT_MLO_3,ok,3,2,0.9998809934665414,121730,120620,1.00920245398773,0.9908814589665653
Mass-Test_P_00623_LEFT_CC_1,ok,8,7,0.999889153688411,127776,127776,1.0,1.0
Mass-Test_P_00601_LEFT_MLO_2,ok,13,11,0.9996891177702986,112752,111780,1.008695652173913,0.9913793103448276
Mass-Test_P_00615_RIGHT_CC_1,ok,17,16,0.9997826975062366,187627,186813,1.0043572984749456,0.9956616052060737
Mass-Test_P_00615_RIGHT_MLO_1,ok,6,5,0.9998415349171715,121660,121344,1.0026041666666667,0.9974025974025974
Mass-Test_P_00601_LEFT_CC_1,ok,16,15,0.9996049772861939,64447,64447,1.0,1.0
Mass-Test_P_00629_RIGHT_MLO_1,ok,12,11,0.9996898513983656,122304,122304,1.0,1.0
Mass-Test_P_00623_LEFT_MLO_1,ok,19,18,0.9996410517184648,98638,98638,1.0,1.0
Mass-Test_P_00652_LEFT_CC_1,ok,15,14,0.9997591496937013,142043,142043,1.0,1.0
Mass-Test_P_00629_RIGHT_CC_1,ok,4,3,0.9999615794680677,158912,158912,1.0,1.0
Mass-Test_P_00636_RIGHT_CC_1,ok,3,2,0.9999364498334986,110448,110448,1.0,1.0
Mass-Test_P_00641_RIGHT_MLO_1,ok,24,22,0.9994372594535388,152431,151944,1.0032051282051282,0.9968051118210862
Mass-Test_P_00636_RIGHT_MLO_1,ok,16,15,0.999566205947466,117343,117343,1.0,1.0
Mass-Test_P_00639_LEFT_MLO_1,ok,17,16,0.9998958687040181,393336,393336,1.0,1.0
Mass-Test_P_00641_RIGHT_CC_1,ok,9,8,0.9997246895512439,117315,117315,1.0,1.0
Mass-Test_P_00707_RIGHT_CC_1,ok,7,6,0.9997443389335281,41615,41615,1.0,1.0
Mass-Test_P_00699_RIGHT_CC_1,ok,8,7,0.9995746038498352,58410,58410,1.0,1.0
Mass-Test_P_00662_LEFT_MLO_1,ok,34,33,0.9997432521755281,270480,270480,1.0,1.0
Mass-Test_P_00662_LEFT_CC_1,ok,18,17,0.9997743453193578,131781,131781,1.0,1.0
Mass-Test_P_00699_RIGHT_MLO_1,ok,1,0,1.0,17136,17136,1.0,1.0
Mass-Test_P_00671_LEFT_MLO_1,ok,13,11,0.9992303861650595,65520,65520,1.0,1.0
Mass-Test_P_00671_LEFT_CC_1,ok,11,10,0.9997111635295817,67077,66816,1.00390625,0.9961089494163424
Mass-Test_P_00656_RIGHT_MLO_1,ok,10,9,0.9998066761180564,128060,128060,1.0,1.0
Mass-Test_P_00677_RIGHT_MLO_1,ok,23,22,0.9995018325445681,94380,94380,1.0,1.0
Mass-Test_P_00718_RIGHT_MLO_1,ok,9,8,0.9997806408212808,104650,104650,1.0,1.0
Mass-Test_P_00677_RIGHT_CC_1,ok,7,6,0.9998294606693668,75044,75044,1.0,1.0
Mass-Test_P_00738_RIGHT_MLO_1,ok,6,5,0.9997228573408162,38964,38964,1.0,1.0
Mass-Test_P_00738_RIGHT_CC_1,ok,9,8,0.9997221836366162,57885,57885,1.0,1.0
Mass-Test_P_00741_LEFT_MLO_1,ok,13,12,0.9998378090317199,120384,120384,1.0,1.0
Mass-Test_P_00741_LEFT_CC_1,ok,16,15,0.9997432572947021,111067,110561,1.0045766590389016,0.9954441913439636
Mass-Test_P_00707_RIGHT_MLO_1,ok,6,5,0.9998948851094246,67680,67680,1.0,1.0
Mass-Test_P_00758_LEFT_MLO_1,ok,9,8,0.9999343708212671,188235,187790,1.0023696682464456,0.9976359338061466
Mass-Test_P_00758_LEFT_CC_1,ok,13,12,0.9999062684759255,221752,220904,1.0038387715930903,0.9961759082217974
Mass-Test_P_00766_LEFT_CC_1,ok,28,27,0.9996254929174102,150450,150450,1.0,1.0
Mass-Test_P_00773_LEFT_CC_1,ok,7,5,0.9995350864448641,58123,58123,1.0,1.0
Mass-Test_P_00820_LEFT_MLO_1,ok,9,8,0.9997428497957085,54516,54516,1.0,1.0
Mass-Test_P_00820_LEFT_CC_1,ok,3,2,0.9994884038199181,17880,17880,1.0,1.0
Mass-Test_P_00766_LEFT_MLO_1,ok,18,17,0.999535747446611,112535,112535,1.0,1.0
Mass-Test_P_00820_RIGHT_CC_1,ok,3,2,0.9999074609600925,61254,61254,1.0,1.0
Mass-Test_P_00820_RIGHT_MLO_1,ok,7,6,0.9998592370648917,71374,71374,1.0,1.0
Mass-Test_P_00773_LEFT_MLO_1,ok,4,3,0.999820147928329,71680,71680,1.0,1.0
Mass-Test_P_00837_RIGHT_CC_1,ok,10,9,0.9997475469983338,96726,96397,1.0034129692832765,0.9965986394557823
Mass-Test_P_00813_RIGHT_MLO_1,ok,2,1,0.9999388416610605,27180,27180,1.0,1.0
Mass-Test_P_00788_RIGHT_MLO_1,ok,32,31,0.9996812799796019,191774,191774,1.0,1.0
Mass-Test_P_00882_RIGHT_CC_1,ok,8,7,0.9998919138012565,110124,110124,1.0,1.0
Mass-Test_P_00922_RIGHT_MLO_1,ok,2,1,0.9999959605752141,387252,387252,1.0,1.0
Mass-Test_P_00875_RIGHT_CC_1,ok,4,3,0.9999024897614249,43008,43008,1.0,1.0
Mass-Test_P_00837_RIGHT_MLO_1,ok,10,9,0.9998279298527366,105625,105625,1.0,1.0
Mass-Test_P_00882_RIGHT_MLO_1,ok,21,20,0.9994655363066716,87492,87492,1.0,1.0
Mass-Test_P_00893_LEFT_MLO_1,ok,14,13,0.9997230684021047,148176,148176,1.0,1.0
Mass-Test_P_00875_RIGHT_MLO_1,ok,8,7,0.999771897810219,79110,79110,1.0,1.0
Mass-Test_P_00922_RIGHT_CC_1,ok,7,6,0.9998809110306158,153468,153468,1.0,1.0
Mass-Test_P_00924_RIGHT_CC_1,ok,6,5,0.9996681232369047,26896,26896,1.0,1.0
Mass-Test_P_00893_LEFT_CC_1,ok,31,29,0.999363330130691,157194,157194,1.0,1.0
Mass-Test_P_00928_RIGHT_MLO_1,ok,11,10,0.9997555012224939,90576,90576,1.0,1.0
Mass-Test_P_00947_RIGHT_CC_1,ok,1,0,1.0,114872,114872,1.0,1.0
Mass-Test_P_00942_LEFT_CC_1,ok,21,20,0.999697435768135,124640,124640,1.0,1.0
Mass-Test_P_00951_LEFT_CC_1,ok,25,24,0.999720589904564,177356,176548,1.0045766590389016,0.9954441913439636
Mass-Test_P_00928_RIGHT_CC_1,ok,2,1,0.9999687226323033,96944,96944,1.0,1.0
Mass-Test_P_00928_RIGHT_MLO_2,ok,3,2,0.9999544398378059,76962,76962,1.0,1.0
Mass-Test_P_00951_RIGHT_CC_1,ok,8,7,0.9997777517838343,151710,151710,1.0,1.0
Mass-Test_P_00932_LEFT_MLO_1,ok,18,17,0.9995293068423922,57112,57112,1.0,1.0
Mass-Test_P_00951_RIGHT_MLO_1,ok,21,20,0.9996552736743995,113796,113448,1.0030674846625767,0.9969418960244648
Mass-Test_P_00947_RIGHT_MLO_1,ok,17,16,0.9998181126709328,161552,161552,1.0,1.0
Mass-Test_P_00966_RIGHT_MLO_1,ok,2,1,0.9999770246984492,65424,65424,1.0,1.0
Mass-Test_P_00962_RIGHT_CC_1,ok,9,8,0.9996805315954252,71145,71145,1.0,1.0
Mass-Test_P_00962_RIGHT_MLO_1,ok,11,10,0.9996182750805201,70992,70992,1.0,1.0
Mass-Test_P_00969_LEFT_MLO_1,ok,8,7,0.9996978486826202,48830,48830,1.0,1.0
Mass-Test_P_00969_LEFT_MLO_4,ok,14,13,0.9997021788594641,123970,123970,1.0,1.0
Mass-Test_P_00969_LEFT_CC_1,ok,10,9,0.9996498905908097,53312,53312,1.0,1.0
Mass-Test_P_00969_LEFT_CC_3,ok,19,18,0.9997324742785165,134700,134700,1.0,1.0
Mass-Test_P_00979_LEFT_CC_1,ok,22,20,0.9994330718313312,111547,111547,1.0,1.0
Mass-Test_P_00979_LEFT_MLO_1,ok,17,16,0.99955519783106,78732,78732,1.0,1.0
Mass-Test_P_00985_RIGHT_CC_1,ok,10,9,0.9998228461972829,134406,134406,1.0,1.0
Mass-Test_P_00985_RIGHT_MLO_1,ok,14,13,0.9998693675648372,161172,161172,1.0,1.0
Mass-Test_P_00987_LEFT_CC_1,ok,54,53,0.9997182966336448,391118,391118,1.0,1.0
Mass-Test_P_01014_LEFT_CC_1,ok,5,4,0.9999199743918054,84303,84303,1.0,1.0
Mass-Test_P_01014_LEFT_MLO_1,ok,17,16,0.9997270509561746,81510,81510,1.0,1.0
Mass-Test_P_00987_LEFT_MLO_1,ok,23,22,0.9998475297436117,385284,384702,1.0015128593040847,0.9984894259818731
Mass-Test_P_00986_LEFT_MLO_1,ok,15,14,0.9998513858271617,196020,196020,1.0,1.0
Mass-Test_P_00980_LEFT_CC_1,ok,11,10,0.9994882292732856,35568,35568,1.0,1.0
Mass-Test_P_01044_LEFT_MLO_1,ok,15,14,0.9997597437266418,118944,118944,1.0,1.0
Mass-Test_P_00980_LEFT_MLO_1,ok,10,9,0.9997147385103011,54253,54253,1.0,1.0
Mass-Test_P_01068_RIGHT_MLO_1,ok,13,12,0.9995535913575286,78720,78720,1.0,1.0
Mass-Test_P_01090_LEFT_MLO_4,ok,11,10,0.9994680518180111,51528,50850,1.0133333333333334,0.9868421052631579
Mass-Test_P_01090_LEFT_CC_2,ok,20,19,0.9992967468028026,63020,63020,1.0,1.0
Mass-Test_P_01101_LEFT_CC_1,ok,2,1,0.9999850634802091,94830,94830,1.0,1.0
Mass-Test_P_01090_LEFT_CC_1,ok,11,10,0.9998166315210415,90624,90270,1.003921568627451,0.99609375
Mass-Test_P_01090_LEFT_MLO_1,ok,4,3,0.999799759711654,33672,33672,1.0,1.0
Mass-Test_P_01090_LEFT_CC_3,ok,10,9,0.9996321275291232,63156,63156,1.0,1.0
Mass-Test_P_01090_LEFT_MLO_3,ok,19,18,0.9991943713411032,61250,61250,1.0,1.0
Mass-Test_P_01090_RIGHT_MLO_1,ok,1,0,1.0,27000,27000,1.0,1.0
Mass-Test_P_01090_LEFT_MLO_2,ok,16,15,0.9996926662483513,110595,110595,1.0,1.0
Mass-Test_P_01119_LEFT_CC_1,ok,23,22,0.9997719747895327,167979,167979,1.0,1.0
Mass-Test_P_01140_LEFT_CC_1,ok,16,15,0.9994333207404609,72280,72280,1.0,1.0
Mass-Test_P_01108_RIGHT_MLO_1,ok,18,17,0.9996915314362517,147936,147936,1.0,1.0
Mass-Test_P_01108_RIGHT_CC_1,ok,20,19,0.9998102034618889,186503,186503,1.0,1.0
Mass-Test_P_01140_LEFT_MLO_1,ok,19,18,0.9994095418044402,64206,64206,1.0,1.0
Mass-Test_P_01145_LEFT_MLO_1,ok,12,11,0.9996321404172579,62678,62678,1.0,1.0
Mass-Test_P_01114_RIGHT_MLO_1,ok,15,14,0.999624922778219,74700,74700,1.0,1.0
Mass-Test_P_01119_LEFT_MLO_1,ok,15,14,0.9998011595537601,145542,145542,1.0,1.0
Mass-Test_P_01110_RIGHT_CC_1,ok,21,20,0.9997315346152555,132495,132495,1.0,1.0
Mass-Test_P_01106_LEFT_MLO_1,ok,12,10,0.9993404160090458,65520,65520,1.0,1.0
Mass-Test_P_01183_LEFT_CC_1,ok,13,12,0.9994995934196534,55255,55255,1.0,1.0
Mass-Test_P_01204_RIGHT_CC_1,ok,38,37,0.999757597932722,358317,358317,1.0,1.0
Mass-Test_P_01167_LEFT_MLO_1,ok,9,8,0.9995510086270485,60109,60109,1.0,1.0
Mass-Test_P_01183_LEFT_MLO_1,ok,7,6,0.9998014329919084,94185,94185,1.0,1.0
Mass-Test_P_01192_LEFT_CC_1,ok,18,17,0.9997664668660966,150495,149705,1.0052770448548813,0.994750656167979
Mass-Test_P_01204_RIGHT_MLO_1,ok,32,31,0.9997824886643131,283765,283765,1.0,1.0
Mass-Test_P_01192_LEFT_MLO_1,ok,21,20,0.9994406874459755,95011,94325,1.0072727272727273,0.9927797833935018
Mass-Test_P_01187_LEFT_MLO_1,ok,15,14,0.9994862365475096,66597,66597,1.0,1.0
Mass-Test_P_01210_RIGHT_MLO_1,ok,20,19,0.9997863387361936,324024,324024,1.0,1.0
Mass-Test_P_01277_RIGHT_CC_1,ok,8,7,0.9995077831784901,30380,30380,1.0,1.0
Mass-Test_P_01257_RIGHT_CC_1,ok,10,9,0.9996844736778233,65208,65208,1.0,1.0
Mass-Test_P_01254_RIGHT_CC_1,ok,11,10,0.9994368201084862,54990,54990,1.0,1.0
Mass-Test_P_01213_LEFT_CC_1,ok,13,12,0.9995800414709047,62640,62640,1.0,1.0
Mass-Test_P_01254_RIGHT_MLO_1,ok,6,5,0.9997924090924818,49887,49646,1.0048543689320388,0.9951690821256038
Mass-Test_P_01235_RIGHT_MLO_1,ok,4,3,0.9999195516344426,114304,114304,1.0,1.0
Mass-Test_P_01257_RIGHT_MLO_1,ok,8,7,0.9997633882798328,67678,67678,1.0,1.0
Mass-Test_P_01251_LEFT_MLO_1,ok,12,11,0.999819587628866,104225,104225,1.0,1.0
Mass-Test_P_01213_LEFT_MLO_1,ok,6,5,0.9996487160571891,50976,50740,1.0046511627906978,0.9953703703703703
Mass-Test_P_01316_RIGHT_MLO_1,ok,10,9,0.9989784267772369,30621,30444,1.005813953488372,0.9942196531791907
Mass-Test_P_01277_RIGHT_MLO_1,ok,9,8,0.9993218667159854,32661,32661,1.0,1.0
Mass-Test_P_01251_LEFT_CC_1,ok,12,11,0.9997654493025566,108900,108900,1.0,1.0
Mass-Test_P_01294_RIGHT_CC_1,ok,8,7,0.9999191293699022,119025,119025,1.0,1.0
Mass-Test_P_01307_RIGHT_CC_1,ok,22,21,0.9998058823897756,229830,229830,1.0,1.0
Mass-Test_P_01307_RIGHT_MLO_1,ok,22,21,0.9998788571871609,304415,304415,1.0,1.0
Mass-Test_P_01316_RIGHT_CC_1,ok,9,8,0.9994203570600511,30644,30644,1.0,1.0
Mass-Test_P_01298_LEFT_CC_1,ok,10,9,0.9997013092610723,86178,86178,1.0,1.0
Mass-Test_P_01298_LEFT_MLO_1,ok,6,5,0.9999153587579502,109386,109386,1.0,1.0
Mass-Test_P_01294_RIGHT_MLO_1,ok,16,15,0.9998443868099296,202796,202796,1.0,1.0
Mass-Test_P_01322_RIGHT_CC_1,ok,21,20,0.9996682795145442,145522,145522,1.0,1.0
Mass-Test_P_01331_LEFT_MLO_1,ok,8,7,0.9998083924123395,73953,73953,1.0,1.0
Mass-Test_P_01323_LEFT_CC_1,ok,11,10,0.9997150022799818,83754,83754,1.0,1.0
Mass-Test_P_01347_RIGHT_CC_1,ok,8,7,0.9998777207141111,102845,102845,1.0,1.0
Mass-Test_P_01331_LEFT_CC_1,ok,14,13,0.9993766881362975,56462,56462,1.0,1.0
Mass-Test_P_01322_RIGHT_MLO_1,ok,9,8,0.9998317837044287,103916,103916,1.0,1.0
Mass-Test_P_01333_LEFT_MLO_1,ok,6,5,0.999818593136418,142200,142200,1.0,1.0
Mass-Test_P_01333_LEFT_CC_1,ok,7,6,0.9998630425621576,161379,161379,1.0,1.0
Mass-Test_P_01323_LEFT_MLO_1,ok,11,10,0.9997015222365934,58443,58443,1.0,1.0
Mass-Test_P_01347_RIGHT_MLO_1,ok,4,3,0.9999509851975297,99176,99176,1.0,1.0
Mass-Test_P_01351_LEFT_CC_1,ok,30,29,0.9995295833284331,135388,135388,1.0,1.0
Mass-Test_P_01378_LEFT_CC_1,ok,5,4,0.9999160263677206,68460,68460,1.0,1.0
Mass-Test_P_01378_RIGHT_CC_1,ok,2,1,0.9999771793701506,74930,74930,1.0,1.0
Mass-Test_P_01395_RIGHT_CC_1,ok,20,19,0.9994104700518787,80730,80730,1.0,1.0
Mass-Test_P_01395_RIGHT_MLO_1,ok,8,7,0.9997350135437522,51465,50995,1.0092165898617511,0.9908675799086758
Mass-Test_P_01378_RIGHT_MLO_1,ok,6,5,0.9998702571791027,107961,107961,1.0,1.0
Mass-Test_P_01348_LEFT_MLO_1,ok,13,12,0.9996046589423107,53105,53105,1.0,1.0
Mass-Test_P_01381_RIGHT_CC_1,ok,14,13,0.9996790151429327,78372,78372,1.0,1.0
Mass-Test_P_01381_RIGHT_MLO_1,ok,19,17,0.9996745850959974,213081,213081,1.0,1.0
Mass-Test_P_01365_LEFT_CC_2,ok,40,39,0.9998565592424121,524870,524870,1.0,1.0
Mass-Test_P_01467_RIGHT_CC_2,ok,4,3,0.9999449793672627,104610,104610,1.0,1.0
Mass-Test_P_01512_LEFT_CC_1,ok,12,11,0.9997825771850993,87290,87290,1.0,1.0
Mass-Test_P_01416_RIGHT_CC_1,ok,5,4,0.9998505434782609,107308,107308,1.0,1.0
Mass-Test_P_01502_LEFT_CC_1,ok,18,17,0.9994945308235104,80300,79750,1.006896551724138,0.9931506849315068
Mass-Test_P_01416_RIGHT_MLO_1,ok,24,23,0.999701819860721,150423,150423,1.0,1.0
Mass-Test_P_01510_RIGHT_CC_1,ok,15,14,0.9997511715672044,119716,119716,1.0,1.0
Mass-Test_P_01502_LEFT_MLO_1,ok,14,13,0.9996063468992248,46782,46782,1.0,1.0
Mass-Test_P_01477_LEFT_CC_1,ok,22,21,0.9998195760036085,193997,193997,1.0,1.0
Mass-Test_P_01510_RIGHT_MLO_1,ok,9,8,0.9998243681244112,93240,93240,1.0,1.0
Mass-Test_P_01489_RIGHT_MLO_1,ok,5,4,0.9998215507242066,66963,66963,1.0,1.0
Mass-Test_P_01539_RIGHT_CC_1,ok,5,4,0.9998812210476303,75660,75660,1.0,1.0
Mass-Test_P_01512_LEFT_MLO_1,ok,22,21,0.9995389580451821,136964,136611,1.0025839793281655,0.9974226804123711
Mass-Test_P_01518_LEFT_MLO_1,ok,13,12,0.9993650793650793,56448,56448,1.0,1.0
Mass-Test_P_01518_LEFT_CC_1,ok,6,5,0.9995617558980352,46920,46920,1.0,1.0
Mass-Test_P_01551_LEFT_CC_1,ok,5,4,0.9998791832789659,59808,59808,1.0,1.0
Mass-Test_P_01539_RIGHT_MLO_1,ok,5,4,0.9998910126289117,111072,111072,1.0,1.0
Mass-Test_P_01546_LEFT_CC_1,ok,18,17,0.999623448608266,98638,98638,1.0,1.0
Mass-Test_P_01534_RIGHT_MLO_1,ok,1,0,1.0,67977,67977,1.0,1.0
Mass-Test_P_01534_RIGHT_CC_1,ok,2,1,0.9999780595901532,63800,63800,1.0,1.0
Mass-Test_P_01546_LEFT_MLO_1,ok,10,9,0.9998924001390521,192192,192192,1.0,1.0
Mass-Test_P_01566_RIGHT_CC_1,ok,1,0,1.0,54480,54480,1.0,1.0
Mass-Test_P_01566_RIGHT_MLO_3,ok,14,13,0.9997308882609615,76860,76860,1.0,1.0
Mass-Test_P_01558_RIGHT_CC_1,ok,16,15,0.9997871274730779,114857,114857,1.0,1.0
Mass-Test_P_01566_RIGHT_MLO_2,ok,8,7,0.9996474321306852,44408,44164,1.0055248618784531,0.9945054945054945
Mass-Test_P_01566_RIGHT_MLO_1,ok,11,10,0.999333481448567,51250,51000,1.0049019607843137,0.9951219512195122
Mass-Test_P_01566_RIGHT_CC_2,ok,13,12,0.9995674295013081,68544,68040,1.0074074074074073,0.9926470588235294
Mass-Test_P_01590_LEFT_CC_1,ok,3,2,0.9998144171372518,62244,62244,1.0,1.0
Mass-Test_P_01551_LEFT_MLO_1,ok,34,33,0.9997100420143203,262208,262208,1.0,1.0
Mass-Test_P_01558_RIGHT_MLO_1,ok,16,15,0.9997889897049188,132398,132398,1.0,1.0
Mass-Test_P_01578_LEFT_MLO_1,ok,4,3,0.9999037281282341,59045,59045,1.0,1.0
Mass-Test_P_01595_LEFT_CC_1,ok,5,4,0.9998789878987899,156527,156527,1.0,1.0
Mass-Test_P_01595_LEFT_MLO_1,ok,1,0,1.0,105944,105944,1.0,1.0
Mass-Test_P_01590_LEFT_MLO_1,ok,4,3,0.999766948055311,69960,69960,1.0,1.0
Mass-Test_P_01605_LEFT_CC_2,ok,13,12,0.9993886431474089,50561,50328,1.0046296296296295,0.9953917050691244
Mass-Test_P_01599_LEFT_CC_1,ok,17,15,0.9986586347340438,66677,66677,1.0,1.0
Mass-Test_P_01617_LEFT_CC_1,ok,49,48,0.999814463593634,421950,421950,1.0,1.0
Mass-Test_P_01617_LEFT_MLO_1,ok,29,28,0.9998952077942114,519348,519348,1.0,1.0
Mass-Test_P_01599_LEFT_MLO_1,ok,10,9,0.9995614237569826,75048,75048,1.0,1.0
Mass-Test_P_01614_LEFT_MLO_1,ok,8,7,0.9995847489618724,47945,47945,1.0,1.0
Mass-Test_P_01623_RIGHT_CC_1,ok,21,20,0.9998412869721999,245055,245055,1.0,1.0
Mass-Test_P_01651_RIGHT_CC_1,ok,16,15,0.9997729922714187,137902,137902,1.0,1.0
Mass-Test_P_01661_LEFT_CC_1,ok,11,9,0.9998583688285528,329778,329778,1.0,1.0
Mass-Test_P_01645_RIGHT_CC_1,ok,26,25,0.9995520573366609,85848,85848,1.0,1.0
Mass-Test_P_01640_LEFT_MLO_1,ok,14,13,0.9999253799404698,375736,375736,1.0,1.0
Mass-Test_P_01666_RIGHT_MLO_1,ok,11,10,0.9997918525126376,106212,106212,1.0,1.0
Mass-Test_P_01661_LEFT_MLO_1,ok,14,13,0.99988580847599,334480,334480,1.0,1.0
Mass-Test_P_01651_RIGHT_MLO_1,ok,24,23,0.999678384202232,146692,146692,1.0,1.0
Mass-Test_P_01666_RIGHT_CC_1,ok,13,12,0.9996863869536973,70761,70761,1.0,1.0
Mass-Test_P_01623_RIGHT_MLO_1,ok,25,24,0.9998335552596538,303396,302872,1.0017301038062283,0.998272884283247
Mass-Test_P_01673_RIGHT_CC_1,ok,11,10,0.9996456492370385,73983,73712,1.0036764705882353,0.9963369963369964
Mass-Test_P_01677_RIGHT_MLO_1,ok,9,8,0.9995703331570598,44726,44726,1.0,1.0
Mass-Test_P_01684_LEFT_MLO_1,ok,11,10,0.9998518099395115,112240,112240,1.0,1.0
Mass-Test_P_01684_LEFT_CC_1,ok,11,10,0.9998634727566091,136741,136741,1.0,1.0
Mass-Test_P_01673_RIGHT_MLO_1,ok,7,6,0.999620378103409,43010,43010,1.0,1.0
Mass-Test_P_01697_LEFT_CC_1,ok,9,8,0.9998360171853989,86130,86130,1.0,1.0
Mass-Test_P_01690_LEFT_MLO_1,ok,4,3,0.9999162923072631,49248,49248,1.0,1.0
Mass-Test_P_01690_LEFT_CC_1,ok,4,3,0.9999392232734345,75096,75096,1.0,1.0
Mass-Test_P_01697_LEFT_MLO_1,ok,14,13,0.9997014687736338,76110,76110,1.0,1.0
Mass-Test_P_01716_RIGHT_CC_1,ok,7,6,0.9997295250459808,59400,59400,1.0,1.0
Mass-Test_P_01716_RIGHT_MLO_1,ok,11,10,0.9996121466541945,79674,79403,1.0034129692832765,0.9965986394557823
Mass-Test_P_01719_RIGHT_CC_1,ok,4,3,0.9997976664193701,47082,47082,1.0,1.0
Mass-Test_P_01719_RIGHT_MLO_1,ok,6,5,0.9998828954109639,99072,99072,1.0,1.0
Mass-Test_P_01741_LEFT_MLO_1,ok,14,13,0.999819140140554,105938,105938,1.0,1.0
Mass-Test_P_01765_RIGHT_CC_1,ok,6,5,0.9998492557000188,128952,128952,1.0,1.0
Mass-Test_P_01741_LEFT_CC_1,ok,22,21,0.9996783505817833,195888,195888,1.0,1.0
Mass-Test_P_01726_RIGHT_MLO_1,ok,2,1,0.9999550837687713,95256,95256,1.0,1.0
Mass-Test_P_01765_RIGHT_MLO_1,ok,5,4,0.9998961886400712,96696,96696,1.0,1.0
Mass-Test_P_01726_RIGHT_CC_1,ok,16,15,0.9997365648050579,104100,104100,1.0,1.0
Mass-Test_P_01787_LEFT_CC_1,ok,11,10,0.999483204134367,46620,46620,1.0,1.0
Mass-Test_P_01778_RIGHT_CC_1,ok,18,17,0.9995704183464411,97455,97090,1.0037593984962405,0.9962546816479401
Mass-Test_P_01796_LEFT_CC_1,ok,16,14,0.9995393827729157,95784,95784,1.0,1.0
Mass-Test_P_01787_LEFT_MLO_1,ok,9,8,0.9996870305458188,53328,53328,1.0,1.0
Mass-Test_P_01800_LEFT_MLO_1,ok,9,8,0.999642273098937,58166,58166,1.0,1.0
Mass-Test_P_01796_LEFT_MLO_1,ok,7,5,0.9995594066676458,70000,70000,1.0,1.0
Mass-Test_P_01800_LEFT_CC_1,ok,9,8,0.9998389875537379,91245,91245,1.0,1.0
Mass-Test_P_01807_RIGHT_MLO_1,ok,5,4,0.9999235649315906,82600,82600,1.0,1.0
Mass-Test_P_01795_LEFT_MLO_1,ok,5,4,0.9994820360691247,37248,37248,1.0,1.0
Mass-Test_P_01800_RIGHT_CC_1,ok,7,6,0.9996204133277098,35577,35577,1.0,1.0
Mass-Test_P_01795_LEFT_CC_1,ok,1,0,1.0,32218,32218,1.0,1.0
Mass-Test_P_01797_LEFT_MLO_1,ok,17,16,0.9995933306222041,109998,109998,1.0,1.0
Mass-Test_P_01912_RIGHT_CC_1,ok,10,9,0.9997945557267591,150220,150220,1.0,1.0
Mass-Test_P_01815_RIGHT_CC_1,ok,7,6,0.9998920424489091,135324,135324,1.0,1.0
Mass-Test_P_01797_LEFT_CC_1,ok,14,13,0.9996123081945805,80640,80640,1.0,1.0
Mass-Test_P_01815_RIGHT_MLO_1,ok,7,6,0.9998790846709592,107152,107152,1.0,1.0
Mass-Test_P_01865_LEFT_MLO_1,ok,8,7,0.9995850765879465,51240,51240,1.0,1.0
Mass-Test_P_01912_RIGHT_MLO_1,ok,9,8,0.9998582886942721,111012,111012,1.0,1.0
Mass-Test_P_01825_RIGHT_CC_1,ok,3,2,0.9998901682256677,85768,85768,1.0,1.0
Mass-Test_P_01833_RIGHT_MLO_1,ok,25,23,0.999691670965485,232099,232099,1.0,1.0
Mass-Test_P_01825_RIGHT_MLO_1,ok,4,3,0.9997058066414151,45400,45400,1.0,1.0
